999
dxflib 3.3.4.0
  0
SECTION
  2
HEADER
  9
$ACADVER
  1
AC1015
  9
$HANDSEED
  5
FFFFF
  9
$INSUNITS
 70
2
  9
$LUNITS
 70
2
  9
$MEASUREMENT
 70
0
  9
$LTSCALE
 40
32.80839895
  9
$DIMEXE
 40
1.25
  9
$TEXTSTYLE
  7
Standard
  9
$LIMMIN
 10
0.0
 20
0.0
  9
$SHADEDGE
 70
3
  0
ENDSEC
  0
SECTION
  2
TABLES
  0
TABLE
  2
VPORT
  5
8
100
AcDbSymbolTable
 70
1
  0
VPORT
  5
30
100
AcDbSymbolTableRecord
100
AcDbViewportTableRecord
  2
*Active
 70
0
 10
-30.6300853
 20
-5.1394356
 11
6.69363507
 21
32.27460646
 12
-11.96822511
 22
13.56758543
 13
0.0
 23
0.0
 14
10.0
 24
10.0
 15
1.0
 25
1.0
 16
0.0
 26
0.0
 36
1.0
 17
0.0
 27
0.0
 37
0.0
 40
40.11733606
 41
1.92798354
 42
50.0
 43
0.0
 44
0.0
 50
0.0
 51
0.0
 71
0
 72
100
 73
1
 74
3
 75
1
 76
1
 77
0
 78
0
281
0
 65
1
110
0.0
120
0.0
130
0.0
111
1.0
121
0.0
131
0.0
112
0.0
122
1.0
132
0.0
 79
0
146
0.0
  0
ENDTAB
  0
TABLE
  2
LTYPE
  5
5
100
AcDbSymbolTable
 70
4
  0
LTYPE
  5
14
100
AcDbSymbolTableRecord
100
AcDbLinetypeTableRecord
  2
BYBLOCK
 70
0
  3

 72
65
 73
0
 40
0.0
  0
LTYPE
  5
15
100
AcDbSymbolTableRecord
100
AcDbLinetypeTableRecord
  2
BYLAYER
 70
0
  3

 72
65
 73
0
 40
0.0
  0
LTYPE
  5
16
100
AcDbSymbolTableRecord
100
AcDbLinetypeTableRecord
  2
CONTINUOUS
 70
0
  3
Solid line
 72
65
 73
0
 40
0.0
  0
LTYPE
  5
31
100
AcDbSymbolTableRecord
100
AcDbLinetypeTableRecord
  2
DASHED2
 70
0
  3
Dashed (.5x) _ _ _ _ _ _ _ _ _ _ _ _ _ _ _ _ _
 72
65
 73
2
 40
9.525
 49
6.35
 74
0
 49
-3.175
 74
0
  0
ENDTAB
  0
TABLE
  2
LAYER
  5
2
100
AcDbSymbolTable
 70
14
  0
LAYER
  5
10
100
AcDbSymbolTableRecord
100
AcDbLayerTableRecord
  2
0
 70
0
 62
7
  6
CONTINUOUS
370
100
390
F
  0
LAYER
  5
32
100
AcDbSymbolTableRecord
100
AcDbLayerTableRecord
  2
doors
 70
0
 62
1
  6
CONTINUOUS
370
100
390
F
  0
LAYER
  5
33
100
AcDbSymbolTableRecord
100
AcDbLayerTableRecord
  2
electrical.us
 70
0
 62
252
  6
CONTINUOUS
370
100
390
F
  0
LAYER
  5
34
100
AcDbSymbolTableRecord
100
AcDbLayerTableRecord
  2
furnitures
 70
0
 62
6
  6
CONTINUOUS
370
100
390
F
  0
LAYER
  5
35
100
AcDbSymbolTableRecord
100
AcDbLayerTableRecord
  2
garage
 70
0
 62
2
  6
CONTINUOUS
370
100
390
F
  0
LAYER
  5
36
100
AcDbSymbolTableRecord
100
AcDbLayerTableRecord
  2
hvac
 70
0
 62
131
  6
CONTINUOUS
370
100
390
F
  0
LAYER
  5
37
100
AcDbSymbolTableRecord
100
AcDbLayerTableRecord
  2
kitchencabinets.us
 70
0
 62
23
  6
CONTINUOUS
370
100
390
F
  0
LAYER
  5
38
100
AcDbSymbolTableRecord
100
AcDbLayerTableRecord
  2
plumbing
 70
0
 62
121
  6
CONTINUOUS
370
100
390
F
  0
LAYER
  5
39
100
AcDbSymbolTableRecord
100
AcDbLayerTableRecord
  2
roomitems
 70
0
 62
15
  6
CONTINUOUS
370
100
390
F
  0
LAYER
  5
3A
100
AcDbSymbolTableRecord
100
AcDbLayerTableRecord
  2
structure
 70
0
 62
121
  6
CONTINUOUS
370
100
390
F
  0
LAYER
  5
3B
100
AcDbSymbolTableRecord
100
AcDbLayerTableRecord
  2
texts
 70
0
 62
5
  6
CONTINUOUS
370
100
390
F
  0
LAYER
  5
3C
100
AcDbSymbolTableRecord
100
AcDbLayerTableRecord
  2
wallitems
 70
0
 62
4
  6
CONTINUOUS
370
100
390
F
  0
LAYER
  5
3D
100
AcDbSymbolTableRecord
100
AcDbLayerTableRecord
  2
walls
 70
0
 62
8
  6
CONTINUOUS
370
100
390
F
  0
LAYER
  5
3E
100
AcDbSymbolTableRecord
100
AcDbLayerTableRecord
  2
windows
 70
0
 62
3
  6
CONTINUOUS
370
100
390
F
  0
ENDTAB
  0
TABLE
  2
STYLE
  5
3
100
AcDbSymbolTable
 70
1
  0
STYLE
  5
11
100
AcDbSymbolTableRecord
100
AcDbTextStyleTableRecord
  2
Standard
 70
0
 40
0.0
 41
0.75
 50
0.0
 71
0
 42
2.5
  3
txt
  4
bigfont.shx
  0
ENDTAB
  0
TABLE
  2
VIEW
  5
6
100
AcDbSymbolTable
 70
0
  0
ENDTAB
  0
TABLE
  2
UCS
  5
7
100
AcDbSymbolTable
 70
0
  0
ENDTAB
  0
TABLE
  2
APPID
  5
9
100
AcDbSymbolTable
 70
1
  0
APPID
  5
12
100
AcDbSymbolTableRecord
100
AcDbRegAppTableRecord
  2
ACAD
 70
0
  0
ENDTAB
  0
TABLE
  2
DIMSTYLE
  5
A
100
AcDbSymbolTable
 70
1
100
AcDbDimStyleTable
 71
0
  0
DIMSTYLE
105
27
100
AcDbSymbolTableRecord
100
AcDbDimStyleTableRecord
  2
Standard
 41
1.0
 42
1.0
 43
3.75
 44
1.0
 70
0
 73
0
 74
0
 77
1
 78
8
140
1.0
141
2.5
143
0.03937008
147
1.0
171
3
172
1
271
2
272
2
274
3
278
44
283
0
284
8
340
0
  0
ENDTAB
  0
TABLE
  2
BLOCK_RECORD
  5
1
100
AcDbSymbolTable
 70
1
  0
BLOCK_RECORD
  5
1F
100
AcDbSymbolTableRecord
100
AcDbBlockTableRecord
  2
*Model_Space
340
22
  0
BLOCK_RECORD
  5
1B
100
AcDbSymbolTableRecord
100
AcDbBlockTableRecord
  2
*Paper_Space
340
1E
  0
BLOCK_RECORD
  5
23
100
AcDbSymbolTableRecord
100
AcDbBlockTableRecord
  2
*Paper_Space0
340
26
  0
BLOCK_RECORD
  5
3F
100
AcDbSymbolTableRecord
100
AcDbBlockTableRecord
  2
W-0-0
340
0
  0
BLOCK_RECORD
  5
40
100
AcDbSymbolTableRecord
100
AcDbBlockTableRecord
  2
F-0-0
340
0
  0
BLOCK_RECORD
  5
41
100
AcDbSymbolTableRecord
100
AcDbBlockTableRecord
  2
F-0-1
340
0
  0
BLOCK_RECORD
  5
42
100
AcDbSymbolTableRecord
100
AcDbBlockTableRecord
  2
W-1-1
340
0
  0
BLOCK_RECORD
  5
43
100
AcDbSymbolTableRecord
100
AcDbBlockTableRecord
  2
W-1-0
340
0
  0
BLOCK_RECORD
  5
44
100
AcDbSymbolTableRecord
100
AcDbBlockTableRecord
  2
W-2-0
340
0
  0
BLOCK_RECORD
  5
45
100
AcDbSymbolTableRecord
100
AcDbBlockTableRecord
  2
W-2-1
340
0
  0
BLOCK_RECORD
  5
46
100
AcDbSymbolTableRecord
100
AcDbBlockTableRecord
  2
W-2-2
340
0
  0
BLOCK_RECORD
  5
47
100
AcDbSymbolTableRecord
100
AcDbBlockTableRecord
  2
F-2-0
340
0
  0
BLOCK_RECORD
  5
48
100
AcDbSymbolTableRecord
100
AcDbBlockTableRecord
  2
W-3-0
340
0
  0
BLOCK_RECORD
  5
49
100
AcDbSymbolTableRecord
100
AcDbBlockTableRecord
  2
W-3-1
340
0
  0
ENDTAB
  0
ENDSEC
  0
SECTION
  2
BLOCKS
  0
BLOCK
  5
20
100
AcDbEntity
  8
0
100
AcDbBlockBegin
  2
*Model_Space
 70
0
 10
0.0
 20
0.0
 30
0.0
  3
*Model_Space
  1

  0
ENDBLK
  5
21
100
AcDbEntity
  8
0
100
AcDbBlockEnd
  0
BLOCK
  5
1C
100
AcDbEntity
 67
1
  8
0
100
AcDbBlockBegin
  2
*Paper_Space
 70
0
 10
0.0
 20
0.0
 30
0.0
  3
*Paper_Space
  1

  0
ENDBLK
  5
1D
100
AcDbEntity
 67
1
  8
0
100
AcDbBlockEnd
  0
BLOCK
  5
24
100
AcDbEntity
  8
0
100
AcDbBlockBegin
  2
*Paper_Space0
 70
0
 10
0.0
 20
0.0
 30
0.0
  3
*Paper_Space0
  1

  0
ENDBLK
  5
25
100
AcDbEntity
  8
0
100
AcDbBlockEnd
  0
BLOCK
  5
4A
100
AcDbEntity
  8
0
100
AcDbBlockBegin
  2
W-0-0
 70
0
 10
0.0
 20
0.0
 30
0.0
  3
W-0-0
  1

  0
LWPOLYLINE
  5
4B
  8
0
 62
0
370
-1
  6
BYLAYER
100
AcDbEntity
100
AcDbPolyline
 90
2
 70
0
 43
0.03
 10
-1312.33598757
 20
-2559.05517821
 30
0.0
 10
-1312.33598757
 20
-2559.05517821
 30
0.0
  0
LWPOLYLINE
  5
4C
  8
0
 62
0
370
-1
  6
BYLAYER
100
AcDbEntity
100
AcDbPolyline
 90
2
 70
0
 43
0.03
 10
-1312.33598757
 20
-2559.05517821
 30
0.0
 10
-1312.33598757
 20
-2537.18290923
 30
0.0
  0
LWPOLYLINE
  5
4D
  8
0
 62
0
370
-1
  6
BYLAYER
100
AcDbEntity
100
AcDbPolyline
 90
2
 70
0
 43
0.03
 10
-1312.33598757
 20
-2537.18290923
 30
0.0
 10
-1312.33598757
 20
-2515.3106416
 30
0.0
  0
LWPOLYLINE
  5
4E
  8
0
 62
0
370
-1
  6
BYLAYER
100
AcDbEntity
100
AcDbPolyline
 90
2
 70
0
 43
0.03
 10
-1312.33598757
 20
-2515.3106416
 30
0.0
 10
-1312.33598757
 20
-2493.43837517
 30
0.0
  0
LWPOLYLINE
  5
4F
  8
0
 62
0
370
-1
  6
BYLAYER
100
AcDbEntity
100
AcDbPolyline
 90
2
 70
0
 43
0.03
 10
-1312.33598757
 20
-2493.43837517
 30
0.0
 10
-1312.33598757
 20
-2471.56610975
 30
0.0
  0
LWPOLYLINE
  5
50
  8
0
 62
0
370
-1
  6
BYLAYER
100
AcDbEntity
100
AcDbPolyline
 90
2
 70
0
 43
0.03
 10
-1312.33598757
 20
-2471.56610975
 30
0.0
 10
-1312.33598757
 20
-2449.69384518
 30
0.0
  0
LWPOLYLINE
  5
51
  8
0
 62
0
370
-1
  6
BYLAYER
100
AcDbEntity
100
AcDbPolyline
 90
2
 70
0
 43
0.03
 10
-1312.33598757
 20
-2449.69384518
 30
0.0
 10
-1312.33598757
 20
-2427.82158129
 30
0.0
  0
LWPOLYLINE
  5
52
  8
0
 62
0
370
-1
  6
BYLAYER
100
AcDbEntity
100
AcDbPolyline
 90
2
 70
0
 43
0.03
 10
-1312.33598757
 20
-2427.82158129
 30
0.0
 10
-1312.33598757
 20
-2405.94931791
 30
0.0
  0
LWPOLYLINE
  5
53
  8
0
 62
0
370
-1
  6
BYLAYER
100
AcDbEntity
100
AcDbPolyline
 90
2
 70
0
 43
0.03
 10
-1312.33598757
 20
-2405.94931791
 30
0.0
 10
-1312.33598757
 20
-2384.07705486
 30
0.0
  0
LWPOLYLINE
  5
54
  8
0
 62
0
370
-1
  6
BYLAYER
100
AcDbEntity
100
AcDbPolyline
 90
2
 70
0
 43
0.03
 10
-1312.33598757
 20
-2384.07705486
 30
0.0
 10
-1312.33598757
 20
-2362.20479199
 30
0.0
  0
LWPOLYLINE
  5
55
  8
0
 62
0
370
-1
  6
BYLAYER
100
AcDbEntity
100
AcDbPolyline
 90
2
 70
0
 43
0.03
 10
-1312.33598757
 20
-2362.20479199
 30
0.0
 10
-1312.33598757
 20
-2340.33252912
 30
0.0
  0
LWPOLYLINE
  5
56
  8
0
 62
0
370
-1
  6
BYLAYER
100
AcDbEntity
100
AcDbPolyline
 90
2
 70
0
 43
0.03
 10
-1312.33598757
 20
-2340.33252912
 30
0.0
 10
-1312.33598757
 20
-2318.46026608
 30
0.0
  0
LWPOLYLINE
  5
57
  8
0
 62
0
370
-1
  6
BYLAYER
100
AcDbEntity
100
AcDbPolyline
 90
2
 70
0
 43
0.03
 10
-1312.33598757
 20
-2318.46026608
 30
0.0
 10
-1312.33598757
 20
-2296.5880027
 30
0.0
  0
LWPOLYLINE
  5
58
  8
0
 62
0
370
-1
  6
BYLAYER
100
AcDbEntity
100
AcDbPolyline
 90
2
 70
0
 43
0.03
 10
-1312.33598757
 20
-328.08407023
 30
0.0
 10
-1312.33598757
 20
-328.08407023
 30
0.0
  0
LWPOLYLINE
  5
59
  8
0
 62
0
370
-1
  6
BYLAYER
100
AcDbEntity
100
AcDbPolyline
 90
2
 70
0
 43
0.03
 10
-1312.33598757
 20
-328.08407023
 30
0.0
 10
-1312.33598757
 20
-306.2118211
 30
0.0
  0
LWPOLYLINE
  5
5A
  8
0
 62
0
370
-1
  6
BYLAYER
100
AcDbEntity
100
AcDbPolyline
 90
2
 70
0
 43
0.03
 10
-1312.33598757
 20
-306.2118211
 30
0.0
 10
-1312.33598757
 20
-284.33956519
 30
0.0
  0
LWPOLYLINE
  5
5B
  8
0
 62
0
370
-1
  6
BYLAYER
100
AcDbEntity
100
AcDbPolyline
 90
2
 70
0
 43
0.03
 10
-1312.33598757
 20
-284.33956519
 30
0.0
 10
-1312.33598757
 20
-262.46730385
 30
0.0
  0
LWPOLYLINE
  5
5C
  8
0
 62
0
370
-1
  6
BYLAYER
100
AcDbEntity
100
AcDbPolyline
 90
2
 70
0
 43
0.03
 10
-1312.33598757
 20
-262.46730385
 30
0.0
 10
-1312.33598757
 20
-240.59503843
 30
0.0
  0
LWPOLYLINE
  5
5D
  8
0
 62
0
370
-1
  6
BYLAYER
100
AcDbEntity
100
AcDbPolyline
 90
2
 70
0
 43
0.03
 10
-1312.33598757
 20
-240.59503843
 30
0.0
 10
-1312.33598757
 20
-218.72277029
 30
0.0
  0
LWPOLYLINE
  5
5E
  8
0
 62
0
370
-1
  6
BYLAYER
100
AcDbEntity
100
AcDbPolyline
 90
2
 70
0
 43
0.03
 10
-1312.33598757
 20
-218.72277029
 30
0.0
 10
-1312.33598757
 20
-196.8505008
 30
0.0
  0
LWPOLYLINE
  5
5F
  8
0
 62
0
370
-1
  6
BYLAYER
100
AcDbEntity
100
AcDbPolyline
 90
2
 70
0
 43
0.03
 10
-1312.33598757
 20
-196.8505008
 30
0.0
 10
-1312.33598757
 20
-174.97823131
 30
0.0
  0
LWPOLYLINE
  5
60
  8
0
 62
0
370
-1
  6
BYLAYER
100
AcDbEntity
100
AcDbPolyline
 90
2
 70
0
 43
0.03
 10
-1312.33598757
 20
-174.97823131
 30
0.0
 10
-1312.33598757
 20
-153.10596317
 30
0.0
  0
LWPOLYLINE
  5
61
  8
0
 62
0
370
-1
  6
BYLAYER
100
AcDbEntity
100
AcDbPolyline
 90
2
 70
0
 43
0.03
 10
-1312.33598757
 20
-153.10596317
 30
0.0
 10
-1312.33598757
 20
-131.23369776
 30
0.0
  0
LWPOLYLINE
  5
62
  8
0
 62
0
370
-1
  6
BYLAYER
100
AcDbEntity
100
AcDbPolyline
 90
2
 70
0
 43
0.03
 10
-1312.33598757
 20
-131.23369776
 30
0.0
 10
-1312.33598757
 20
-109.36143641
 30
0.0
  0
LWPOLYLINE
  5
63
  8
0
 62
0
370
-1
  6
BYLAYER
100
AcDbEntity
100
AcDbPolyline
 90
2
 70
0
 43
0.03
 10
-1312.33598757
 20
-109.36143641
 30
0.0
 10
-1312.33598757
 20
-87.4891805
 30
0.0
  0
LWPOLYLINE
  5
64
  8
0
 62
0
370
-1
  6
BYLAYER
100
AcDbEntity
100
AcDbPolyline
 90
2
 70
0
 43
0.03
 10
-1312.33598757
 20
-87.4891805
 30
0.0
 10
-1312.33598757
 20
-65.61693138
 30
0.0
  0
LWPOLYLINE
  5
65
  8
0
 62
0
370
-1
  6
BYLAYER
100
AcDbEntity
100
AcDbPolyline
 90
2
 70
0
 43
0.01
 10
1312.33579202
 20
-0.00019555
 30
0.0
 10
1312.33579202
 20
-0.00019555
 30
0.0
  0
LWPOLYLINE
  5
66
  8
0
 62
0
370
-1
  6
BYLAYER
100
AcDbEntity
100
AcDbPolyline
 90
2
 70
0
 43
0.01
 10
1312.33579202
 20
-0.00019555
 30
0.0
 10
1288.38642324
 20
-356.27128862
 30
0.0
  0
LWPOLYLINE
  5
67
  8
0
 62
0
370
-1
  6
BYLAYER
100
AcDbEntity
100
AcDbPolyline
 90
2
 70
0
 43
0.01
 10
1288.38642324
 20
-356.27128862
 30
0.0
 10
1218.61921924
 20
-697.93808861
 30
0.0
  0
LWPOLYLINE
  5
68
  8
0
 62
0
370
-1
  6
BYLAYER
100
AcDbEntity
100
AcDbPolyline
 90
2
 70
0
 43
0.01
 10
1218.61921924
 20
-697.93808861
 30
0.0
 10
1106.15553351
 20
-1021.87924102
 30
0.0
  0
LWPOLYLINE
  5
69
  8
0
 62
0
370
-1
  6
BYLAYER
100
AcDbEntity
100
AcDbPolyline
 90
2
 70
0
 43
0.01
 10
1106.15553351
 20
-1021.87924102
 30
0.0
 10
954.11671956
 20
-1324.97339131
 30
0.0
  0
LWPOLYLINE
  5
6A
  8
0
 62
0
370
-1
  6
BYLAYER
100
AcDbEntity
100
AcDbPolyline
 90
2
 70
0
 43
0.01
 10
954.11671956
 20
-1324.97339131
 30
0.0
 10
765.6241309
 20
-1604.09918497
 30
0.0
  0
LWPOLYLINE
  5
6B
  8
0
 62
0
370
-1
  6
BYLAYER
100
AcDbEntity
100
AcDbPolyline
 90
2
 70
0
 43
0.01
 10
765.6241309
 20
-1604.09918497
 30
0.0
 10
543.79912102
 20
-1856.13526748
 30
0.0
  0
LWPOLYLINE
  5
6C
  8
0
 62
0
370
-1
  6
BYLAYER
100
AcDbEntity
100
AcDbPolyline
 90
2
 70
0
 43
0.01
 10
543.79912102
 20
-1856.13526748
 30
0.0
 10
291.76304344
 20
-2077.96028432
 30
0.0
  0
LWPOLYLINE
  5
6D
  8
0
 62
0
370
-1
  6
BYLAYER
100
AcDbEntity
100
AcDbPolyline
 90
2
 70
0
 43
0.01
 10
291.76304344
 20
-2077.96028432
 30
0.0
 10
12.63725164
 20
-2266.45288096
 30
0.0
  0
LWPOLYLINE
  5
6E
  8
0
 62
0
370
-1
  6
BYLAYER
100
AcDbEntity
100
AcDbPolyline
 90
2
 70
0
 43
0.01
 10
12.63725164
 20
-2266.45288096
 30
0.0
 10
-290.45690086
 20
-2418.49170288
 30
0.0
  0
LWPOLYLINE
  5
6F
  8
0
 62
0
370
-1
  6
BYLAYER
100
AcDbEntity
100
AcDbPolyline
 90
2
 70
0
 43
0.01
 10
-290.45690086
 20
-2418.49170288
 30
0.0
 10
-614.39806057
 20
-2530.95539557
 30
0.0
  0
LWPOLYLINE
  5
70
  8
0
 62
0
370
-1
  6
BYLAYER
100
AcDbEntity
100
AcDbPolyline
 90
2
 70
0
 43
0.01
 10
-614.39806057
 20
-2530.95539557
 30
0.0
 10
-956.06487397
 20
-2600.7226045
 30
0.0
  0
LWPOLYLINE
  5
71
  8
0
 62
0
370
-1
  6
BYLAYER
100
AcDbEntity
100
AcDbPolyline
 90
2
 70
0
 43
0.01
 10
-956.06487397
 20
-2600.7226045
 30
0.0
 10
-1312.33598757
 20
-2624.67197515
 30
0.0
  0
LWPOLYLINE
  5
72
  8
0
 62
0
370
-1
  6
BYLAYER
100
AcDbEntity
100
AcDbPolyline
 90
2
 70
0
 43
0.01
 10
-1312.33598757
 20
-2624.67197515
 30
0.0
 10
-1312.33598757
 20
-2405.94932311
 30
0.0
  0
LWPOLYLINE
  5
73
  8
0
 62
0
370
-1
  6
BYLAYER
100
AcDbEntity
100
AcDbPolyline
 90
2
 70
0
 43
0.01
 10
-1312.33598757
 20
-2405.94932311
 30
0.0
 10
-1312.33598757
 20
-2187.22666497
 30
0.0
  0
LWPOLYLINE
  5
74
  8
0
 62
0
370
-1
  6
BYLAYER
100
AcDbEntity
100
AcDbPolyline
 90
2
 70
0
 43
0.01
 10
-1312.33598757
 20
-2187.22666497
 30
0.0
 10
-1312.33598757
 20
-1968.50400275
 30
0.0
  0
LWPOLYLINE
  5
75
  8
0
 62
0
370
-1
  6
BYLAYER
100
AcDbEntity
100
AcDbPolyline
 90
2
 70
0
 43
0.01
 10
-1312.33598757
 20
-1968.50400275
 30
0.0
 10
-1312.33598757
 20
-1749.78133849
 30
0.0
  0
LWPOLYLINE
  5
76
  8
0
 62
0
370
-1
  6
BYLAYER
100
AcDbEntity
100
AcDbPolyline
 90
2
 70
0
 43
0.01
 10
-1312.33598757
 20
-1749.78133849
 30
0.0
 10
-1312.33598757
 20
-1531.05867424
 30
0.0
  0
LWPOLYLINE
  5
77
  8
0
 62
0
370
-1
  6
BYLAYER
100
AcDbEntity
100
AcDbPolyline
 90
2
 70
0
 43
0.01
 10
-1312.33598757
 20
-1531.05867424
 30
0.0
 10
-1312.33598757
 20
-1312.33601202
 30
0.0
  0
LWPOLYLINE
  5
78
  8
0
 62
0
370
-1
  6
BYLAYER
100
AcDbEntity
100
AcDbPolyline
 90
2
 70
0
 43
0.01
 10
-1312.33598757
 20
-1312.33601202
 30
0.0
 10
-1312.33598757
 20
-1093.61335387
 30
0.0
  0
LWPOLYLINE
  5
79
  8
0
 62
0
370
-1
  6
BYLAYER
100
AcDbEntity
100
AcDbPolyline
 90
2
 70
0
 43
0.01
 10
-1312.33598757
 20
-1093.61335387
 30
0.0
 10
-1312.33598757
 20
-874.89070184
 30
0.0
  0
LWPOLYLINE
  5
7A
  8
0
 62
0
370
-1
  6
BYLAYER
100
AcDbEntity
100
AcDbPolyline
 90
2
 70
0
 43
0.01
 10
-1312.33598757
 20
-874.89070184
 30
0.0
 10
-1312.33598757
 20
-656.16805795
 30
0.0
  0
LWPOLYLINE
  5
7B
  8
0
 62
0
370
-1
  6
BYLAYER
100
AcDbEntity
100
AcDbPolyline
 90
2
 70
0
 43
0.01
 10
-1312.33598757
 20
-656.16805795
 30
0.0
 10
-1312.33598757
 20
-437.44542425
 30
0.0
  0
LWPOLYLINE
  5
7C
  8
0
 62
0
370
-1
  6
BYLAYER
100
AcDbEntity
100
AcDbPolyline
 90
2
 70
0
 43
0.01
 10
-1312.33598757
 20
-437.44542425
 30
0.0
 10
-1312.33598757
 20
-218.72280277
 30
0.0
  0
LWPOLYLINE
  5
7D
  8
0
 62
0
370
-1
  6
BYLAYER
100
AcDbEntity
100
AcDbPolyline
 90
2
 70
0
 43
0.01
 10
-1312.33598757
 20
-218.72280277
 30
0.0
 10
-1312.33598757
 20
-0.00019555
 30
0.0
  0
ENDBLK
  5
7E
100
AcDbEntity
  8
0
100
AcDbBlockEnd
  0
BLOCK
  5
7F
100
AcDbEntity
  8
0
100
AcDbBlockBegin
  2
F-0-0
 70
0
 10
0.0
 20
0.0
 30
0.0
  3
F-0-0
  1

  0
LWPOLYLINE
  5
80
  8
0
 62
0
370
-1
  6
BYLAYER
100
AcDbEntity
100
AcDbPolyline
 90
2
 70
0
 43
0.01
 10
-7354.4024643
 20
1572.77780078
 30
0.0
 10
-7354.4024643
 20
1572.77780078
 30
0.0
  0
LWPOLYLINE
  5
81
  8
0
 62
0
370
-1
  6
BYLAYER
100
AcDbEntity
100
AcDbPolyline
 90
2
 70
0
 43
0.01
 10
-7354.4024643
 20
1572.77780078
 30
0.0
 10
-7282.98967663
 20
1572.77780078
 30
0.0
  0
LWPOLYLINE
  5
82
  8
0
 62
0
370
-1
  6
BYLAYER
100
AcDbEntity
100
AcDbPolyline
 90
2
 70
0
 43
0.01
 10
-7282.98967663
 20
1572.77780078
 30
0.0
 10
-7211.57689136
 20
1572.77780078
 30
0.0
  0
LWPOLYLINE
  5
83
  8
0
 62
0
370
-1
  6
BYLAYER
100
AcDbEntity
100
AcDbPolyline
 90
2
 70
0
 43
0.01
 10
-7211.57689136
 20
1572.77780078
 30
0.0
 10
-7140.16410782
 20
1572.77780078
 30
0.0
  0
LWPOLYLINE
  5
84
  8
0
 62
0
370
-1
  6
BYLAYER
100
AcDbEntity
100
AcDbPolyline
 90
2
 70
0
 43
0.01
 10
-7140.16410782
 20
1572.77780078
 30
0.0
 10
-7068.75132532
 20
1572.77780078
 30
0.0
  0
LWPOLYLINE
  5
85
  8
0
 62
0
370
-1
  6
BYLAYER
100
AcDbEntity
100
AcDbPolyline
 90
2
 70
0
 43
0.01
 10
-7068.75132532
 20
1572.77780078
 30
0.0
 10
-6997.33854318
 20
1572.77780078
 30
0.0
  0
LWPOLYLINE
  5
86
  8
0
 62
0
370
-1
  6
BYLAYER
100
AcDbEntity
100
AcDbPolyline
 90
2
 70
0
 43
0.01
 10
-6997.33854318
 20
1572.77780078
 30
0.0
 10
-6925.92576072
 20
1572.77780078
 30
0.0
  0
LWPOLYLINE
  5
87
  8
0
 62
0
370
-1
  6
BYLAYER
100
AcDbEntity
100
AcDbPolyline
 90
2
 70
0
 43
0.01
 10
-6925.92576072
 20
1572.77780078
 30
0.0
 10
-6854.51297725
 20
1572.77780078
 30
0.0
  0
LWPOLYLINE
  5
88
  8
0
 62
0
370
-1
  6
BYLAYER
100
AcDbEntity
100
AcDbPolyline
 90
2
 70
0
 43
0.01
 10
-6854.51297725
 20
1572.77780078
 30
0.0
 10
-6783.10019211
 20
1572.77780078
 30
0.0
  0
LWPOLYLINE
  5
89
  8
0
 62
0
370
-1
  6
BYLAYER
100
AcDbEntity
100
AcDbPolyline
 90
2
 70
0
 43
0.01
 10
-6783.10019211
 20
1572.77780078
 30
0.0
 10
-6711.68740459
 20
1572.77780078
 30
0.0
  0
LWPOLYLINE
  5
8A
  8
0
 62
0
370
-1
  6
BYLAYER
100
AcDbEntity
100
AcDbPolyline
 90
2
 70
0
 43
0.01
 10
-6711.68740459
 20
1572.77780078
 30
0.0
 10
-6640.27461403
 20
1572.77780078
 30
0.0
  0
LWPOLYLINE
  5
8B
  8
0
 62
0
370
-1
  6
BYLAYER
100
AcDbEntity
100
AcDbPolyline
 90
2
 70
0
 43
0.01
 10
-6640.27461403
 20
1572.77780078
 30
0.0
 10
-6568.86181974
 20
1572.77780078
 30
0.0
  0
LWPOLYLINE
  5
8C
  8
0
 62
0
370
-1
  6
BYLAYER
100
AcDbEntity
100
AcDbPolyline
 90
2
 70
0
 43
0.01
 10
-6568.86181974
 20
1572.77780078
 30
0.0
 10
-6497.44902104
 20
1572.77780078
 30
0.0
  0
LWPOLYLINE
  5
8D
  8
0
 62
0
370
-1
  6
BYLAYER
100
AcDbEntity
100
AcDbPolyline
 90
2
 70
0
 43
0.01
 10
-6497.44902104
 20
1572.77780078
 30
0.0
 10
-6497.44902104
 20
1310.64815786
 30
0.0
  0
LWPOLYLINE
  5
8E
  8
0
 62
0
370
-1
  6
BYLAYER
100
AcDbEntity
100
AcDbPolyline
 90
2
 70
0
 43
0.01
 10
-6497.44902104
 20
1310.64815786
 30
0.0
 10
-6497.44902104
 20
1048.51851535
 30
0.0
  0
LWPOLYLINE
  5
8F
  8
0
 62
0
370
-1
  6
BYLAYER
100
AcDbEntity
100
AcDbPolyline
 90
2
 70
0
 43
0.01
 10
-6497.44902104
 20
1048.51851535
 30
0.0
 10
-6497.44902104
 20
786.38887286
 30
0.0
  0
LWPOLYLINE
  5
90
  8
0
 62
0
370
-1
  6
BYLAYER
100
AcDbEntity
100
AcDbPolyline
 90
2
 70
0
 43
0.01
 10
-6497.44902104
 20
786.38887286
 30
0.0
 10
-6497.44902104
 20
524.25922998
 30
0.0
  0
LWPOLYLINE
  5
91
  8
0
 62
0
370
-1
  6
BYLAYER
100
AcDbEntity
100
AcDbPolyline
 90
2
 70
0
 43
0.01
 10
-6497.44902104
 20
524.25922998
 30
0.0
 10
-6497.44902104
 20
262.12958628
 30
0.0
  0
LWPOLYLINE
  5
92
  8
0
 62
0
370
-1
  6
BYLAYER
100
AcDbEntity
100
AcDbPolyline
 90
2
 70
0
 43
0.01
 10
-6497.44902104
 20
262.12958628
 30
0.0
 10
-6497.44902104
 20
-0.00005863
 30
0.0
  0
LWPOLYLINE
  5
93
  8
0
 62
0
370
-1
  6
BYLAYER
100
AcDbEntity
100
AcDbPolyline
 90
2
 70
0
 43
0.01
 10
-6497.44902104
 20
-0.00005863
 30
0.0
 10
-6497.44902104
 20
-262.12970516
 30
0.0
  0
LWPOLYLINE
  5
94
  8
0
 62
0
370
-1
  6
BYLAYER
100
AcDbEntity
100
AcDbPolyline
 90
2
 70
0
 43
0.01
 10
-6497.44902104
 20
-262.12970516
 30
0.0
 10
-6497.44902104
 20
-524.25935372
 30
0.0
  0
LWPOLYLINE
  5
95
  8
0
 62
0
370
-1
  6
BYLAYER
100
AcDbEntity
100
AcDbPolyline
 90
2
 70
0
 43
0.01
 10
-6497.44902104
 20
-524.25935372
 30
0.0
 10
-6497.44902104
 20
-786.38900473
 30
0.0
  0
LWPOLYLINE
  5
96
  8
0
 62
0
370
-1
  6
BYLAYER
100
AcDbEntity
100
AcDbPolyline
 90
2
 70
0
 43
0.01
 10
-6497.44902104
 20
-786.38900473
 30
0.0
 10
-6497.44902104
 20
-1048.51865858
 30
0.0
  0
LWPOLYLINE
  5
97
  8
0
 62
0
370
-1
  6
BYLAYER
100
AcDbEntity
100
AcDbPolyline
 90
2
 70
0
 43
0.01
 10
-6497.44902104
 20
-1048.51865858
 30
0.0
 10
-6497.44902104
 20
-1310.64831569
 30
0.0
  0
LWPOLYLINE
  5
98
  8
0
 62
0
370
-1
  6
BYLAYER
100
AcDbEntity
100
AcDbPolyline
 90
2
 70
0
 43
0.01
 10
-6497.44902104
 20
-1310.64831569
 30
0.0
 10
-6497.44902104
 20
-1572.77797647
 30
0.0
  0
LWPOLYLINE
  5
99
  8
0
 62
0
370
-1
  6
BYLAYER
100
AcDbEntity
100
AcDbPolyline
 90
2
 70
0
 43
0.01
 10
-6497.44902104
 20
-1572.77797647
 30
0.0
 10
-6568.86181974
 20
-1572.77797647
 30
0.0
  0
LWPOLYLINE
  5
9A
  8
0
 62
0
370
-1
  6
BYLAYER
100
AcDbEntity
100
AcDbPolyline
 90
2
 70
0
 43
0.01
 10
-6568.86181974
 20
-1572.77797647
 30
0.0
 10
-6640.27461403
 20
-1572.77797647
 30
0.0
  0
LWPOLYLINE
  5
9B
  8
0
 62
0
370
-1
  6
BYLAYER
100
AcDbEntity
100
AcDbPolyline
 90
2
 70
0
 43
0.01
 10
-6640.27461403
 20
-1572.77797647
 30
0.0
 10
-6711.68740459
 20
-1572.77797647
 30
0.0
  0
LWPOLYLINE
  5
9C
  8
0
 62
0
370
-1
  6
BYLAYER
100
AcDbEntity
100
AcDbPolyline
 90
2
 70
0
 43
0.01
 10
-6711.68740459
 20
-1572.77797647
 30
0.0
 10
-6783.10019211
 20
-1572.77797647
 30
0.0
  0
LWPOLYLINE
  5
9D
  8
0
 62
0
370
-1
  6
BYLAYER
100
AcDbEntity
100
AcDbPolyline
 90
2
 70
0
 43
0.01
 10
-6783.10019211
 20
-1572.77797647
 30
0.0
 10
-6854.51297725
 20
-1572.77797647
 30
0.0
  0
LWPOLYLINE
  5
9E
  8
0
 62
0
370
-1
  6
BYLAYER
100
AcDbEntity
100
AcDbPolyline
 90
2
 70
0
 43
0.01
 10
-6854.51297725
 20
-1572.77797647
 30
0.0
 10
-6925.92576072
 20
-1572.77797647
 30
0.0
  0
LWPOLYLINE
  5
9F
  8
0
 62
0
370
-1
  6
BYLAYER
100
AcDbEntity
100
AcDbPolyline
 90
2
 70
0
 43
0.01
 10
-6925.92576072
 20
-1572.77797647
 30
0.0
 10
-6997.33854318
 20
-1572.77797647
 30
0.0
  0
LWPOLYLINE
  5
A0
  8
0
 62
0
370
-1
  6
BYLAYER
100
AcDbEntity
100
AcDbPolyline
 90
2
 70
0
 43
0.01
 10
-6997.33854318
 20
-1572.77797647
 30
0.0
 10
-7068.75132532
 20
-1572.77797647
 30
0.0
  0
LWPOLYLINE
  5
A1
  8
0
 62
0
370
-1
  6
BYLAYER
100
AcDbEntity
100
AcDbPolyline
 90
2
 70
0
 43
0.01
 10
-7068.75132532
 20
-1572.77797647
 30
0.0
 10
-7140.16410782
 20
-1572.77797647
 30
0.0
  0
LWPOLYLINE
  5
A2
  8
0
 62
0
370
-1
  6
BYLAYER
100
AcDbEntity
100
AcDbPolyline
 90
2
 70
0
 43
0.01
 10
-7140.16410782
 20
-1572.77797647
 30
0.0
 10
-7211.57689136
 20
-1572.77797647
 30
0.0
  0
LWPOLYLINE
  5
A3
  8
0
 62
0
370
-1
  6
BYLAYER
100
AcDbEntity
100
AcDbPolyline
 90
2
 70
0
 43
0.01
 10
-7211.57689136
 20
-1572.77797647
 30
0.0
 10
-7282.98967663
 20
-1572.77797647
 30
0.0
  0
LWPOLYLINE
  5
A4
  8
0
 62
0
370
-1
  6
BYLAYER
100
AcDbEntity
100
AcDbPolyline
 90
2
 70
0
 43
0.01
 10
-7282.98967663
 20
-1572.77797647
 30
0.0
 10
-7354.4024643
 20
-1572.77797647
 30
0.0
  0
LWPOLYLINE
  5
A5
  8
0
 62
0
370
-1
  6
BYLAYER
100
AcDbEntity
100
AcDbPolyline
 90
2
 70
0
 43
0.01
 10
-7354.4024643
 20
-1572.77797647
 30
0.0
 10
-7354.4024643
 20
-1310.64831569
 30
0.0
  0
LWPOLYLINE
  5
A6
  8
0
 62
0
370
-1
  6
BYLAYER
100
AcDbEntity
100
AcDbPolyline
 90
2
 70
0
 43
0.01
 10
-7354.4024643
 20
-1310.64831569
 30
0.0
 10
-7354.4024643
 20
-1048.51865858
 30
0.0
  0
LWPOLYLINE
  5
A7
  8
0
 62
0
370
-1
  6
BYLAYER
100
AcDbEntity
100
AcDbPolyline
 90
2
 70
0
 43
0.01
 10
-7354.4024643
 20
-1048.51865858
 30
0.0
 10
-7354.4024643
 20
-786.38900473
 30
0.0
  0
LWPOLYLINE
  5
A8
  8
0
 62
0
370
-1
  6
BYLAYER
100
AcDbEntity
100
AcDbPolyline
 90
2
 70
0
 43
0.01
 10
-7354.4024643
 20
-786.38900473
 30
0.0
 10
-7354.4024643
 20
-524.25935372
 30
0.0
  0
LWPOLYLINE
  5
A9
  8
0
 62
0
370
-1
  6
BYLAYER
100
AcDbEntity
100
AcDbPolyline
 90
2
 70
0
 43
0.01
 10
-7354.4024643
 20
-524.25935372
 30
0.0
 10
-7354.4024643
 20
-262.12970516
 30
0.0
  0
LWPOLYLINE
  5
AA
  8
0
 62
0
370
-1
  6
BYLAYER
100
AcDbEntity
100
AcDbPolyline
 90
2
 70
0
 43
0.01
 10
-7354.4024643
 20
-262.12970516
 30
0.0
 10
-7354.4024643
 20
-0.00005863
 30
0.0
  0
LWPOLYLINE
  5
AB
  8
0
 62
0
370
-1
  6
BYLAYER
100
AcDbEntity
100
AcDbPolyline
 90
2
 70
0
 43
0.01
 10
-7354.4024643
 20
-0.00005863
 30
0.0
 10
-7354.4024643
 20
262.12958628
 30
0.0
  0
LWPOLYLINE
  5
AC
  8
0
 62
0
370
-1
  6
BYLAYER
100
AcDbEntity
100
AcDbPolyline
 90
2
 70
0
 43
0.01
 10
-7354.4024643
 20
262.12958628
 30
0.0
 10
-7354.4024643
 20
524.25922998
 30
0.0
  0
LWPOLYLINE
  5
AD
  8
0
 62
0
370
-1
  6
BYLAYER
100
AcDbEntity
100
AcDbPolyline
 90
2
 70
0
 43
0.01
 10
-7354.4024643
 20
524.25922998
 30
0.0
 10
-7354.4024643
 20
786.38887286
 30
0.0
  0
LWPOLYLINE
  5
AE
  8
0
 62
0
370
-1
  6
BYLAYER
100
AcDbEntity
100
AcDbPolyline
 90
2
 70
0
 43
0.01
 10
-7354.4024643
 20
786.38887286
 30
0.0
 10
-7354.4024643
 20
1048.51851535
 30
0.0
  0
LWPOLYLINE
  5
AF
  8
0
 62
0
370
-1
  6
BYLAYER
100
AcDbEntity
100
AcDbPolyline
 90
2
 70
0
 43
0.01
 10
-7354.4024643
 20
1048.51851535
 30
0.0
 10
-7354.4024643
 20
1310.64815786
 30
0.0
  0
LWPOLYLINE
  5
B0
  8
0
 62
0
370
-1
  6
BYLAYER
100
AcDbEntity
100
AcDbPolyline
 90
2
 70
0
 43
0.01
 10
-7354.4024643
 20
1310.64815786
 30
0.0
 10
-7354.4024643
 20
1572.77780078
 30
0.0
  0
LWPOLYLINE
  5
B1
  8
0
 62
0
370
-1
  6
BYLAYER
100
AcDbEntity
100
AcDbPolyline
 90
2
 70
0
 43
0.01
 10
-7354.4024643
 20
1572.77780078
 30
0.0
 10
-7354.4024643
 20
1572.77780078
 30
0.0
  0
LWPOLYLINE
  5
B2
  8
0
 62
0
370
-1
  6
BYLAYER
100
AcDbEntity
100
AcDbPolyline
 90
2
 70
0
 43
0.01
 10
-7354.4024643
 20
1572.77780078
 30
0.0
 10
-7354.4024643
 20
1572.77780078
 30
0.0
  0
LWPOLYLINE
  5
B3
  8
0
 62
0
370
-1
  6
BYLAYER
100
AcDbEntity
100
AcDbPolyline
 90
2
 70
0
 43
0.01
 10
-7354.4024643
 20
1572.77780078
 30
0.0
 10
-7354.4024643
 20
1572.77780078
 30
0.0
  0
LWPOLYLINE
  5
B4
  8
0
 62
0
370
-1
  6
BYLAYER
100
AcDbEntity
100
AcDbPolyline
 90
2
 70
0
 43
0.01
 10
-7354.4024643
 20
1572.77780078
 30
0.0
 10
-7354.4024643
 20
1572.77780078
 30
0.0
  0
LWPOLYLINE
  5
B5
  8
0
 62
0
370
-1
  6
BYLAYER
100
AcDbEntity
100
AcDbPolyline
 90
2
 70
0
 43
0.01
 10
-7354.4024643
 20
1572.77780078
 30
0.0
 10
-7354.4024643
 20
1572.77780078
 30
0.0
  0
LWPOLYLINE
  5
B6
  8
0
 62
0
370
-1
  6
BYLAYER
100
AcDbEntity
100
AcDbPolyline
 90
2
 70
0
 43
0.01
 10
-7354.4024643
 20
1572.77780078
 30
0.0
 10
-7354.4024643
 20
1572.77780078
 30
0.0
  0
LWPOLYLINE
  5
B7
  8
0
 62
0
370
-1
  6
BYLAYER
100
AcDbEntity
100
AcDbPolyline
 90
2
 70
0
 43
0.01
 10
-7354.4024643
 20
1572.77780078
 30
0.0
 10
-7354.4024643
 20
1572.77780078
 30
0.0
  0
LWPOLYLINE
  5
B8
  8
0
 62
0
370
-1
  6
BYLAYER
100
AcDbEntity
100
AcDbPolyline
 90
2
 70
0
 43
0.01
 10
-7354.4024643
 20
1572.77780078
 30
0.0
 10
-7354.4024643
 20
1572.77780078
 30
0.0
  0
LWPOLYLINE
  5
B9
  8
0
 62
0
370
-1
  6
BYLAYER
100
AcDbEntity
100
AcDbPolyline
 90
2
 70
0
 43
0.01
 10
-7354.4024643
 20
1572.77780078
 30
0.0
 10
-7354.4024643
 20
1572.77780078
 30
0.0
  0
LWPOLYLINE
  5
BA
  8
0
 62
0
370
-1
  6
BYLAYER
100
AcDbEntity
100
AcDbPolyline
 90
2
 70
0
 43
0.01
 10
-7354.4024643
 20
1572.77780078
 30
0.0
 10
-7354.4024643
 20
1572.77780078
 30
0.0
  0
LWPOLYLINE
  5
BB
  8
0
 62
0
370
-1
  6
BYLAYER
100
AcDbEntity
100
AcDbPolyline
 90
2
 70
0
 43
0.01
 10
-7354.4024643
 20
1572.77780078
 30
0.0
 10
-7354.4024643
 20
1572.77780078
 30
0.0
  0
LWPOLYLINE
  5
BC
  8
0
 62
0
370
-1
  6
BYLAYER
100
AcDbEntity
100
AcDbPolyline
 90
2
 70
0
 43
0.01
 10
-7354.4024643
 20
1572.77780078
 30
0.0
 10
-7354.4024643
 20
1572.77780078
 30
0.0
  0
LWPOLYLINE
  5
BD
  8
0
 62
0
370
-1
  6
BYLAYER
100
AcDbEntity
100
AcDbPolyline
 90
2
 70
0
 43
0.01
 10
-7354.4024643
 20
1572.77780078
 30
0.0
 10
-7354.4024643
 20
1572.77780078
 30
0.0
  0
LWPOLYLINE
  5
BE
  8
0
 62
0
370
-1
  6
BYLAYER
100
AcDbEntity
100
AcDbPolyline
 90
2
 70
0
 43
0.01
 10
-7354.4024643
 20
1572.77780078
 30
0.0
 10
-7354.4024643
 20
1572.77780078
 30
0.0
  0
LWPOLYLINE
  5
BF
  8
0
 62
0
370
-1
  6
BYLAYER
100
AcDbEntity
100
AcDbPolyline
 90
2
 70
0
 43
0.01
 10
-6539.58762256
 20
1572.77780078
 30
0.0
 10
-6539.58762256
 20
1572.77780078
 30
0.0
  0
LWPOLYLINE
  5
C0
  8
0
 62
0
370
-1
  6
BYLAYER
100
AcDbEntity
100
AcDbPolyline
 90
2
 70
0
 43
0.01
 10
-6539.58762256
 20
1572.77780078
 30
0.0
 10
-6468.17483489
 20
1572.77780078
 30
0.0
  0
LWPOLYLINE
  5
C1
  8
0
 62
0
370
-1
  6
BYLAYER
100
AcDbEntity
100
AcDbPolyline
 90
2
 70
0
 43
0.01
 10
-6468.17483489
 20
1572.77780078
 30
0.0
 10
-6396.76204962
 20
1572.77780078
 30
0.0
  0
LWPOLYLINE
  5
C2
  8
0
 62
0
370
-1
  6
BYLAYER
100
AcDbEntity
100
AcDbPolyline
 90
2
 70
0
 43
0.01
 10
-6396.76204962
 20
1572.77780078
 30
0.0
 10
-6325.34926608
 20
1572.77780078
 30
0.0
  0
LWPOLYLINE
  5
C3
  8
0
 62
0
370
-1
  6
BYLAYER
100
AcDbEntity
100
AcDbPolyline
 90
2
 70
0
 43
0.01
 10
-6325.34926608
 20
1572.77780078
 30
0.0
 10
-6253.93648358
 20
1572.77780078
 30
0.0
  0
LWPOLYLINE
  5
C4
  8
0
 62
0
370
-1
  6
BYLAYER
100
AcDbEntity
100
AcDbPolyline
 90
2
 70
0
 43
0.01
 10
-6253.93648358
 20
1572.77780078
 30
0.0
 10
-6182.52370144
 20
1572.77780078
 30
0.0
  0
LWPOLYLINE
  5
C5
  8
0
 62
0
370
-1
  6
BYLAYER
100
AcDbEntity
100
AcDbPolyline
 90
2
 70
0
 43
0.01
 10
-6182.52370144
 20
1572.77780078
 30
0.0
 10
-6111.11091898
 20
1572.77780078
 30
0.0
  0
LWPOLYLINE
  5
C6
  8
0
 62
0
370
-1
  6
BYLAYER
100
AcDbEntity
100
AcDbPolyline
 90
2
 70
0
 43
0.01
 10
-6111.11091898
 20
1572.77780078
 30
0.0
 10
-6039.69813552
 20
1572.77780078
 30
0.0
  0
LWPOLYLINE
  5
C7
  8
0
 62
0
370
-1
  6
BYLAYER
100
AcDbEntity
100
AcDbPolyline
 90
2
 70
0
 43
0.01
 10
-6039.69813552
 20
1572.77780078
 30
0.0
 10
-5968.28535037
 20
1572.77780078
 30
0.0
  0
LWPOLYLINE
  5
C8
  8
0
 62
0
370
-1
  6
BYLAYER
100
AcDbEntity
100
AcDbPolyline
 90
2
 70
0
 43
0.01
 10
-5968.28535037
 20
1572.77780078
 30
0.0
 10
-5896.87256285
 20
1572.77780078
 30
0.0
  0
LWPOLYLINE
  5
C9
  8
0
 62
0
370
-1
  6
BYLAYER
100
AcDbEntity
100
AcDbPolyline
 90
2
 70
0
 43
0.01
 10
-5896.87256285
 20
1572.77780078
 30
0.0
 10
-5825.45977229
 20
1572.77780078
 30
0.0
  0
LWPOLYLINE
  5
CA
  8
0
 62
0
370
-1
  6
BYLAYER
100
AcDbEntity
100
AcDbPolyline
 90
2
 70
0
 43
0.01
 10
-5825.45977229
 20
1572.77780078
 30
0.0
 10
-5754.046978
 20
1572.77780078
 30
0.0
  0
LWPOLYLINE
  5
CB
  8
0
 62
0
370
-1
  6
BYLAYER
100
AcDbEntity
100
AcDbPolyline
 90
2
 70
0
 43
0.01
 10
-5754.046978
 20
1572.77780078
 30
0.0
 10
-5682.6341793
 20
1572.77780078
 30
0.0
  0
LWPOLYLINE
  5
CC
  8
0
 62
0
370
-1
  6
BYLAYER
100
AcDbEntity
100
AcDbPolyline
 90
2
 70
0
 43
0.01
 10
-5682.6341793
 20
1572.77780078
 30
0.0
 10
-5682.6341793
 20
1310.64815786
 30
0.0
  0
LWPOLYLINE
  5
CD
  8
0
 62
0
370
-1
  6
BYLAYER
100
AcDbEntity
100
AcDbPolyline
 90
2
 70
0
 43
0.01
 10
-5682.6341793
 20
1310.64815786
 30
0.0
 10
-5682.6341793
 20
1048.51851535
 30
0.0
  0
LWPOLYLINE
  5
CE
  8
0
 62
0
370
-1
  6
BYLAYER
100
AcDbEntity
100
AcDbPolyline
 90
2
 70
0
 43
0.01
 10
-5682.6341793
 20
1048.51851535
 30
0.0
 10
-5682.6341793
 20
786.38887286
 30
0.0
  0
LWPOLYLINE
  5
CF
  8
0
 62
0
370
-1
  6
BYLAYER
100
AcDbEntity
100
AcDbPolyline
 90
2
 70
0
 43
0.01
 10
-5682.6341793
 20
786.38887286
 30
0.0
 10
-5682.6341793
 20
524.25922998
 30
0.0
  0
LWPOLYLINE
  5
D0
  8
0
 62
0
370
-1
  6
BYLAYER
100
AcDbEntity
100
AcDbPolyline
 90
2
 70
0
 43
0.01
 10
-5682.6341793
 20
524.25922998
 30
0.0
 10
-5682.6341793
 20
262.12958628
 30
0.0
  0
LWPOLYLINE
  5
D1
  8
0
 62
0
370
-1
  6
BYLAYER
100
AcDbEntity
100
AcDbPolyline
 90
2
 70
0
 43
0.01
 10
-5682.6341793
 20
262.12958628
 30
0.0
 10
-5682.6341793
 20
-0.00005863
 30
0.0
  0
LWPOLYLINE
  5
D2
  8
0
 62
0
370
-1
  6
BYLAYER
100
AcDbEntity
100
AcDbPolyline
 90
2
 70
0
 43
0.01
 10
-5682.6341793
 20
-0.00005863
 30
0.0
 10
-5682.6341793
 20
-262.12970516
 30
0.0
  0
LWPOLYLINE
  5
D3
  8
0
 62
0
370
-1
  6
BYLAYER
100
AcDbEntity
100
AcDbPolyline
 90
2
 70
0
 43
0.01
 10
-5682.6341793
 20
-262.12970516
 30
0.0
 10
-5682.6341793
 20
-524.25935372
 30
0.0
  0
LWPOLYLINE
  5
D4
  8
0
 62
0
370
-1
  6
BYLAYER
100
AcDbEntity
100
AcDbPolyline
 90
2
 70
0
 43
0.01
 10
-5682.6341793
 20
-524.25935372
 30
0.0
 10
-5682.6341793
 20
-786.38900473
 30
0.0
  0
LWPOLYLINE
  5
D5
  8
0
 62
0
370
-1
  6
BYLAYER
100
AcDbEntity
100
AcDbPolyline
 90
2
 70
0
 43
0.01
 10
-5682.6341793
 20
-786.38900473
 30
0.0
 10
-5682.6341793
 20
-1048.51865858
 30
0.0
  0
LWPOLYLINE
  5
D6
  8
0
 62
0
370
-1
  6
BYLAYER
100
AcDbEntity
100
AcDbPolyline
 90
2
 70
0
 43
0.01
 10
-5682.6341793
 20
-1048.51865858
 30
0.0
 10
-5682.6341793
 20
-1310.64831569
 30
0.0
  0
LWPOLYLINE
  5
D7
  8
0
 62
0
370
-1
  6
BYLAYER
100
AcDbEntity
100
AcDbPolyline
 90
2
 70
0
 43
0.01
 10
-5682.6341793
 20
-1310.64831569
 30
0.0
 10
-5682.6341793
 20
-1572.77797647
 30
0.0
  0
LWPOLYLINE
  5
D8
  8
0
 62
0
370
-1
  6
BYLAYER
100
AcDbEntity
100
AcDbPolyline
 90
2
 70
0
 43
0.01
 10
-5682.6341793
 20
-1572.77797647
 30
0.0
 10
-5754.046978
 20
-1572.77797647
 30
0.0
  0
LWPOLYLINE
  5
D9
  8
0
 62
0
370
-1
  6
BYLAYER
100
AcDbEntity
100
AcDbPolyline
 90
2
 70
0
 43
0.01
 10
-5754.046978
 20
-1572.77797647
 30
0.0
 10
-5825.45977229
 20
-1572.77797647
 30
0.0
  0
LWPOLYLINE
  5
DA
  8
0
 62
0
370
-1
  6
BYLAYER
100
AcDbEntity
100
AcDbPolyline
 90
2
 70
0
 43
0.01
 10
-5825.45977229
 20
-1572.77797647
 30
0.0
 10
-5896.87256285
 20
-1572.77797647
 30
0.0
  0
LWPOLYLINE
  5
DB
  8
0
 62
0
370
-1
  6
BYLAYER
100
AcDbEntity
100
AcDbPolyline
 90
2
 70
0
 43
0.01
 10
-5896.87256285
 20
-1572.77797647
 30
0.0
 10
-5968.28535037
 20
-1572.77797647
 30
0.0
  0
LWPOLYLINE
  5
DC
  8
0
 62
0
370
-1
  6
BYLAYER
100
AcDbEntity
100
AcDbPolyline
 90
2
 70
0
 43
0.01
 10
-5968.28535037
 20
-1572.77797647
 30
0.0
 10
-6039.69813552
 20
-1572.77797647
 30
0.0
  0
LWPOLYLINE
  5
DD
  8
0
 62
0
370
-1
  6
BYLAYER
100
AcDbEntity
100
AcDbPolyline
 90
2
 70
0
 43
0.01
 10
-6039.69813552
 20
-1572.77797647
 30
0.0
 10
-6111.11091898
 20
-1572.77797647
 30
0.0
  0
LWPOLYLINE
  5
DE
  8
0
 62
0
370
-1
  6
BYLAYER
100
AcDbEntity
100
AcDbPolyline
 90
2
 70
0
 43
0.01
 10
-6111.11091898
 20
-1572.77797647
 30
0.0
 10
-6182.52370144
 20
-1572.77797647
 30
0.0
  0
LWPOLYLINE
  5
DF
  8
0
 62
0
370
-1
  6
BYLAYER
100
AcDbEntity
100
AcDbPolyline
 90
2
 70
0
 43
0.01
 10
-6182.52370144
 20
-1572.77797647
 30
0.0
 10
-6253.93648358
 20
-1572.77797647
 30
0.0
  0
LWPOLYLINE
  5
E0
  8
0
 62
0
370
-1
  6
BYLAYER
100
AcDbEntity
100
AcDbPolyline
 90
2
 70
0
 43
0.01
 10
-6253.93648358
 20
-1572.77797647
 30
0.0
 10
-6325.34926608
 20
-1572.77797647
 30
0.0
  0
LWPOLYLINE
  5
E1
  8
0
 62
0
370
-1
  6
BYLAYER
100
AcDbEntity
100
AcDbPolyline
 90
2
 70
0
 43
0.01
 10
-6325.34926608
 20
-1572.77797647
 30
0.0
 10
-6396.76204962
 20
-1572.77797647
 30
0.0
  0
LWPOLYLINE
  5
E2
  8
0
 62
0
370
-1
  6
BYLAYER
100
AcDbEntity
100
AcDbPolyline
 90
2
 70
0
 43
0.01
 10
-6396.76204962
 20
-1572.77797647
 30
0.0
 10
-6468.17483489
 20
-1572.77797647
 30
0.0
  0
LWPOLYLINE
  5
E3
  8
0
 62
0
370
-1
  6
BYLAYER
100
AcDbEntity
100
AcDbPolyline
 90
2
 70
0
 43
0.01
 10
-6468.17483489
 20
-1572.77797647
 30
0.0
 10
-6539.58762256
 20
-1572.77797647
 30
0.0
  0
LWPOLYLINE
  5
E4
  8
0
 62
0
370
-1
  6
BYLAYER
100
AcDbEntity
100
AcDbPolyline
 90
2
 70
0
 43
0.01
 10
-6539.58762256
 20
-1572.77797647
 30
0.0
 10
-6539.58762256
 20
-1310.64831569
 30
0.0
  0
LWPOLYLINE
  5
E5
  8
0
 62
0
370
-1
  6
BYLAYER
100
AcDbEntity
100
AcDbPolyline
 90
2
 70
0
 43
0.01
 10
-6539.58762256
 20
-1310.64831569
 30
0.0
 10
-6539.58762256
 20
-1048.51865858
 30
0.0
  0
LWPOLYLINE
  5
E6
  8
0
 62
0
370
-1
  6
BYLAYER
100
AcDbEntity
100
AcDbPolyline
 90
2
 70
0
 43
0.01
 10
-6539.58762256
 20
-1048.51865858
 30
0.0
 10
-6539.58762256
 20
-786.38900473
 30
0.0
  0
LWPOLYLINE
  5
E7
  8
0
 62
0
370
-1
  6
BYLAYER
100
AcDbEntity
100
AcDbPolyline
 90
2
 70
0
 43
0.01
 10
-6539.58762256
 20
-786.38900473
 30
0.0
 10
-6539.58762256
 20
-524.25935372
 30
0.0
  0
LWPOLYLINE
  5
E8
  8
0
 62
0
370
-1
  6
BYLAYER
100
AcDbEntity
100
AcDbPolyline
 90
2
 70
0
 43
0.01
 10
-6539.58762256
 20
-524.25935372
 30
0.0
 10
-6539.58762256
 20
-262.12970516
 30
0.0
  0
LWPOLYLINE
  5
E9
  8
0
 62
0
370
-1
  6
BYLAYER
100
AcDbEntity
100
AcDbPolyline
 90
2
 70
0
 43
0.01
 10
-6539.58762256
 20
-262.12970516
 30
0.0
 10
-6539.58762256
 20
-0.00005863
 30
0.0
  0
LWPOLYLINE
  5
EA
  8
0
 62
0
370
-1
  6
BYLAYER
100
AcDbEntity
100
AcDbPolyline
 90
2
 70
0
 43
0.01
 10
-6539.58762256
 20
-0.00005863
 30
0.0
 10
-6539.58762256
 20
262.12958628
 30
0.0
  0
LWPOLYLINE
  5
EB
  8
0
 62
0
370
-1
  6
BYLAYER
100
AcDbEntity
100
AcDbPolyline
 90
2
 70
0
 43
0.01
 10
-6539.58762256
 20
262.12958628
 30
0.0
 10
-6539.58762256
 20
524.25922998
 30
0.0
  0
LWPOLYLINE
  5
EC
  8
0
 62
0
370
-1
  6
BYLAYER
100
AcDbEntity
100
AcDbPolyline
 90
2
 70
0
 43
0.01
 10
-6539.58762256
 20
524.25922998
 30
0.0
 10
-6539.58762256
 20
786.38887286
 30
0.0
  0
LWPOLYLINE
  5
ED
  8
0
 62
0
370
-1
  6
BYLAYER
100
AcDbEntity
100
AcDbPolyline
 90
2
 70
0
 43
0.01
 10
-6539.58762256
 20
786.38887286
 30
0.0
 10
-6539.58762256
 20
1048.51851535
 30
0.0
  0
LWPOLYLINE
  5
EE
  8
0
 62
0
370
-1
  6
BYLAYER
100
AcDbEntity
100
AcDbPolyline
 90
2
 70
0
 43
0.01
 10
-6539.58762256
 20
1048.51851535
 30
0.0
 10
-6539.58762256
 20
1310.64815786
 30
0.0
  0
LWPOLYLINE
  5
EF
  8
0
 62
0
370
-1
  6
BYLAYER
100
AcDbEntity
100
AcDbPolyline
 90
2
 70
0
 43
0.01
 10
-6539.58762256
 20
1310.64815786
 30
0.0
 10
-6539.58762256
 20
1572.77780078
 30
0.0
  0
LWPOLYLINE
  5
F0
  8
0
 62
0
370
-1
  6
BYLAYER
100
AcDbEntity
100
AcDbPolyline
 90
2
 70
0
 43
0.01
 10
-6539.58762256
 20
1572.77780078
 30
0.0
 10
-6539.58762256
 20
1572.77780078
 30
0.0
  0
LWPOLYLINE
  5
F1
  8
0
 62
0
370
-1
  6
BYLAYER
100
AcDbEntity
100
AcDbPolyline
 90
2
 70
0
 43
0.01
 10
-6539.58762256
 20
1572.77780078
 30
0.0
 10
-6539.58762256
 20
1572.77780078
 30
0.0
  0
LWPOLYLINE
  5
F2
  8
0
 62
0
370
-1
  6
BYLAYER
100
AcDbEntity
100
AcDbPolyline
 90
2
 70
0
 43
0.01
 10
-6539.58762256
 20
1572.77780078
 30
0.0
 10
-6539.58762256
 20
1572.77780078
 30
0.0
  0
LWPOLYLINE
  5
F3
  8
0
 62
0
370
-1
  6
BYLAYER
100
AcDbEntity
100
AcDbPolyline
 90
2
 70
0
 43
0.01
 10
-6539.58762256
 20
1572.77780078
 30
0.0
 10
-6539.58762256
 20
1572.77780078
 30
0.0
  0
LWPOLYLINE
  5
F4
  8
0
 62
0
370
-1
  6
BYLAYER
100
AcDbEntity
100
AcDbPolyline
 90
2
 70
0
 43
0.01
 10
-6539.58762256
 20
1572.77780078
 30
0.0
 10
-6539.58762256
 20
1572.77780078
 30
0.0
  0
LWPOLYLINE
  5
F5
  8
0
 62
0
370
-1
  6
BYLAYER
100
AcDbEntity
100
AcDbPolyline
 90
2
 70
0
 43
0.01
 10
-6539.58762256
 20
1572.77780078
 30
0.0
 10
-6539.58762256
 20
1572.77780078
 30
0.0
  0
LWPOLYLINE
  5
F6
  8
0
 62
0
370
-1
  6
BYLAYER
100
AcDbEntity
100
AcDbPolyline
 90
2
 70
0
 43
0.01
 10
-6539.58762256
 20
1572.77780078
 30
0.0
 10
-6539.58762256
 20
1572.77780078
 30
0.0
  0
LWPOLYLINE
  5
F7
  8
0
 62
0
370
-1
  6
BYLAYER
100
AcDbEntity
100
AcDbPolyline
 90
2
 70
0
 43
0.01
 10
-6539.58762256
 20
1572.77780078
 30
0.0
 10
-6539.58762256
 20
1572.77780078
 30
0.0
  0
LWPOLYLINE
  5
F8
  8
0
 62
0
370
-1
  6
BYLAYER
100
AcDbEntity
100
AcDbPolyline
 90
2
 70
0
 43
0.01
 10
-6539.58762256
 20
1572.77780078
 30
0.0
 10
-6539.58762256
 20
1572.77780078
 30
0.0
  0
LWPOLYLINE
  5
F9
  8
0
 62
0
370
-1
  6
BYLAYER
100
AcDbEntity
100
AcDbPolyline
 90
2
 70
0
 43
0.01
 10
-6539.58762256
 20
1572.77780078
 30
0.0
 10
-6539.58762256
 20
1572.77780078
 30
0.0
  0
LWPOLYLINE
  5
FA
  8
0
 62
0
370
-1
  6
BYLAYER
100
AcDbEntity
100
AcDbPolyline
 90
2
 70
0
 43
0.01
 10
-6539.58762256
 20
1572.77780078
 30
0.0
 10
-6539.58762256
 20
1572.77780078
 30
0.0
  0
LWPOLYLINE
  5
FB
  8
0
 62
0
370
-1
  6
BYLAYER
100
AcDbEntity
100
AcDbPolyline
 90
2
 70
0
 43
0.01
 10
-6539.58762256
 20
1572.77780078
 30
0.0
 10
-6539.58762256
 20
1572.77780078
 30
0.0
  0
LWPOLYLINE
  5
FC
  8
0
 62
0
370
-1
  6
BYLAYER
100
AcDbEntity
100
AcDbPolyline
 90
2
 70
0
 43
0.01
 10
-6539.58762256
 20
1572.77780078
 30
0.0
 10
-6539.58762256
 20
1572.77780078
 30
0.0
  0
LWPOLYLINE
  5
FD
  8
0
 62
0
370
-1
  6
BYLAYER
100
AcDbEntity
100
AcDbPolyline
 90
2
 70
0
 43
0.01
 10
-6539.58762256
 20
1572.77780078
 30
0.0
 10
-6539.58762256
 20
1572.77780078
 30
0.0
  0
LWPOLYLINE
  5
FE
  8
0
 62
0
370
-1
  6
BYLAYER
100
AcDbEntity
100
AcDbPolyline
 90
2
 70
0
 43
0.01
 10
-5724.77281138
 20
1572.77780078
 30
0.0
 10
-5724.77281138
 20
1572.77780078
 30
0.0
  0
LWPOLYLINE
  5
FF
  8
0
 62
0
370
-1
  6
BYLAYER
100
AcDbEntity
100
AcDbPolyline
 90
2
 70
0
 43
0.01
 10
-5724.77281138
 20
1572.77780078
 30
0.0
 10
-5653.3600237
 20
1572.77780078
 30
0.0
  0
LWPOLYLINE
  5
100
  8
0
 62
0
370
-1
  6
BYLAYER
100
AcDbEntity
100
AcDbPolyline
 90
2
 70
0
 43
0.01
 10
-5653.3600237
 20
1572.77780078
 30
0.0
 10
-5581.94723844
 20
1572.77780078
 30
0.0
  0
LWPOLYLINE
  5
101
  8
0
 62
0
370
-1
  6
BYLAYER
100
AcDbEntity
100
AcDbPolyline
 90
2
 70
0
 43
0.01
 10
-5581.94723844
 20
1572.77780078
 30
0.0
 10
-5510.53445489
 20
1572.77780078
 30
0.0
  0
LWPOLYLINE
  5
102
  8
0
 62
0
370
-1
  6
BYLAYER
100
AcDbEntity
100
AcDbPolyline
 90
2
 70
0
 43
0.01
 10
-5510.53445489
 20
1572.77780078
 30
0.0
 10
-5439.12167239
 20
1572.77780078
 30
0.0
  0
LWPOLYLINE
  5
103
  8
0
 62
0
370
-1
  6
BYLAYER
100
AcDbEntity
100
AcDbPolyline
 90
2
 70
0
 43
0.01
 10
-5439.12167239
 20
1572.77780078
 30
0.0
 10
-5367.70889026
 20
1572.77780078
 30
0.0
  0
LWPOLYLINE
  5
104
  8
0
 62
0
370
-1
  6
BYLAYER
100
AcDbEntity
100
AcDbPolyline
 90
2
 70
0
 43
0.01
 10
-5367.70889026
 20
1572.77780078
 30
0.0
 10
-5296.29610779
 20
1572.77780078
 30
0.0
  0
LWPOLYLINE
  5
105
  8
0
 62
0
370
-1
  6
BYLAYER
100
AcDbEntity
100
AcDbPolyline
 90
2
 70
0
 43
0.01
 10
-5296.29610779
 20
1572.77780078
 30
0.0
 10
-5224.88332433
 20
1572.77780078
 30
0.0
  0
LWPOLYLINE
  5
106
  8
0
 62
0
370
-1
  6
BYLAYER
100
AcDbEntity
100
AcDbPolyline
 90
2
 70
0
 43
0.01
 10
-5224.88332433
 20
1572.77780078
 30
0.0
 10
-5153.47053918
 20
1572.77780078
 30
0.0
  0
LWPOLYLINE
  5
107
  8
0
 62
0
370
-1
  6
BYLAYER
100
AcDbEntity
100
AcDbPolyline
 90
2
 70
0
 43
0.01
 10
-5153.47053918
 20
1572.77780078
 30
0.0
 10
-5082.05775167
 20
1572.77780078
 30
0.0
  0
LWPOLYLINE
  5
108
  8
0
 62
0
370
-1
  6
BYLAYER
100
AcDbEntity
100
AcDbPolyline
 90
2
 70
0
 43
0.01
 10
-5082.05775167
 20
1572.77780078
 30
0.0
 10
-5010.64496111
 20
1572.77780078
 30
0.0
  0
LWPOLYLINE
  5
109
  8
0
 62
0
370
-1
  6
BYLAYER
100
AcDbEntity
100
AcDbPolyline
 90
2
 70
0
 43
0.01
 10
-5010.64496111
 20
1572.77780078
 30
0.0
 10
-4939.23216682
 20
1572.77780078
 30
0.0
  0
LWPOLYLINE
  5
10A
  8
0
 62
0
370
-1
  6
BYLAYER
100
AcDbEntity
100
AcDbPolyline
 90
2
 70
0
 43
0.01
 10
-4939.23216682
 20
1572.77780078
 30
0.0
 10
-4867.81936812
 20
1572.77780078
 30
0.0
  0
LWPOLYLINE
  5
10B
  8
0
 62
0
370
-1
  6
BYLAYER
100
AcDbEntity
100
AcDbPolyline
 90
2
 70
0
 43
0.01
 10
-4867.81936812
 20
1572.77780078
 30
0.0
 10
-4867.81936812
 20
1310.64815786
 30
0.0
  0
LWPOLYLINE
  5
10C
  8
0
 62
0
370
-1
  6
BYLAYER
100
AcDbEntity
100
AcDbPolyline
 90
2
 70
0
 43
0.01
 10
-4867.81936812
 20
1310.64815786
 30
0.0
 10
-4867.81936812
 20
1048.51851535
 30
0.0
  0
LWPOLYLINE
  5
10D
  8
0
 62
0
370
-1
  6
BYLAYER
100
AcDbEntity
100
AcDbPolyline
 90
2
 70
0
 43
0.01
 10
-4867.81936812
 20
1048.51851535
 30
0.0
 10
-4867.81936812
 20
786.38887286
 30
0.0
  0
LWPOLYLINE
  5
10E
  8
0
 62
0
370
-1
  6
BYLAYER
100
AcDbEntity
100
AcDbPolyline
 90
2
 70
0
 43
0.01
 10
-4867.81936812
 20
786.38887286
 30
0.0
 10
-4867.81936812
 20
524.25922998
 30
0.0
  0
LWPOLYLINE
  5
10F
  8
0
 62
0
370
-1
  6
BYLAYER
100
AcDbEntity
100
AcDbPolyline
 90
2
 70
0
 43
0.01
 10
-4867.81936812
 20
524.25922998
 30
0.0
 10
-4867.81936812
 20
262.12958628
 30
0.0
  0
LWPOLYLINE
  5
110
  8
0
 62
0
370
-1
  6
BYLAYER
100
AcDbEntity
100
AcDbPolyline
 90
2
 70
0
 43
0.01
 10
-4867.81936812
 20
262.12958628
 30
0.0
 10
-4867.81936812
 20
-0.00005863
 30
0.0
  0
LWPOLYLINE
  5
111
  8
0
 62
0
370
-1
  6
BYLAYER
100
AcDbEntity
100
AcDbPolyline
 90
2
 70
0
 43
0.01
 10
-4867.81936812
 20
-0.00005863
 30
0.0
 10
-4867.81936812
 20
-262.12970516
 30
0.0
  0
LWPOLYLINE
  5
112
  8
0
 62
0
370
-1
  6
BYLAYER
100
AcDbEntity
100
AcDbPolyline
 90
2
 70
0
 43
0.01
 10
-4867.81936812
 20
-262.12970516
 30
0.0
 10
-4867.81936812
 20
-524.25935372
 30
0.0
  0
LWPOLYLINE
  5
113
  8
0
 62
0
370
-1
  6
BYLAYER
100
AcDbEntity
100
AcDbPolyline
 90
2
 70
0
 43
0.01
 10
-4867.81936812
 20
-524.25935372
 30
0.0
 10
-4867.81936812
 20
-786.38900473
 30
0.0
  0
LWPOLYLINE
  5
114
  8
0
 62
0
370
-1
  6
BYLAYER
100
AcDbEntity
100
AcDbPolyline
 90
2
 70
0
 43
0.01
 10
-4867.81936812
 20
-786.38900473
 30
0.0
 10
-4867.81936812
 20
-1048.51865858
 30
0.0
  0
LWPOLYLINE
  5
115
  8
0
 62
0
370
-1
  6
BYLAYER
100
AcDbEntity
100
AcDbPolyline
 90
2
 70
0
 43
0.01
 10
-4867.81936812
 20
-1048.51865858
 30
0.0
 10
-4867.81936812
 20
-1310.64831569
 30
0.0
  0
LWPOLYLINE
  5
116
  8
0
 62
0
370
-1
  6
BYLAYER
100
AcDbEntity
100
AcDbPolyline
 90
2
 70
0
 43
0.01
 10
-4867.81936812
 20
-1310.64831569
 30
0.0
 10
-4867.81936812
 20
-1572.77797647
 30
0.0
  0
LWPOLYLINE
  5
117
  8
0
 62
0
370
-1
  6
BYLAYER
100
AcDbEntity
100
AcDbPolyline
 90
2
 70
0
 43
0.01
 10
-4867.81936812
 20
-1572.77797647
 30
0.0
 10
-4939.23216682
 20
-1572.77797647
 30
0.0
  0
LWPOLYLINE
  5
118
  8
0
 62
0
370
-1
  6
BYLAYER
100
AcDbEntity
100
AcDbPolyline
 90
2
 70
0
 43
0.01
 10
-4939.23216682
 20
-1572.77797647
 30
0.0
 10
-5010.64496111
 20
-1572.77797647
 30
0.0
  0
LWPOLYLINE
  5
119
  8
0
 62
0
370
-1
  6
BYLAYER
100
AcDbEntity
100
AcDbPolyline
 90
2
 70
0
 43
0.01
 10
-5010.64496111
 20
-1572.77797647
 30
0.0
 10
-5082.05775167
 20
-1572.77797647
 30
0.0
  0
LWPOLYLINE
  5
11A
  8
0
 62
0
370
-1
  6
BYLAYER
100
AcDbEntity
100
AcDbPolyline
 90
2
 70
0
 43
0.01
 10
-5082.05775167
 20
-1572.77797647
 30
0.0
 10
-5153.47053918
 20
-1572.77797647
 30
0.0
  0
LWPOLYLINE
  5
11B
  8
0
 62
0
370
-1
  6
BYLAYER
100
AcDbEntity
100
AcDbPolyline
 90
2
 70
0
 43
0.01
 10
-5153.47053918
 20
-1572.77797647
 30
0.0
 10
-5224.88332433
 20
-1572.77797647
 30
0.0
  0
LWPOLYLINE
  5
11C
  8
0
 62
0
370
-1
  6
BYLAYER
100
AcDbEntity
100
AcDbPolyline
 90
2
 70
0
 43
0.01
 10
-5224.88332433
 20
-1572.77797647
 30
0.0
 10
-5296.29610779
 20
-1572.77797647
 30
0.0
  0
LWPOLYLINE
  5
11D
  8
0
 62
0
370
-1
  6
BYLAYER
100
AcDbEntity
100
AcDbPolyline
 90
2
 70
0
 43
0.01
 10
-5296.29610779
 20
-1572.77797647
 30
0.0
 10
-5367.70889026
 20
-1572.77797647
 30
0.0
  0
LWPOLYLINE
  5
11E
  8
0
 62
0
370
-1
  6
BYLAYER
100
AcDbEntity
100
AcDbPolyline
 90
2
 70
0
 43
0.01
 10
-5367.70889026
 20
-1572.77797647
 30
0.0
 10
-5439.12167239
 20
-1572.77797647
 30
0.0
  0
LWPOLYLINE
  5
11F
  8
0
 62
0
370
-1
  6
BYLAYER
100
AcDbEntity
100
AcDbPolyline
 90
2
 70
0
 43
0.01
 10
-5439.12167239
 20
-1572.77797647
 30
0.0
 10
-5510.53445489
 20
-1572.77797647
 30
0.0
  0
LWPOLYLINE
  5
120
  8
0
 62
0
370
-1
  6
BYLAYER
100
AcDbEntity
100
AcDbPolyline
 90
2
 70
0
 43
0.01
 10
-5510.53445489
 20
-1572.77797647
 30
0.0
 10
-5581.94723844
 20
-1572.77797647
 30
0.0
  0
LWPOLYLINE
  5
121
  8
0
 62
0
370
-1
  6
BYLAYER
100
AcDbEntity
100
AcDbPolyline
 90
2
 70
0
 43
0.01
 10
-5581.94723844
 20
-1572.77797647
 30
0.0
 10
-5653.3600237
 20
-1572.77797647
 30
0.0
  0
LWPOLYLINE
  5
122
  8
0
 62
0
370
-1
  6
BYLAYER
100
AcDbEntity
100
AcDbPolyline
 90
2
 70
0
 43
0.01
 10
-5653.3600237
 20
-1572.77797647
 30
0.0
 10
-5724.77281138
 20
-1572.77797647
 30
0.0
  0
LWPOLYLINE
  5
123
  8
0
 62
0
370
-1
  6
BYLAYER
100
AcDbEntity
100
AcDbPolyline
 90
2
 70
0
 43
0.01
 10
-5724.77281138
 20
-1572.77797647
 30
0.0
 10
-5724.77281138
 20
-1310.64831569
 30
0.0
  0
LWPOLYLINE
  5
124
  8
0
 62
0
370
-1
  6
BYLAYER
100
AcDbEntity
100
AcDbPolyline
 90
2
 70
0
 43
0.01
 10
-5724.77281138
 20
-1310.64831569
 30
0.0
 10
-5724.77281138
 20
-1048.51865858
 30
0.0
  0
LWPOLYLINE
  5
125
  8
0
 62
0
370
-1
  6
BYLAYER
100
AcDbEntity
100
AcDbPolyline
 90
2
 70
0
 43
0.01
 10
-5724.77281138
 20
-1048.51865858
 30
0.0
 10
-5724.77281138
 20
-786.38900473
 30
0.0
  0
LWPOLYLINE
  5
126
  8
0
 62
0
370
-1
  6
BYLAYER
100
AcDbEntity
100
AcDbPolyline
 90
2
 70
0
 43
0.01
 10
-5724.77281138
 20
-786.38900473
 30
0.0
 10
-5724.77281138
 20
-524.25935372
 30
0.0
  0
LWPOLYLINE
  5
127
  8
0
 62
0
370
-1
  6
BYLAYER
100
AcDbEntity
100
AcDbPolyline
 90
2
 70
0
 43
0.01
 10
-5724.77281138
 20
-524.25935372
 30
0.0
 10
-5724.77281138
 20
-262.12970516
 30
0.0
  0
LWPOLYLINE
  5
128
  8
0
 62
0
370
-1
  6
BYLAYER
100
AcDbEntity
100
AcDbPolyline
 90
2
 70
0
 43
0.01
 10
-5724.77281138
 20
-262.12970516
 30
0.0
 10
-5724.77281138
 20
-0.00005863
 30
0.0
  0
LWPOLYLINE
  5
129
  8
0
 62
0
370
-1
  6
BYLAYER
100
AcDbEntity
100
AcDbPolyline
 90
2
 70
0
 43
0.01
 10
-5724.77281138
 20
-0.00005863
 30
0.0
 10
-5724.77281138
 20
262.12958628
 30
0.0
  0
LWPOLYLINE
  5
12A
  8
0
 62
0
370
-1
  6
BYLAYER
100
AcDbEntity
100
AcDbPolyline
 90
2
 70
0
 43
0.01
 10
-5724.77281138
 20
262.12958628
 30
0.0
 10
-5724.77281138
 20
524.25922998
 30
0.0
  0
LWPOLYLINE
  5
12B
  8
0
 62
0
370
-1
  6
BYLAYER
100
AcDbEntity
100
AcDbPolyline
 90
2
 70
0
 43
0.01
 10
-5724.77281138
 20
524.25922998
 30
0.0
 10
-5724.77281138
 20
786.38887286
 30
0.0
  0
LWPOLYLINE
  5
12C
  8
0
 62
0
370
-1
  6
BYLAYER
100
AcDbEntity
100
AcDbPolyline
 90
2
 70
0
 43
0.01
 10
-5724.77281138
 20
786.38887286
 30
0.0
 10
-5724.77281138
 20
1048.51851535
 30
0.0
  0
LWPOLYLINE
  5
12D
  8
0
 62
0
370
-1
  6
BYLAYER
100
AcDbEntity
100
AcDbPolyline
 90
2
 70
0
 43
0.01
 10
-5724.77281138
 20
1048.51851535
 30
0.0
 10
-5724.77281138
 20
1310.64815786
 30
0.0
  0
LWPOLYLINE
  5
12E
  8
0
 62
0
370
-1
  6
BYLAYER
100
AcDbEntity
100
AcDbPolyline
 90
2
 70
0
 43
0.01
 10
-5724.77281138
 20
1310.64815786
 30
0.0
 10
-5724.77281138
 20
1572.77780078
 30
0.0
  0
LWPOLYLINE
  5
12F
  8
0
 62
0
370
-1
  6
BYLAYER
100
AcDbEntity
100
AcDbPolyline
 90
2
 70
0
 43
0.01
 10
-5724.77281138
 20
1572.77780078
 30
0.0
 10
-5724.77281138
 20
1572.77780078
 30
0.0
  0
LWPOLYLINE
  5
130
  8
0
 62
0
370
-1
  6
BYLAYER
100
AcDbEntity
100
AcDbPolyline
 90
2
 70
0
 43
0.01
 10
-5724.77281138
 20
1572.77780078
 30
0.0
 10
-5724.77281138
 20
1572.77780078
 30
0.0
  0
LWPOLYLINE
  5
131
  8
0
 62
0
370
-1
  6
BYLAYER
100
AcDbEntity
100
AcDbPolyline
 90
2
 70
0
 43
0.01
 10
-5724.77281138
 20
1572.77780078
 30
0.0
 10
-5724.77281138
 20
1572.77780078
 30
0.0
  0
LWPOLYLINE
  5
132
  8
0
 62
0
370
-1
  6
BYLAYER
100
AcDbEntity
100
AcDbPolyline
 90
2
 70
0
 43
0.01
 10
-5724.77281138
 20
1572.77780078
 30
0.0
 10
-5724.77281138
 20
1572.77780078
 30
0.0
  0
LWPOLYLINE
  5
133
  8
0
 62
0
370
-1
  6
BYLAYER
100
AcDbEntity
100
AcDbPolyline
 90
2
 70
0
 43
0.01
 10
-5724.77281138
 20
1572.77780078
 30
0.0
 10
-5724.77281138
 20
1572.77780078
 30
0.0
  0
LWPOLYLINE
  5
134
  8
0
 62
0
370
-1
  6
BYLAYER
100
AcDbEntity
100
AcDbPolyline
 90
2
 70
0
 43
0.01
 10
-5724.77281138
 20
1572.77780078
 30
0.0
 10
-5724.77281138
 20
1572.77780078
 30
0.0
  0
LWPOLYLINE
  5
135
  8
0
 62
0
370
-1
  6
BYLAYER
100
AcDbEntity
100
AcDbPolyline
 90
2
 70
0
 43
0.01
 10
-5724.77281138
 20
1572.77780078
 30
0.0
 10
-5724.77281138
 20
1572.77780078
 30
0.0
  0
LWPOLYLINE
  5
136
  8
0
 62
0
370
-1
  6
BYLAYER
100
AcDbEntity
100
AcDbPolyline
 90
2
 70
0
 43
0.01
 10
-5724.77281138
 20
1572.77780078
 30
0.0
 10
-5724.77281138
 20
1572.77780078
 30
0.0
  0
LWPOLYLINE
  5
137
  8
0
 62
0
370
-1
  6
BYLAYER
100
AcDbEntity
100
AcDbPolyline
 90
2
 70
0
 43
0.01
 10
-5724.77281138
 20
1572.77780078
 30
0.0
 10
-5724.77281138
 20
1572.77780078
 30
0.0
  0
LWPOLYLINE
  5
138
  8
0
 62
0
370
-1
  6
BYLAYER
100
AcDbEntity
100
AcDbPolyline
 90
2
 70
0
 43
0.01
 10
-5724.77281138
 20
1572.77780078
 30
0.0
 10
-5724.77281138
 20
1572.77780078
 30
0.0
  0
LWPOLYLINE
  5
139
  8
0
 62
0
370
-1
  6
BYLAYER
100
AcDbEntity
100
AcDbPolyline
 90
2
 70
0
 43
0.01
 10
-5724.77281138
 20
1572.77780078
 30
0.0
 10
-5724.77281138
 20
1572.77780078
 30
0.0
  0
LWPOLYLINE
  5
13A
  8
0
 62
0
370
-1
  6
BYLAYER
100
AcDbEntity
100
AcDbPolyline
 90
2
 70
0
 43
0.01
 10
-5724.77281138
 20
1572.77780078
 30
0.0
 10
-5724.77281138
 20
1572.77780078
 30
0.0
  0
LWPOLYLINE
  5
13B
  8
0
 62
0
370
-1
  6
BYLAYER
100
AcDbEntity
100
AcDbPolyline
 90
2
 70
0
 43
0.01
 10
-5724.77281138
 20
1572.77780078
 30
0.0
 10
-5724.77281138
 20
1572.77780078
 30
0.0
  0
LWPOLYLINE
  5
13C
  8
0
 62
0
370
-1
  6
BYLAYER
100
AcDbEntity
100
AcDbPolyline
 90
2
 70
0
 43
0.01
 10
-5724.77281138
 20
1572.77780078
 30
0.0
 10
-5724.77281138
 20
1572.77780078
 30
0.0
  0
LWPOLYLINE
  5
13D
  8
0
 62
0
370
-1
  6
BYLAYER
100
AcDbEntity
100
AcDbPolyline
 90
2
 70
0
 43
0.01
 10
-4909.95804908
 20
1572.77780078
 30
0.0
 10
-4909.95804908
 20
1572.77780078
 30
0.0
  0
LWPOLYLINE
  5
13E
  8
0
 62
0
370
-1
  6
BYLAYER
100
AcDbEntity
100
AcDbPolyline
 90
2
 70
0
 43
0.01
 10
-4909.95804908
 20
1572.77780078
 30
0.0
 10
-4838.54526141
 20
1572.77780078
 30
0.0
  0
LWPOLYLINE
  5
13F
  8
0
 62
0
370
-1
  6
BYLAYER
100
AcDbEntity
100
AcDbPolyline
 90
2
 70
0
 43
0.01
 10
-4838.54526141
 20
1572.77780078
 30
0.0
 10
-4767.13247614
 20
1572.77780078
 30
0.0
  0
LWPOLYLINE
  5
140
  8
0
 62
0
370
-1
  6
BYLAYER
100
AcDbEntity
100
AcDbPolyline
 90
2
 70
0
 43
0.01
 10
-4767.13247614
 20
1572.77780078
 30
0.0
 10
-4695.7196926
 20
1572.77780078
 30
0.0
  0
LWPOLYLINE
  5
141
  8
0
 62
0
370
-1
  6
BYLAYER
100
AcDbEntity
100
AcDbPolyline
 90
2
 70
0
 43
0.01
 10
-4695.7196926
 20
1572.77780078
 30
0.0
 10
-4624.3069101
 20
1572.77780078
 30
0.0
  0
LWPOLYLINE
  5
142
  8
0
 62
0
370
-1
  6
BYLAYER
100
AcDbEntity
100
AcDbPolyline
 90
2
 70
0
 43
0.01
 10
-4624.3069101
 20
1572.77780078
 30
0.0
 10
-4552.89412796
 20
1572.77780078
 30
0.0
  0
LWPOLYLINE
  5
143
  8
0
 62
0
370
-1
  6
BYLAYER
100
AcDbEntity
100
AcDbPolyline
 90
2
 70
0
 43
0.01
 10
-4552.89412796
 20
1572.77780078
 30
0.0
 10
-4481.4813455
 20
1572.77780078
 30
0.0
  0
LWPOLYLINE
  5
144
  8
0
 62
0
370
-1
  6
BYLAYER
100
AcDbEntity
100
AcDbPolyline
 90
2
 70
0
 43
0.01
 10
-4481.4813455
 20
1572.77780078
 30
0.0
 10
-4410.06856204
 20
1572.77780078
 30
0.0
  0
LWPOLYLINE
  5
145
  8
0
 62
0
370
-1
  6
BYLAYER
100
AcDbEntity
100
AcDbPolyline
 90
2
 70
0
 43
0.01
 10
-4410.06856204
 20
1572.77780078
 30
0.0
 10
-4338.65577689
 20
1572.77780078
 30
0.0
  0
LWPOLYLINE
  5
146
  8
0
 62
0
370
-1
  6
BYLAYER
100
AcDbEntity
100
AcDbPolyline
 90
2
 70
0
 43
0.01
 10
-4338.65577689
 20
1572.77780078
 30
0.0
 10
-4267.24298937
 20
1572.77780078
 30
0.0
  0
LWPOLYLINE
  5
147
  8
0
 62
0
370
-1
  6
BYLAYER
100
AcDbEntity
100
AcDbPolyline
 90
2
 70
0
 43
0.01
 10
-4267.24298937
 20
1572.77780078
 30
0.0
 10
-4195.83019881
 20
1572.77780078
 30
0.0
  0
LWPOLYLINE
  5
148
  8
0
 62
0
370
-1
  6
BYLAYER
100
AcDbEntity
100
AcDbPolyline
 90
2
 70
0
 43
0.01
 10
-4195.83019881
 20
1572.77780078
 30
0.0
 10
-4124.41740452
 20
1572.77780078
 30
0.0
  0
LWPOLYLINE
  5
149
  8
0
 62
0
370
-1
  6
BYLAYER
100
AcDbEntity
100
AcDbPolyline
 90
2
 70
0
 43
0.01
 10
-4124.41740452
 20
1572.77780078
 30
0.0
 10
-4053.00460582
 20
1572.77780078
 30
0.0
  0
LWPOLYLINE
  5
14A
  8
0
 62
0
370
-1
  6
BYLAYER
100
AcDbEntity
100
AcDbPolyline
 90
2
 70
0
 43
0.01
 10
-4053.00460582
 20
1572.77780078
 30
0.0
 10
-4053.00460582
 20
1310.64815786
 30
0.0
  0
LWPOLYLINE
  5
14B
  8
0
 62
0
370
-1
  6
BYLAYER
100
AcDbEntity
100
AcDbPolyline
 90
2
 70
0
 43
0.01
 10
-4053.00460582
 20
1310.64815786
 30
0.0
 10
-4053.00460582
 20
1048.51851535
 30
0.0
  0
LWPOLYLINE
  5
14C
  8
0
 62
0
370
-1
  6
BYLAYER
100
AcDbEntity
100
AcDbPolyline
 90
2
 70
0
 43
0.01
 10
-4053.00460582
 20
1048.51851535
 30
0.0
 10
-4053.00460582
 20
786.38887286
 30
0.0
  0
LWPOLYLINE
  5
14D
  8
0
 62
0
370
-1
  6
BYLAYER
100
AcDbEntity
100
AcDbPolyline
 90
2
 70
0
 43
0.01
 10
-4053.00460582
 20
786.38887286
 30
0.0
 10
-4053.00460582
 20
524.25922998
 30
0.0
  0
LWPOLYLINE
  5
14E
  8
0
 62
0
370
-1
  6
BYLAYER
100
AcDbEntity
100
AcDbPolyline
 90
2
 70
0
 43
0.01
 10
-4053.00460582
 20
524.25922998
 30
0.0
 10
-4053.00460582
 20
262.12958628
 30
0.0
  0
LWPOLYLINE
  5
14F
  8
0
 62
0
370
-1
  6
BYLAYER
100
AcDbEntity
100
AcDbPolyline
 90
2
 70
0
 43
0.01
 10
-4053.00460582
 20
262.12958628
 30
0.0
 10
-4053.00460582
 20
-0.00005863
 30
0.0
  0
LWPOLYLINE
  5
150
  8
0
 62
0
370
-1
  6
BYLAYER
100
AcDbEntity
100
AcDbPolyline
 90
2
 70
0
 43
0.01
 10
-4053.00460582
 20
-0.00005863
 30
0.0
 10
-4053.00460582
 20
-262.12970516
 30
0.0
  0
LWPOLYLINE
  5
151
  8
0
 62
0
370
-1
  6
BYLAYER
100
AcDbEntity
100
AcDbPolyline
 90
2
 70
0
 43
0.01
 10
-4053.00460582
 20
-262.12970516
 30
0.0
 10
-4053.00460582
 20
-524.25935372
 30
0.0
  0
LWPOLYLINE
  5
152
  8
0
 62
0
370
-1
  6
BYLAYER
100
AcDbEntity
100
AcDbPolyline
 90
2
 70
0
 43
0.01
 10
-4053.00460582
 20
-524.25935372
 30
0.0
 10
-4053.00460582
 20
-786.38900473
 30
0.0
  0
LWPOLYLINE
  5
153
  8
0
 62
0
370
-1
  6
BYLAYER
100
AcDbEntity
100
AcDbPolyline
 90
2
 70
0
 43
0.01
 10
-4053.00460582
 20
-786.38900473
 30
0.0
 10
-4053.00460582
 20
-1048.51865858
 30
0.0
  0
LWPOLYLINE
  5
154
  8
0
 62
0
370
-1
  6
BYLAYER
100
AcDbEntity
100
AcDbPolyline
 90
2
 70
0
 43
0.01
 10
-4053.00460582
 20
-1048.51865858
 30
0.0
 10
-4053.00460582
 20
-1310.64831569
 30
0.0
  0
LWPOLYLINE
  5
155
  8
0
 62
0
370
-1
  6
BYLAYER
100
AcDbEntity
100
AcDbPolyline
 90
2
 70
0
 43
0.01
 10
-4053.00460582
 20
-1310.64831569
 30
0.0
 10
-4053.00460582
 20
-1572.77797647
 30
0.0
  0
LWPOLYLINE
  5
156
  8
0
 62
0
370
-1
  6
BYLAYER
100
AcDbEntity
100
AcDbPolyline
 90
2
 70
0
 43
0.01
 10
-4053.00460582
 20
-1572.77797647
 30
0.0
 10
-4124.41740452
 20
-1572.77797647
 30
0.0
  0
LWPOLYLINE
  5
157
  8
0
 62
0
370
-1
  6
BYLAYER
100
AcDbEntity
100
AcDbPolyline
 90
2
 70
0
 43
0.01
 10
-4124.41740452
 20
-1572.77797647
 30
0.0
 10
-4195.83019881
 20
-1572.77797647
 30
0.0
  0
LWPOLYLINE
  5
158
  8
0
 62
0
370
-1
  6
BYLAYER
100
AcDbEntity
100
AcDbPolyline
 90
2
 70
0
 43
0.01
 10
-4195.83019881
 20
-1572.77797647
 30
0.0
 10
-4267.24298937
 20
-1572.77797647
 30
0.0
  0
LWPOLYLINE
  5
159
  8
0
 62
0
370
-1
  6
BYLAYER
100
AcDbEntity
100
AcDbPolyline
 90
2
 70
0
 43
0.01
 10
-4267.24298937
 20
-1572.77797647
 30
0.0
 10
-4338.65577689
 20
-1572.77797647
 30
0.0
  0
LWPOLYLINE
  5
15A
  8
0
 62
0
370
-1
  6
BYLAYER
100
AcDbEntity
100
AcDbPolyline
 90
2
 70
0
 43
0.01
 10
-4338.65577689
 20
-1572.77797647
 30
0.0
 10
-4410.06856204
 20
-1572.77797647
 30
0.0
  0
LWPOLYLINE
  5
15B
  8
0
 62
0
370
-1
  6
BYLAYER
100
AcDbEntity
100
AcDbPolyline
 90
2
 70
0
 43
0.01
 10
-4410.06856204
 20
-1572.77797647
 30
0.0
 10
-4481.4813455
 20
-1572.77797647
 30
0.0
  0
LWPOLYLINE
  5
15C
  8
0
 62
0
370
-1
  6
BYLAYER
100
AcDbEntity
100
AcDbPolyline
 90
2
 70
0
 43
0.01
 10
-4481.4813455
 20
-1572.77797647
 30
0.0
 10
-4552.89412796
 20
-1572.77797647
 30
0.0
  0
LWPOLYLINE
  5
15D
  8
0
 62
0
370
-1
  6
BYLAYER
100
AcDbEntity
100
AcDbPolyline
 90
2
 70
0
 43
0.01
 10
-4552.89412796
 20
-1572.77797647
 30
0.0
 10
-4624.3069101
 20
-1572.77797647
 30
0.0
  0
LWPOLYLINE
  5
15E
  8
0
 62
0
370
-1
  6
BYLAYER
100
AcDbEntity
100
AcDbPolyline
 90
2
 70
0
 43
0.01
 10
-4624.3069101
 20
-1572.77797647
 30
0.0
 10
-4695.7196926
 20
-1572.77797647
 30
0.0
  0
LWPOLYLINE
  5
15F
  8
0
 62
0
370
-1
  6
BYLAYER
100
AcDbEntity
100
AcDbPolyline
 90
2
 70
0
 43
0.01
 10
-4695.7196926
 20
-1572.77797647
 30
0.0
 10
-4767.13247614
 20
-1572.77797647
 30
0.0
  0
LWPOLYLINE
  5
160
  8
0
 62
0
370
-1
  6
BYLAYER
100
AcDbEntity
100
AcDbPolyline
 90
2
 70
0
 43
0.01
 10
-4767.13247614
 20
-1572.77797647
 30
0.0
 10
-4838.54526141
 20
-1572.77797647
 30
0.0
  0
LWPOLYLINE
  5
161
  8
0
 62
0
370
-1
  6
BYLAYER
100
AcDbEntity
100
AcDbPolyline
 90
2
 70
0
 43
0.01
 10
-4838.54526141
 20
-1572.77797647
 30
0.0
 10
-4909.95804908
 20
-1572.77797647
 30
0.0
  0
LWPOLYLINE
  5
162
  8
0
 62
0
370
-1
  6
BYLAYER
100
AcDbEntity
100
AcDbPolyline
 90
2
 70
0
 43
0.01
 10
-4909.95804908
 20
-1572.77797647
 30
0.0
 10
-4909.95804908
 20
-1310.64831569
 30
0.0
  0
LWPOLYLINE
  5
163
  8
0
 62
0
370
-1
  6
BYLAYER
100
AcDbEntity
100
AcDbPolyline
 90
2
 70
0
 43
0.01
 10
-4909.95804908
 20
-1310.64831569
 30
0.0
 10
-4909.95804908
 20
-1048.51865858
 30
0.0
  0
LWPOLYLINE
  5
164
  8
0
 62
0
370
-1
  6
BYLAYER
100
AcDbEntity
100
AcDbPolyline
 90
2
 70
0
 43
0.01
 10
-4909.95804908
 20
-1048.51865858
 30
0.0
 10
-4909.95804908
 20
-786.38900473
 30
0.0
  0
LWPOLYLINE
  5
165
  8
0
 62
0
370
-1
  6
BYLAYER
100
AcDbEntity
100
AcDbPolyline
 90
2
 70
0
 43
0.01
 10
-4909.95804908
 20
-786.38900473
 30
0.0
 10
-4909.95804908
 20
-524.25935372
 30
0.0
  0
LWPOLYLINE
  5
166
  8
0
 62
0
370
-1
  6
BYLAYER
100
AcDbEntity
100
AcDbPolyline
 90
2
 70
0
 43
0.01
 10
-4909.95804908
 20
-524.25935372
 30
0.0
 10
-4909.95804908
 20
-262.12970516
 30
0.0
  0
LWPOLYLINE
  5
167
  8
0
 62
0
370
-1
  6
BYLAYER
100
AcDbEntity
100
AcDbPolyline
 90
2
 70
0
 43
0.01
 10
-4909.95804908
 20
-262.12970516
 30
0.0
 10
-4909.95804908
 20
-0.00005863
 30
0.0
  0
LWPOLYLINE
  5
168
  8
0
 62
0
370
-1
  6
BYLAYER
100
AcDbEntity
100
AcDbPolyline
 90
2
 70
0
 43
0.01
 10
-4909.95804908
 20
-0.00005863
 30
0.0
 10
-4909.95804908
 20
262.12958628
 30
0.0
  0
LWPOLYLINE
  5
169
  8
0
 62
0
370
-1
  6
BYLAYER
100
AcDbEntity
100
AcDbPolyline
 90
2
 70
0
 43
0.01
 10
-4909.95804908
 20
262.12958628
 30
0.0
 10
-4909.95804908
 20
524.25922998
 30
0.0
  0
LWPOLYLINE
  5
16A
  8
0
 62
0
370
-1
  6
BYLAYER
100
AcDbEntity
100
AcDbPolyline
 90
2
 70
0
 43
0.01
 10
-4909.95804908
 20
524.25922998
 30
0.0
 10
-4909.95804908
 20
786.38887286
 30
0.0
  0
LWPOLYLINE
  5
16B
  8
0
 62
0
370
-1
  6
BYLAYER
100
AcDbEntity
100
AcDbPolyline
 90
2
 70
0
 43
0.01
 10
-4909.95804908
 20
786.38887286
 30
0.0
 10
-4909.95804908
 20
1048.51851535
 30
0.0
  0
LWPOLYLINE
  5
16C
  8
0
 62
0
370
-1
  6
BYLAYER
100
AcDbEntity
100
AcDbPolyline
 90
2
 70
0
 43
0.01
 10
-4909.95804908
 20
1048.51851535
 30
0.0
 10
-4909.95804908
 20
1310.64815786
 30
0.0
  0
LWPOLYLINE
  5
16D
  8
0
 62
0
370
-1
  6
BYLAYER
100
AcDbEntity
100
AcDbPolyline
 90
2
 70
0
 43
0.01
 10
-4909.95804908
 20
1310.64815786
 30
0.0
 10
-4909.95804908
 20
1572.77780078
 30
0.0
  0
LWPOLYLINE
  5
16E
  8
0
 62
0
370
-1
  6
BYLAYER
100
AcDbEntity
100
AcDbPolyline
 90
2
 70
0
 43
0.01
 10
-4909.95804908
 20
1572.77780078
 30
0.0
 10
-4909.95804908
 20
1572.77780078
 30
0.0
  0
LWPOLYLINE
  5
16F
  8
0
 62
0
370
-1
  6
BYLAYER
100
AcDbEntity
100
AcDbPolyline
 90
2
 70
0
 43
0.01
 10
-4909.95804908
 20
1572.77780078
 30
0.0
 10
-4909.95804908
 20
1572.77780078
 30
0.0
  0
LWPOLYLINE
  5
170
  8
0
 62
0
370
-1
  6
BYLAYER
100
AcDbEntity
100
AcDbPolyline
 90
2
 70
0
 43
0.01
 10
-4909.95804908
 20
1572.77780078
 30
0.0
 10
-4909.95804908
 20
1572.77780078
 30
0.0
  0
LWPOLYLINE
  5
171
  8
0
 62
0
370
-1
  6
BYLAYER
100
AcDbEntity
100
AcDbPolyline
 90
2
 70
0
 43
0.01
 10
-4909.95804908
 20
1572.77780078
 30
0.0
 10
-4909.95804908
 20
1572.77780078
 30
0.0
  0
LWPOLYLINE
  5
172
  8
0
 62
0
370
-1
  6
BYLAYER
100
AcDbEntity
100
AcDbPolyline
 90
2
 70
0
 43
0.01
 10
-4909.95804908
 20
1572.77780078
 30
0.0
 10
-4909.95804908
 20
1572.77780078
 30
0.0
  0
LWPOLYLINE
  5
173
  8
0
 62
0
370
-1
  6
BYLAYER
100
AcDbEntity
100
AcDbPolyline
 90
2
 70
0
 43
0.01
 10
-4909.95804908
 20
1572.77780078
 30
0.0
 10
-4909.95804908
 20
1572.77780078
 30
0.0
  0
LWPOLYLINE
  5
174
  8
0
 62
0
370
-1
  6
BYLAYER
100
AcDbEntity
100
AcDbPolyline
 90
2
 70
0
 43
0.01
 10
-4909.95804908
 20
1572.77780078
 30
0.0
 10
-4909.95804908
 20
1572.77780078
 30
0.0
  0
LWPOLYLINE
  5
175
  8
0
 62
0
370
-1
  6
BYLAYER
100
AcDbEntity
100
AcDbPolyline
 90
2
 70
0
 43
0.01
 10
-4909.95804908
 20
1572.77780078
 30
0.0
 10
-4909.95804908
 20
1572.77780078
 30
0.0
  0
LWPOLYLINE
  5
176
  8
0
 62
0
370
-1
  6
BYLAYER
100
AcDbEntity
100
AcDbPolyline
 90
2
 70
0
 43
0.01
 10
-4909.95804908
 20
1572.77780078
 30
0.0
 10
-4909.95804908
 20
1572.77780078
 30
0.0
  0
LWPOLYLINE
  5
177
  8
0
 62
0
370
-1
  6
BYLAYER
100
AcDbEntity
100
AcDbPolyline
 90
2
 70
0
 43
0.01
 10
-4909.95804908
 20
1572.77780078
 30
0.0
 10
-4909.95804908
 20
1572.77780078
 30
0.0
  0
LWPOLYLINE
  5
178
  8
0
 62
0
370
-1
  6
BYLAYER
100
AcDbEntity
100
AcDbPolyline
 90
2
 70
0
 43
0.01
 10
-4909.95804908
 20
1572.77780078
 30
0.0
 10
-4909.95804908
 20
1572.77780078
 30
0.0
  0
LWPOLYLINE
  5
179
  8
0
 62
0
370
-1
  6
BYLAYER
100
AcDbEntity
100
AcDbPolyline
 90
2
 70
0
 43
0.01
 10
-4909.95804908
 20
1572.77780078
 30
0.0
 10
-4909.95804908
 20
1572.77780078
 30
0.0
  0
LWPOLYLINE
  5
17A
  8
0
 62
0
370
-1
  6
BYLAYER
100
AcDbEntity
100
AcDbPolyline
 90
2
 70
0
 43
0.01
 10
-4909.95804908
 20
1572.77780078
 30
0.0
 10
-4909.95804908
 20
1572.77780078
 30
0.0
  0
LWPOLYLINE
  5
17B
  8
0
 62
0
370
-1
  6
BYLAYER
100
AcDbEntity
100
AcDbPolyline
 90
2
 70
0
 43
0.01
 10
-4909.95804908
 20
1572.77780078
 30
0.0
 10
-4909.95804908
 20
1572.77780078
 30
0.0
  0
LWPOLYLINE
  5
17C
  8
0
 62
0
370
-1
  6
BYLAYER
100
AcDbEntity
100
AcDbPolyline
 90
2
 70
0
 43
0.01
 10
-4095.14318901
 20
1572.77780078
 30
0.0
 10
-4095.14318901
 20
1572.77780078
 30
0.0
  0
LWPOLYLINE
  5
17D
  8
0
 62
0
370
-1
  6
BYLAYER
100
AcDbEntity
100
AcDbPolyline
 90
2
 70
0
 43
0.01
 10
-4095.14318901
 20
1572.77780078
 30
0.0
 10
-4023.73040134
 20
1572.77780078
 30
0.0
  0
LWPOLYLINE
  5
17E
  8
0
 62
0
370
-1
  6
BYLAYER
100
AcDbEntity
100
AcDbPolyline
 90
2
 70
0
 43
0.01
 10
-4023.73040134
 20
1572.77780078
 30
0.0
 10
-3952.31761607
 20
1572.77780078
 30
0.0
  0
LWPOLYLINE
  5
17F
  8
0
 62
0
370
-1
  6
BYLAYER
100
AcDbEntity
100
AcDbPolyline
 90
2
 70
0
 43
0.01
 10
-3952.31761607
 20
1572.77780078
 30
0.0
 10
-3880.90483253
 20
1572.77780078
 30
0.0
  0
LWPOLYLINE
  5
180
  8
0
 62
0
370
-1
  6
BYLAYER
100
AcDbEntity
100
AcDbPolyline
 90
2
 70
0
 43
0.01
 10
-3880.90483253
 20
1572.77780078
 30
0.0
 10
-3809.49205003
 20
1572.77780078
 30
0.0
  0
LWPOLYLINE
  5
181
  8
0
 62
0
370
-1
  6
BYLAYER
100
AcDbEntity
100
AcDbPolyline
 90
2
 70
0
 43
0.01
 10
-3809.49205003
 20
1572.77780078
 30
0.0
 10
-3738.07926789
 20
1572.77780078
 30
0.0
  0
LWPOLYLINE
  5
182
  8
0
 62
0
370
-1
  6
BYLAYER
100
AcDbEntity
100
AcDbPolyline
 90
2
 70
0
 43
0.01
 10
-3738.07926789
 20
1572.77780078
 30
0.0
 10
-3666.66648543
 20
1572.77780078
 30
0.0
  0
LWPOLYLINE
  5
183
  8
0
 62
0
370
-1
  6
BYLAYER
100
AcDbEntity
100
AcDbPolyline
 90
2
 70
0
 43
0.01
 10
-3666.66648543
 20
1572.77780078
 30
0.0
 10
-3595.25370196
 20
1572.77780078
 30
0.0
  0
LWPOLYLINE
  5
184
  8
0
 62
0
370
-1
  6
BYLAYER
100
AcDbEntity
100
AcDbPolyline
 90
2
 70
0
 43
0.01
 10
-3595.25370196
 20
1572.77780078
 30
0.0
 10
-3523.84091682
 20
1572.77780078
 30
0.0
  0
LWPOLYLINE
  5
185
  8
0
 62
0
370
-1
  6
BYLAYER
100
AcDbEntity
100
AcDbPolyline
 90
2
 70
0
 43
0.01
 10
-3523.84091682
 20
1572.77780078
 30
0.0
 10
-3452.4281293
 20
1572.77780078
 30
0.0
  0
LWPOLYLINE
  5
186
  8
0
 62
0
370
-1
  6
BYLAYER
100
AcDbEntity
100
AcDbPolyline
 90
2
 70
0
 43
0.01
 10
-3452.4281293
 20
1572.77780078
 30
0.0
 10
-3381.01533874
 20
1572.77780078
 30
0.0
  0
LWPOLYLINE
  5
187
  8
0
 62
0
370
-1
  6
BYLAYER
100
AcDbEntity
100
AcDbPolyline
 90
2
 70
0
 43
0.01
 10
-3381.01533874
 20
1572.77780078
 30
0.0
 10
-3309.60254445
 20
1572.77780078
 30
0.0
  0
LWPOLYLINE
  5
188
  8
0
 62
0
370
-1
  6
BYLAYER
100
AcDbEntity
100
AcDbPolyline
 90
2
 70
0
 43
0.01
 10
-3309.60254445
 20
1572.77780078
 30
0.0
 10
-3238.18974575
 20
1572.77780078
 30
0.0
  0
LWPOLYLINE
  5
189
  8
0
 62
0
370
-1
  6
BYLAYER
100
AcDbEntity
100
AcDbPolyline
 90
2
 70
0
 43
0.01
 10
-3238.18974575
 20
1572.77780078
 30
0.0
 10
-3238.18974575
 20
1310.64815786
 30
0.0
  0
LWPOLYLINE
  5
18A
  8
0
 62
0
370
-1
  6
BYLAYER
100
AcDbEntity
100
AcDbPolyline
 90
2
 70
0
 43
0.01
 10
-3238.18974575
 20
1310.64815786
 30
0.0
 10
-3238.18974575
 20
1048.51851535
 30
0.0
  0
LWPOLYLINE
  5
18B
  8
0
 62
0
370
-1
  6
BYLAYER
100
AcDbEntity
100
AcDbPolyline
 90
2
 70
0
 43
0.01
 10
-3238.18974575
 20
1048.51851535
 30
0.0
 10
-3238.18974575
 20
786.38887286
 30
0.0
  0
LWPOLYLINE
  5
18C
  8
0
 62
0
370
-1
  6
BYLAYER
100
AcDbEntity
100
AcDbPolyline
 90
2
 70
0
 43
0.01
 10
-3238.18974575
 20
786.38887286
 30
0.0
 10
-3238.18974575
 20
524.25922998
 30
0.0
  0
LWPOLYLINE
  5
18D
  8
0
 62
0
370
-1
  6
BYLAYER
100
AcDbEntity
100
AcDbPolyline
 90
2
 70
0
 43
0.01
 10
-3238.18974575
 20
524.25922998
 30
0.0
 10
-3238.18974575
 20
262.12958628
 30
0.0
  0
LWPOLYLINE
  5
18E
  8
0
 62
0
370
-1
  6
BYLAYER
100
AcDbEntity
100
AcDbPolyline
 90
2
 70
0
 43
0.01
 10
-3238.18974575
 20
262.12958628
 30
0.0
 10
-3238.18974575
 20
-0.00005863
 30
0.0
  0
LWPOLYLINE
  5
18F
  8
0
 62
0
370
-1
  6
BYLAYER
100
AcDbEntity
100
AcDbPolyline
 90
2
 70
0
 43
0.01
 10
-3238.18974575
 20
-0.00005863
 30
0.0
 10
-3238.18974575
 20
-262.12970516
 30
0.0
  0
LWPOLYLINE
  5
190
  8
0
 62
0
370
-1
  6
BYLAYER
100
AcDbEntity
100
AcDbPolyline
 90
2
 70
0
 43
0.01
 10
-3238.18974575
 20
-262.12970516
 30
0.0
 10
-3238.18974575
 20
-524.25935372
 30
0.0
  0
LWPOLYLINE
  5
191
  8
0
 62
0
370
-1
  6
BYLAYER
100
AcDbEntity
100
AcDbPolyline
 90
2
 70
0
 43
0.01
 10
-3238.18974575
 20
-524.25935372
 30
0.0
 10
-3238.18974575
 20
-786.38900473
 30
0.0
  0
LWPOLYLINE
  5
192
  8
0
 62
0
370
-1
  6
BYLAYER
100
AcDbEntity
100
AcDbPolyline
 90
2
 70
0
 43
0.01
 10
-3238.18974575
 20
-786.38900473
 30
0.0
 10
-3238.18974575
 20
-1048.51865858
 30
0.0
  0
LWPOLYLINE
  5
193
  8
0
 62
0
370
-1
  6
BYLAYER
100
AcDbEntity
100
AcDbPolyline
 90
2
 70
0
 43
0.01
 10
-3238.18974575
 20
-1048.51865858
 30
0.0
 10
-3238.18974575
 20
-1310.64831569
 30
0.0
  0
LWPOLYLINE
  5
194
  8
0
 62
0
370
-1
  6
BYLAYER
100
AcDbEntity
100
AcDbPolyline
 90
2
 70
0
 43
0.01
 10
-3238.18974575
 20
-1310.64831569
 30
0.0
 10
-3238.18974575
 20
-1572.77797647
 30
0.0
  0
LWPOLYLINE
  5
195
  8
0
 62
0
370
-1
  6
BYLAYER
100
AcDbEntity
100
AcDbPolyline
 90
2
 70
0
 43
0.01
 10
-3238.18974575
 20
-1572.77797647
 30
0.0
 10
-3309.60254445
 20
-1572.77797647
 30
0.0
  0
LWPOLYLINE
  5
196
  8
0
 62
0
370
-1
  6
BYLAYER
100
AcDbEntity
100
AcDbPolyline
 90
2
 70
0
 43
0.01
 10
-3309.60254445
 20
-1572.77797647
 30
0.0
 10
-3381.01533874
 20
-1572.77797647
 30
0.0
  0
LWPOLYLINE
  5
197
  8
0
 62
0
370
-1
  6
BYLAYER
100
AcDbEntity
100
AcDbPolyline
 90
2
 70
0
 43
0.01
 10
-3381.01533874
 20
-1572.77797647
 30
0.0
 10
-3452.4281293
 20
-1572.77797647
 30
0.0
  0
LWPOLYLINE
  5
198
  8
0
 62
0
370
-1
  6
BYLAYER
100
AcDbEntity
100
AcDbPolyline
 90
2
 70
0
 43
0.01
 10
-3452.4281293
 20
-1572.77797647
 30
0.0
 10
-3523.84091682
 20
-1572.77797647
 30
0.0
  0
LWPOLYLINE
  5
199
  8
0
 62
0
370
-1
  6
BYLAYER
100
AcDbEntity
100
AcDbPolyline
 90
2
 70
0
 43
0.01
 10
-3523.84091682
 20
-1572.77797647
 30
0.0
 10
-3595.25370196
 20
-1572.77797647
 30
0.0
  0
LWPOLYLINE
  5
19A
  8
0
 62
0
370
-1
  6
BYLAYER
100
AcDbEntity
100
AcDbPolyline
 90
2
 70
0
 43
0.01
 10
-3595.25370196
 20
-1572.77797647
 30
0.0
 10
-3666.66648543
 20
-1572.77797647
 30
0.0
  0
LWPOLYLINE
  5
19B
  8
0
 62
0
370
-1
  6
BYLAYER
100
AcDbEntity
100
AcDbPolyline
 90
2
 70
0
 43
0.01
 10
-3666.66648543
 20
-1572.77797647
 30
0.0
 10
-3738.07926789
 20
-1572.77797647
 30
0.0
  0
LWPOLYLINE
  5
19C
  8
0
 62
0
370
-1
  6
BYLAYER
100
AcDbEntity
100
AcDbPolyline
 90
2
 70
0
 43
0.01
 10
-3738.07926789
 20
-1572.77797647
 30
0.0
 10
-3809.49205003
 20
-1572.77797647
 30
0.0
  0
LWPOLYLINE
  5
19D
  8
0
 62
0
370
-1
  6
BYLAYER
100
AcDbEntity
100
AcDbPolyline
 90
2
 70
0
 43
0.01
 10
-3809.49205003
 20
-1572.77797647
 30
0.0
 10
-3880.90483253
 20
-1572.77797647
 30
0.0
  0
LWPOLYLINE
  5
19E
  8
0
 62
0
370
-1
  6
BYLAYER
100
AcDbEntity
100
AcDbPolyline
 90
2
 70
0
 43
0.01
 10
-3880.90483253
 20
-1572.77797647
 30
0.0
 10
-3952.31761607
 20
-1572.77797647
 30
0.0
  0
LWPOLYLINE
  5
19F
  8
0
 62
0
370
-1
  6
BYLAYER
100
AcDbEntity
100
AcDbPolyline
 90
2
 70
0
 43
0.01
 10
-3952.31761607
 20
-1572.77797647
 30
0.0
 10
-4023.73040134
 20
-1572.77797647
 30
0.0
  0
LWPOLYLINE
  5
1A0
  8
0
 62
0
370
-1
  6
BYLAYER
100
AcDbEntity
100
AcDbPolyline
 90
2
 70
0
 43
0.01
 10
-4023.73040134
 20
-1572.77797647
 30
0.0
 10
-4095.14318901
 20
-1572.77797647
 30
0.0
  0
LWPOLYLINE
  5
1A1
  8
0
 62
0
370
-1
  6
BYLAYER
100
AcDbEntity
100
AcDbPolyline
 90
2
 70
0
 43
0.01
 10
-4095.14318901
 20
-1572.77797647
 30
0.0
 10
-4095.14318901
 20
-1310.64831569
 30
0.0
  0
LWPOLYLINE
  5
1A2
  8
0
 62
0
370
-1
  6
BYLAYER
100
AcDbEntity
100
AcDbPolyline
 90
2
 70
0
 43
0.01
 10
-4095.14318901
 20
-1310.64831569
 30
0.0
 10
-4095.14318901
 20
-1048.51865858
 30
0.0
  0
LWPOLYLINE
  5
1A3
  8
0
 62
0
370
-1
  6
BYLAYER
100
AcDbEntity
100
AcDbPolyline
 90
2
 70
0
 43
0.01
 10
-4095.14318901
 20
-1048.51865858
 30
0.0
 10
-4095.14318901
 20
-786.38900473
 30
0.0
  0
LWPOLYLINE
  5
1A4
  8
0
 62
0
370
-1
  6
BYLAYER
100
AcDbEntity
100
AcDbPolyline
 90
2
 70
0
 43
0.01
 10
-4095.14318901
 20
-786.38900473
 30
0.0
 10
-4095.14318901
 20
-524.25935372
 30
0.0
  0
LWPOLYLINE
  5
1A5
  8
0
 62
0
370
-1
  6
BYLAYER
100
AcDbEntity
100
AcDbPolyline
 90
2
 70
0
 43
0.01
 10
-4095.14318901
 20
-524.25935372
 30
0.0
 10
-4095.14318901
 20
-262.12970516
 30
0.0
  0
LWPOLYLINE
  5
1A6
  8
0
 62
0
370
-1
  6
BYLAYER
100
AcDbEntity
100
AcDbPolyline
 90
2
 70
0
 43
0.01
 10
-4095.14318901
 20
-262.12970516
 30
0.0
 10
-4095.14318901
 20
-0.00005863
 30
0.0
  0
LWPOLYLINE
  5
1A7
  8
0
 62
0
370
-1
  6
BYLAYER
100
AcDbEntity
100
AcDbPolyline
 90
2
 70
0
 43
0.01
 10
-4095.14318901
 20
-0.00005863
 30
0.0
 10
-4095.14318901
 20
262.12958628
 30
0.0
  0
LWPOLYLINE
  5
1A8
  8
0
 62
0
370
-1
  6
BYLAYER
100
AcDbEntity
100
AcDbPolyline
 90
2
 70
0
 43
0.01
 10
-4095.14318901
 20
262.12958628
 30
0.0
 10
-4095.14318901
 20
524.25922998
 30
0.0
  0
LWPOLYLINE
  5
1A9
  8
0
 62
0
370
-1
  6
BYLAYER
100
AcDbEntity
100
AcDbPolyline
 90
2
 70
0
 43
0.01
 10
-4095.14318901
 20
524.25922998
 30
0.0
 10
-4095.14318901
 20
786.38887286
 30
0.0
  0
LWPOLYLINE
  5
1AA
  8
0
 62
0
370
-1
  6
BYLAYER
100
AcDbEntity
100
AcDbPolyline
 90
2
 70
0
 43
0.01
 10
-4095.14318901
 20
786.38887286
 30
0.0
 10
-4095.14318901
 20
1048.51851535
 30
0.0
  0
LWPOLYLINE
  5
1AB
  8
0
 62
0
370
-1
  6
BYLAYER
100
AcDbEntity
100
AcDbPolyline
 90
2
 70
0
 43
0.01
 10
-4095.14318901
 20
1048.51851535
 30
0.0
 10
-4095.14318901
 20
1310.64815786
 30
0.0
  0
LWPOLYLINE
  5
1AC
  8
0
 62
0
370
-1
  6
BYLAYER
100
AcDbEntity
100
AcDbPolyline
 90
2
 70
0
 43
0.01
 10
-4095.14318901
 20
1310.64815786
 30
0.0
 10
-4095.14318901
 20
1572.77780078
 30
0.0
  0
LWPOLYLINE
  5
1AD
  8
0
 62
0
370
-1
  6
BYLAYER
100
AcDbEntity
100
AcDbPolyline
 90
2
 70
0
 43
0.01
 10
-4095.14318901
 20
1572.77780078
 30
0.0
 10
-4095.14318901
 20
1572.77780078
 30
0.0
  0
LWPOLYLINE
  5
1AE
  8
0
 62
0
370
-1
  6
BYLAYER
100
AcDbEntity
100
AcDbPolyline
 90
2
 70
0
 43
0.01
 10
-4095.14318901
 20
1572.77780078
 30
0.0
 10
-4095.14318901
 20
1572.77780078
 30
0.0
  0
LWPOLYLINE
  5
1AF
  8
0
 62
0
370
-1
  6
BYLAYER
100
AcDbEntity
100
AcDbPolyline
 90
2
 70
0
 43
0.01
 10
-4095.14318901
 20
1572.77780078
 30
0.0
 10
-4095.14318901
 20
1572.77780078
 30
0.0
  0
LWPOLYLINE
  5
1B0
  8
0
 62
0
370
-1
  6
BYLAYER
100
AcDbEntity
100
AcDbPolyline
 90
2
 70
0
 43
0.01
 10
-4095.14318901
 20
1572.77780078
 30
0.0
 10
-4095.14318901
 20
1572.77780078
 30
0.0
  0
LWPOLYLINE
  5
1B1
  8
0
 62
0
370
-1
  6
BYLAYER
100
AcDbEntity
100
AcDbPolyline
 90
2
 70
0
 43
0.01
 10
-4095.14318901
 20
1572.77780078
 30
0.0
 10
-4095.14318901
 20
1572.77780078
 30
0.0
  0
LWPOLYLINE
  5
1B2
  8
0
 62
0
370
-1
  6
BYLAYER
100
AcDbEntity
100
AcDbPolyline
 90
2
 70
0
 43
0.01
 10
-4095.14318901
 20
1572.77780078
 30
0.0
 10
-4095.14318901
 20
1572.77780078
 30
0.0
  0
LWPOLYLINE
  5
1B3
  8
0
 62
0
370
-1
  6
BYLAYER
100
AcDbEntity
100
AcDbPolyline
 90
2
 70
0
 43
0.01
 10
-4095.14318901
 20
1572.77780078
 30
0.0
 10
-4095.14318901
 20
1572.77780078
 30
0.0
  0
LWPOLYLINE
  5
1B4
  8
0
 62
0
370
-1
  6
BYLAYER
100
AcDbEntity
100
AcDbPolyline
 90
2
 70
0
 43
0.01
 10
-4095.14318901
 20
1572.77780078
 30
0.0
 10
-4095.14318901
 20
1572.77780078
 30
0.0
  0
LWPOLYLINE
  5
1B5
  8
0
 62
0
370
-1
  6
BYLAYER
100
AcDbEntity
100
AcDbPolyline
 90
2
 70
0
 43
0.01
 10
-4095.14318901
 20
1572.77780078
 30
0.0
 10
-4095.14318901
 20
1572.77780078
 30
0.0
  0
LWPOLYLINE
  5
1B6
  8
0
 62
0
370
-1
  6
BYLAYER
100
AcDbEntity
100
AcDbPolyline
 90
2
 70
0
 43
0.01
 10
-4095.14318901
 20
1572.77780078
 30
0.0
 10
-4095.14318901
 20
1572.77780078
 30
0.0
  0
LWPOLYLINE
  5
1B7
  8
0
 62
0
370
-1
  6
BYLAYER
100
AcDbEntity
100
AcDbPolyline
 90
2
 70
0
 43
0.01
 10
-4095.14318901
 20
1572.77780078
 30
0.0
 10
-4095.14318901
 20
1572.77780078
 30
0.0
  0
LWPOLYLINE
  5
1B8
  8
0
 62
0
370
-1
  6
BYLAYER
100
AcDbEntity
100
AcDbPolyline
 90
2
 70
0
 43
0.01
 10
-4095.14318901
 20
1572.77780078
 30
0.0
 10
-4095.14318901
 20
1572.77780078
 30
0.0
  0
LWPOLYLINE
  5
1B9
  8
0
 62
0
370
-1
  6
BYLAYER
100
AcDbEntity
100
AcDbPolyline
 90
2
 70
0
 43
0.01
 10
-4095.14318901
 20
1572.77780078
 30
0.0
 10
-4095.14318901
 20
1572.77780078
 30
0.0
  0
LWPOLYLINE
  5
1BA
  8
0
 62
0
370
-1
  6
BYLAYER
100
AcDbEntity
100
AcDbPolyline
 90
2
 70
0
 43
0.01
 10
-4095.14318901
 20
1572.77780078
 30
0.0
 10
-4095.14318901
 20
1572.77780078
 30
0.0
  0
LWPOLYLINE
  5
1BB
  8
0
 62
0
370
-1
  6
BYLAYER
100
AcDbEntity
100
AcDbPolyline
 90
2
 70
0
 43
0.01
 10
-3280.32832894
 20
1572.77780078
 30
0.0
 10
-3280.32832894
 20
1572.77780078
 30
0.0
  0
LWPOLYLINE
  5
1BC
  8
0
 62
0
370
-1
  6
BYLAYER
100
AcDbEntity
100
AcDbPolyline
 90
2
 70
0
 43
0.01
 10
-3280.32832894
 20
1572.77780078
 30
0.0
 10
-3208.91554126
 20
1572.77780078
 30
0.0
  0
LWPOLYLINE
  5
1BD
  8
0
 62
0
370
-1
  6
BYLAYER
100
AcDbEntity
100
AcDbPolyline
 90
2
 70
0
 43
0.01
 10
-3208.91554126
 20
1572.77780078
 30
0.0
 10
-3137.502756
 20
1572.77780078
 30
0.0
  0
LWPOLYLINE
  5
1BE
  8
0
 62
0
370
-1
  6
BYLAYER
100
AcDbEntity
100
AcDbPolyline
 90
2
 70
0
 43
0.01
 10
-3137.502756
 20
1572.77780078
 30
0.0
 10
-3066.08997245
 20
1572.77780078
 30
0.0
  0
LWPOLYLINE
  5
1BF
  8
0
 62
0
370
-1
  6
BYLAYER
100
AcDbEntity
100
AcDbPolyline
 90
2
 70
0
 43
0.01
 10
-3066.08997245
 20
1572.77780078
 30
0.0
 10
-2994.67718995
 20
1572.77780078
 30
0.0
  0
LWPOLYLINE
  5
1C0
  8
0
 62
0
370
-1
  6
BYLAYER
100
AcDbEntity
100
AcDbPolyline
 90
2
 70
0
 43
0.01
 10
-2994.67718995
 20
1572.77780078
 30
0.0
 10
-2923.26440781
 20
1572.77780078
 30
0.0
  0
LWPOLYLINE
  5
1C1
  8
0
 62
0
370
-1
  6
BYLAYER
100
AcDbEntity
100
AcDbPolyline
 90
2
 70
0
 43
0.01
 10
-2923.26440781
 20
1572.77780078
 30
0.0
 10
-2851.85162535
 20
1572.77780078
 30
0.0
  0
LWPOLYLINE
  5
1C2
  8
0
 62
0
370
-1
  6
BYLAYER
100
AcDbEntity
100
AcDbPolyline
 90
2
 70
0
 43
0.01
 10
-2851.85162535
 20
1572.77780078
 30
0.0
 10
-2780.43884189
 20
1572.77780078
 30
0.0
  0
LWPOLYLINE
  5
1C3
  8
0
 62
0
370
-1
  6
BYLAYER
100
AcDbEntity
100
AcDbPolyline
 90
2
 70
0
 43
0.01
 10
-2780.43884189
 20
1572.77780078
 30
0.0
 10
-2709.02605674
 20
1572.77780078
 30
0.0
  0
LWPOLYLINE
  5
1C4
  8
0
 62
0
370
-1
  6
BYLAYER
100
AcDbEntity
100
AcDbPolyline
 90
2
 70
0
 43
0.01
 10
-2709.02605674
 20
1572.77780078
 30
0.0
 10
-2637.61326923
 20
1572.77780078
 30
0.0
  0
LWPOLYLINE
  5
1C5
  8
0
 62
0
370
-1
  6
BYLAYER
100
AcDbEntity
100
AcDbPolyline
 90
2
 70
0
 43
0.01
 10
-2637.61326923
 20
1572.77780078
 30
0.0
 10
-2566.20047867
 20
1572.77780078
 30
0.0
  0
LWPOLYLINE
  5
1C6
  8
0
 62
0
370
-1
  6
BYLAYER
100
AcDbEntity
100
AcDbPolyline
 90
2
 70
0
 43
0.01
 10
-2566.20047867
 20
1572.77780078
 30
0.0
 10
-2494.78768438
 20
1572.77780078
 30
0.0
  0
LWPOLYLINE
  5
1C7
  8
0
 62
0
370
-1
  6
BYLAYER
100
AcDbEntity
100
AcDbPolyline
 90
2
 70
0
 43
0.01
 10
-2494.78768438
 20
1572.77780078
 30
0.0
 10
-2423.37488568
 20
1572.77780078
 30
0.0
  0
LWPOLYLINE
  5
1C8
  8
0
 62
0
370
-1
  6
BYLAYER
100
AcDbEntity
100
AcDbPolyline
 90
2
 70
0
 43
0.01
 10
-2423.37488568
 20
1572.77780078
 30
0.0
 10
-2423.37488568
 20
1310.64815786
 30
0.0
  0
LWPOLYLINE
  5
1C9
  8
0
 62
0
370
-1
  6
BYLAYER
100
AcDbEntity
100
AcDbPolyline
 90
2
 70
0
 43
0.01
 10
-2423.37488568
 20
1310.64815786
 30
0.0
 10
-2423.37488568
 20
1048.51851535
 30
0.0
  0
LWPOLYLINE
  5
1CA
  8
0
 62
0
370
-1
  6
BYLAYER
100
AcDbEntity
100
AcDbPolyline
 90
2
 70
0
 43
0.01
 10
-2423.37488568
 20
1048.51851535
 30
0.0
 10
-2423.37488568
 20
786.38887286
 30
0.0
  0
LWPOLYLINE
  5
1CB
  8
0
 62
0
370
-1
  6
BYLAYER
100
AcDbEntity
100
AcDbPolyline
 90
2
 70
0
 43
0.01
 10
-2423.37488568
 20
786.38887286
 30
0.0
 10
-2423.37488568
 20
524.25922998
 30
0.0
  0
LWPOLYLINE
  5
1CC
  8
0
 62
0
370
-1
  6
BYLAYER
100
AcDbEntity
100
AcDbPolyline
 90
2
 70
0
 43
0.01
 10
-2423.37488568
 20
524.25922998
 30
0.0
 10
-2423.37488568
 20
262.12958628
 30
0.0
  0
LWPOLYLINE
  5
1CD
  8
0
 62
0
370
-1
  6
BYLAYER
100
AcDbEntity
100
AcDbPolyline
 90
2
 70
0
 43
0.01
 10
-2423.37488568
 20
262.12958628
 30
0.0
 10
-2423.37488568
 20
-0.00005863
 30
0.0
  0
LWPOLYLINE
  5
1CE
  8
0
 62
0
370
-1
  6
BYLAYER
100
AcDbEntity
100
AcDbPolyline
 90
2
 70
0
 43
0.01
 10
-2423.37488568
 20
-0.00005863
 30
0.0
 10
-2423.37488568
 20
-262.12970516
 30
0.0
  0
LWPOLYLINE
  5
1CF
  8
0
 62
0
370
-1
  6
BYLAYER
100
AcDbEntity
100
AcDbPolyline
 90
2
 70
0
 43
0.01
 10
-2423.37488568
 20
-262.12970516
 30
0.0
 10
-2423.37488568
 20
-524.25935372
 30
0.0
  0
LWPOLYLINE
  5
1D0
  8
0
 62
0
370
-1
  6
BYLAYER
100
AcDbEntity
100
AcDbPolyline
 90
2
 70
0
 43
0.01
 10
-2423.37488568
 20
-524.25935372
 30
0.0
 10
-2423.37488568
 20
-786.38900473
 30
0.0
  0
LWPOLYLINE
  5
1D1
  8
0
 62
0
370
-1
  6
BYLAYER
100
AcDbEntity
100
AcDbPolyline
 90
2
 70
0
 43
0.01
 10
-2423.37488568
 20
-786.38900473
 30
0.0
 10
-2423.37488568
 20
-1048.51865858
 30
0.0
  0
LWPOLYLINE
  5
1D2
  8
0
 62
0
370
-1
  6
BYLAYER
100
AcDbEntity
100
AcDbPolyline
 90
2
 70
0
 43
0.01
 10
-2423.37488568
 20
-1048.51865858
 30
0.0
 10
-2423.37488568
 20
-1310.64831569
 30
0.0
  0
LWPOLYLINE
  5
1D3
  8
0
 62
0
370
-1
  6
BYLAYER
100
AcDbEntity
100
AcDbPolyline
 90
2
 70
0
 43
0.01
 10
-2423.37488568
 20
-1310.64831569
 30
0.0
 10
-2423.37488568
 20
-1572.77797647
 30
0.0
  0
LWPOLYLINE
  5
1D4
  8
0
 62
0
370
-1
  6
BYLAYER
100
AcDbEntity
100
AcDbPolyline
 90
2
 70
0
 43
0.01
 10
-2423.37488568
 20
-1572.77797647
 30
0.0
 10
-2494.78768438
 20
-1572.77797647
 30
0.0
  0
LWPOLYLINE
  5
1D5
  8
0
 62
0
370
-1
  6
BYLAYER
100
AcDbEntity
100
AcDbPolyline
 90
2
 70
0
 43
0.01
 10
-2494.78768438
 20
-1572.77797647
 30
0.0
 10
-2566.20047867
 20
-1572.77797647
 30
0.0
  0
LWPOLYLINE
  5
1D6
  8
0
 62
0
370
-1
  6
BYLAYER
100
AcDbEntity
100
AcDbPolyline
 90
2
 70
0
 43
0.01
 10
-2566.20047867
 20
-1572.77797647
 30
0.0
 10
-2637.61326923
 20
-1572.77797647
 30
0.0
  0
LWPOLYLINE
  5
1D7
  8
0
 62
0
370
-1
  6
BYLAYER
100
AcDbEntity
100
AcDbPolyline
 90
2
 70
0
 43
0.01
 10
-2637.61326923
 20
-1572.77797647
 30
0.0
 10
-2709.02605674
 20
-1572.77797647
 30
0.0
  0
LWPOLYLINE
  5
1D8
  8
0
 62
0
370
-1
  6
BYLAYER
100
AcDbEntity
100
AcDbPolyline
 90
2
 70
0
 43
0.01
 10
-2709.02605674
 20
-1572.77797647
 30
0.0
 10
-2780.43884189
 20
-1572.77797647
 30
0.0
  0
LWPOLYLINE
  5
1D9
  8
0
 62
0
370
-1
  6
BYLAYER
100
AcDbEntity
100
AcDbPolyline
 90
2
 70
0
 43
0.01
 10
-2780.43884189
 20
-1572.77797647
 30
0.0
 10
-2851.85162535
 20
-1572.77797647
 30
0.0
  0
LWPOLYLINE
  5
1DA
  8
0
 62
0
370
-1
  6
BYLAYER
100
AcDbEntity
100
AcDbPolyline
 90
2
 70
0
 43
0.01
 10
-2851.85162535
 20
-1572.77797647
 30
0.0
 10
-2923.26440781
 20
-1572.77797647
 30
0.0
  0
LWPOLYLINE
  5
1DB
  8
0
 62
0
370
-1
  6
BYLAYER
100
AcDbEntity
100
AcDbPolyline
 90
2
 70
0
 43
0.01
 10
-2923.26440781
 20
-1572.77797647
 30
0.0
 10
-2994.67718995
 20
-1572.77797647
 30
0.0
  0
LWPOLYLINE
  5
1DC
  8
0
 62
0
370
-1
  6
BYLAYER
100
AcDbEntity
100
AcDbPolyline
 90
2
 70
0
 43
0.01
 10
-2994.67718995
 20
-1572.77797647
 30
0.0
 10
-3066.08997245
 20
-1572.77797647
 30
0.0
  0
LWPOLYLINE
  5
1DD
  8
0
 62
0
370
-1
  6
BYLAYER
100
AcDbEntity
100
AcDbPolyline
 90
2
 70
0
 43
0.01
 10
-3066.08997245
 20
-1572.77797647
 30
0.0
 10
-3137.502756
 20
-1572.77797647
 30
0.0
  0
LWPOLYLINE
  5
1DE
  8
0
 62
0
370
-1
  6
BYLAYER
100
AcDbEntity
100
AcDbPolyline
 90
2
 70
0
 43
0.01
 10
-3137.502756
 20
-1572.77797647
 30
0.0
 10
-3208.91554126
 20
-1572.77797647
 30
0.0
  0
LWPOLYLINE
  5
1DF
  8
0
 62
0
370
-1
  6
BYLAYER
100
AcDbEntity
100
AcDbPolyline
 90
2
 70
0
 43
0.01
 10
-3208.91554126
 20
-1572.77797647
 30
0.0
 10
-3280.32832894
 20
-1572.77797647
 30
0.0
  0
LWPOLYLINE
  5
1E0
  8
0
 62
0
370
-1
  6
BYLAYER
100
AcDbEntity
100
AcDbPolyline
 90
2
 70
0
 43
0.01
 10
-3280.32832894
 20
-1572.77797647
 30
0.0
 10
-3280.32832894
 20
-1310.64831569
 30
0.0
  0
LWPOLYLINE
  5
1E1
  8
0
 62
0
370
-1
  6
BYLAYER
100
AcDbEntity
100
AcDbPolyline
 90
2
 70
0
 43
0.01
 10
-3280.32832894
 20
-1310.64831569
 30
0.0
 10
-3280.32832894
 20
-1048.51865858
 30
0.0
  0
LWPOLYLINE
  5
1E2
  8
0
 62
0
370
-1
  6
BYLAYER
100
AcDbEntity
100
AcDbPolyline
 90
2
 70
0
 43
0.01
 10
-3280.32832894
 20
-1048.51865858
 30
0.0
 10
-3280.32832894
 20
-786.38900473
 30
0.0
  0
LWPOLYLINE
  5
1E3
  8
0
 62
0
370
-1
  6
BYLAYER
100
AcDbEntity
100
AcDbPolyline
 90
2
 70
0
 43
0.01
 10
-3280.32832894
 20
-786.38900473
 30
0.0
 10
-3280.32832894
 20
-524.25935372
 30
0.0
  0
LWPOLYLINE
  5
1E4
  8
0
 62
0
370
-1
  6
BYLAYER
100
AcDbEntity
100
AcDbPolyline
 90
2
 70
0
 43
0.01
 10
-3280.32832894
 20
-524.25935372
 30
0.0
 10
-3280.32832894
 20
-262.12970516
 30
0.0
  0
LWPOLYLINE
  5
1E5
  8
0
 62
0
370
-1
  6
BYLAYER
100
AcDbEntity
100
AcDbPolyline
 90
2
 70
0
 43
0.01
 10
-3280.32832894
 20
-262.12970516
 30
0.0
 10
-3280.32832894
 20
-0.00005863
 30
0.0
  0
LWPOLYLINE
  5
1E6
  8
0
 62
0
370
-1
  6
BYLAYER
100
AcDbEntity
100
AcDbPolyline
 90
2
 70
0
 43
0.01
 10
-3280.32832894
 20
-0.00005863
 30
0.0
 10
-3280.32832894
 20
262.12958628
 30
0.0
  0
LWPOLYLINE
  5
1E7
  8
0
 62
0
370
-1
  6
BYLAYER
100
AcDbEntity
100
AcDbPolyline
 90
2
 70
0
 43
0.01
 10
-3280.32832894
 20
262.12958628
 30
0.0
 10
-3280.32832894
 20
524.25922998
 30
0.0
  0
LWPOLYLINE
  5
1E8
  8
0
 62
0
370
-1
  6
BYLAYER
100
AcDbEntity
100
AcDbPolyline
 90
2
 70
0
 43
0.01
 10
-3280.32832894
 20
524.25922998
 30
0.0
 10
-3280.32832894
 20
786.38887286
 30
0.0
  0
LWPOLYLINE
  5
1E9
  8
0
 62
0
370
-1
  6
BYLAYER
100
AcDbEntity
100
AcDbPolyline
 90
2
 70
0
 43
0.01
 10
-3280.32832894
 20
786.38887286
 30
0.0
 10
-3280.32832894
 20
1048.51851535
 30
0.0
  0
LWPOLYLINE
  5
1EA
  8
0
 62
0
370
-1
  6
BYLAYER
100
AcDbEntity
100
AcDbPolyline
 90
2
 70
0
 43
0.01
 10
-3280.32832894
 20
1048.51851535
 30
0.0
 10
-3280.32832894
 20
1310.64815786
 30
0.0
  0
LWPOLYLINE
  5
1EB
  8
0
 62
0
370
-1
  6
BYLAYER
100
AcDbEntity
100
AcDbPolyline
 90
2
 70
0
 43
0.01
 10
-3280.32832894
 20
1310.64815786
 30
0.0
 10
-3280.32832894
 20
1572.77780078
 30
0.0
  0
LWPOLYLINE
  5
1EC
  8
0
 62
0
370
-1
  6
BYLAYER
100
AcDbEntity
100
AcDbPolyline
 90
2
 70
0
 43
0.01
 10
-3280.32832894
 20
1572.77780078
 30
0.0
 10
-3280.32832894
 20
1572.77780078
 30
0.0
  0
LWPOLYLINE
  5
1ED
  8
0
 62
0
370
-1
  6
BYLAYER
100
AcDbEntity
100
AcDbPolyline
 90
2
 70
0
 43
0.01
 10
-3280.32832894
 20
1572.77780078
 30
0.0
 10
-3280.32832894
 20
1572.77780078
 30
0.0
  0
LWPOLYLINE
  5
1EE
  8
0
 62
0
370
-1
  6
BYLAYER
100
AcDbEntity
100
AcDbPolyline
 90
2
 70
0
 43
0.01
 10
-3280.32832894
 20
1572.77780078
 30
0.0
 10
-3280.32832894
 20
1572.77780078
 30
0.0
  0
LWPOLYLINE
  5
1EF
  8
0
 62
0
370
-1
  6
BYLAYER
100
AcDbEntity
100
AcDbPolyline
 90
2
 70
0
 43
0.01
 10
-3280.32832894
 20
1572.77780078
 30
0.0
 10
-3280.32832894
 20
1572.77780078
 30
0.0
  0
LWPOLYLINE
  5
1F0
  8
0
 62
0
370
-1
  6
BYLAYER
100
AcDbEntity
100
AcDbPolyline
 90
2
 70
0
 43
0.01
 10
-3280.32832894
 20
1572.77780078
 30
0.0
 10
-3280.32832894
 20
1572.77780078
 30
0.0
  0
LWPOLYLINE
  5
1F1
  8
0
 62
0
370
-1
  6
BYLAYER
100
AcDbEntity
100
AcDbPolyline
 90
2
 70
0
 43
0.01
 10
-3280.32832894
 20
1572.77780078
 30
0.0
 10
-3280.32832894
 20
1572.77780078
 30
0.0
  0
LWPOLYLINE
  5
1F2
  8
0
 62
0
370
-1
  6
BYLAYER
100
AcDbEntity
100
AcDbPolyline
 90
2
 70
0
 43
0.01
 10
-3280.32832894
 20
1572.77780078
 30
0.0
 10
-3280.32832894
 20
1572.77780078
 30
0.0
  0
LWPOLYLINE
  5
1F3
  8
0
 62
0
370
-1
  6
BYLAYER
100
AcDbEntity
100
AcDbPolyline
 90
2
 70
0
 43
0.01
 10
-3280.32832894
 20
1572.77780078
 30
0.0
 10
-3280.32832894
 20
1572.77780078
 30
0.0
  0
LWPOLYLINE
  5
1F4
  8
0
 62
0
370
-1
  6
BYLAYER
100
AcDbEntity
100
AcDbPolyline
 90
2
 70
0
 43
0.01
 10
-3280.32832894
 20
1572.77780078
 30
0.0
 10
-3280.32832894
 20
1572.77780078
 30
0.0
  0
LWPOLYLINE
  5
1F5
  8
0
 62
0
370
-1
  6
BYLAYER
100
AcDbEntity
100
AcDbPolyline
 90
2
 70
0
 43
0.01
 10
-3280.32832894
 20
1572.77780078
 30
0.0
 10
-3280.32832894
 20
1572.77780078
 30
0.0
  0
LWPOLYLINE
  5
1F6
  8
0
 62
0
370
-1
  6
BYLAYER
100
AcDbEntity
100
AcDbPolyline
 90
2
 70
0
 43
0.01
 10
-3280.32832894
 20
1572.77780078
 30
0.0
 10
-3280.32832894
 20
1572.77780078
 30
0.0
  0
LWPOLYLINE
  5
1F7
  8
0
 62
0
370
-1
  6
BYLAYER
100
AcDbEntity
100
AcDbPolyline
 90
2
 70
0
 43
0.01
 10
-3280.32832894
 20
1572.77780078
 30
0.0
 10
-3280.32832894
 20
1572.77780078
 30
0.0
  0
LWPOLYLINE
  5
1F8
  8
0
 62
0
370
-1
  6
BYLAYER
100
AcDbEntity
100
AcDbPolyline
 90
2
 70
0
 43
0.01
 10
-3280.32832894
 20
1572.77780078
 30
0.0
 10
-3280.32832894
 20
1572.77780078
 30
0.0
  0
LWPOLYLINE
  5
1F9
  8
0
 62
0
370
-1
  6
BYLAYER
100
AcDbEntity
100
AcDbPolyline
 90
2
 70
0
 43
0.01
 10
-3280.32832894
 20
1572.77780078
 30
0.0
 10
-3280.32832894
 20
1572.77780078
 30
0.0
  0
LWPOLYLINE
  5
1FA
  8
0
 62
0
370
-1
  6
BYLAYER
100
AcDbEntity
100
AcDbPolyline
 90
2
 70
0
 43
0.01
 10
-2465.51366442
 20
1572.77780078
 30
0.0
 10
-2465.51366442
 20
1572.77780078
 30
0.0
  0
LWPOLYLINE
  5
1FB
  8
0
 62
0
370
-1
  6
BYLAYER
100
AcDbEntity
100
AcDbPolyline
 90
2
 70
0
 43
0.01
 10
-2465.51366442
 20
1572.77780078
 30
0.0
 10
-2394.10087674
 20
1572.77780078
 30
0.0
  0
LWPOLYLINE
  5
1FC
  8
0
 62
0
370
-1
  6
BYLAYER
100
AcDbEntity
100
AcDbPolyline
 90
2
 70
0
 43
0.01
 10
-2394.10087674
 20
1572.77780078
 30
0.0
 10
-2322.68809148
 20
1572.77780078
 30
0.0
  0
LWPOLYLINE
  5
1FD
  8
0
 62
0
370
-1
  6
BYLAYER
100
AcDbEntity
100
AcDbPolyline
 90
2
 70
0
 43
0.01
 10
-2322.68809148
 20
1572.77780078
 30
0.0
 10
-2251.27530793
 20
1572.77780078
 30
0.0
  0
LWPOLYLINE
  5
1FE
  8
0
 62
0
370
-1
  6
BYLAYER
100
AcDbEntity
100
AcDbPolyline
 90
2
 70
0
 43
0.01
 10
-2251.27530793
 20
1572.77780078
 30
0.0
 10
-2179.86252543
 20
1572.77780078
 30
0.0
  0
LWPOLYLINE
  5
1FF
  8
0
 62
0
370
-1
  6
BYLAYER
100
AcDbEntity
100
AcDbPolyline
 90
2
 70
0
 43
0.01
 10
-2179.86252543
 20
1572.77780078
 30
0.0
 10
-2108.4497433
 20
1572.77780078
 30
0.0
  0
LWPOLYLINE
  5
200
  8
0
 62
0
370
-1
  6
BYLAYER
100
AcDbEntity
100
AcDbPolyline
 90
2
 70
0
 43
0.01
 10
-2108.4497433
 20
1572.77780078
 30
0.0
 10
-2037.03696083
 20
1572.77780078
 30
0.0
  0
LWPOLYLINE
  5
201
  8
0
 62
0
370
-1
  6
BYLAYER
100
AcDbEntity
100
AcDbPolyline
 90
2
 70
0
 43
0.01
 10
-2037.03696083
 20
1572.77780078
 30
0.0
 10
-1965.62417737
 20
1572.77780078
 30
0.0
  0
LWPOLYLINE
  5
202
  8
0
 62
0
370
-1
  6
BYLAYER
100
AcDbEntity
100
AcDbPolyline
 90
2
 70
0
 43
0.01
 10
-1965.62417737
 20
1572.77780078
 30
0.0
 10
-1894.21139222
 20
1572.77780078
 30
0.0
  0
LWPOLYLINE
  5
203
  8
0
 62
0
370
-1
  6
BYLAYER
100
AcDbEntity
100
AcDbPolyline
 90
2
 70
0
 43
0.01
 10
-1894.21139222
 20
1572.77780078
 30
0.0
 10
-1822.79860471
 20
1572.77780078
 30
0.0
  0
LWPOLYLINE
  5
204
  8
0
 62
0
370
-1
  6
BYLAYER
100
AcDbEntity
100
AcDbPolyline
 90
2
 70
0
 43
0.01
 10
-1822.79860471
 20
1572.77780078
 30
0.0
 10
-1751.38581415
 20
1572.77780078
 30
0.0
  0
LWPOLYLINE
  5
205
  8
0
 62
0
370
-1
  6
BYLAYER
100
AcDbEntity
100
AcDbPolyline
 90
2
 70
0
 43
0.01
 10
-1751.38581415
 20
1572.77780078
 30
0.0
 10
-1679.97301986
 20
1572.77780078
 30
0.0
  0
LWPOLYLINE
  5
206
  8
0
 62
0
370
-1
  6
BYLAYER
100
AcDbEntity
100
AcDbPolyline
 90
2
 70
0
 43
0.01
 10
-1679.97301986
 20
1572.77780078
 30
0.0
 10
-1608.56022116
 20
1572.77780078
 30
0.0
  0
LWPOLYLINE
  5
207
  8
0
 62
0
370
-1
  6
BYLAYER
100
AcDbEntity
100
AcDbPolyline
 90
2
 70
0
 43
0.01
 10
-1608.56022116
 20
1572.77780078
 30
0.0
 10
-1608.56022116
 20
1310.64815786
 30
0.0
  0
LWPOLYLINE
  5
208
  8
0
 62
0
370
-1
  6
BYLAYER
100
AcDbEntity
100
AcDbPolyline
 90
2
 70
0
 43
0.01
 10
-1608.56022116
 20
1310.64815786
 30
0.0
 10
-1608.56022116
 20
1048.51851535
 30
0.0
  0
LWPOLYLINE
  5
209
  8
0
 62
0
370
-1
  6
BYLAYER
100
AcDbEntity
100
AcDbPolyline
 90
2
 70
0
 43
0.01
 10
-1608.56022116
 20
1048.51851535
 30
0.0
 10
-1608.56022116
 20
786.38887286
 30
0.0
  0
LWPOLYLINE
  5
20A
  8
0
 62
0
370
-1
  6
BYLAYER
100
AcDbEntity
100
AcDbPolyline
 90
2
 70
0
 43
0.01
 10
-1608.56022116
 20
786.38887286
 30
0.0
 10
-1608.56022116
 20
524.25922998
 30
0.0
  0
LWPOLYLINE
  5
20B
  8
0
 62
0
370
-1
  6
BYLAYER
100
AcDbEntity
100
AcDbPolyline
 90
2
 70
0
 43
0.01
 10
-1608.56022116
 20
524.25922998
 30
0.0
 10
-1608.56022116
 20
262.12958628
 30
0.0
  0
LWPOLYLINE
  5
20C
  8
0
 62
0
370
-1
  6
BYLAYER
100
AcDbEntity
100
AcDbPolyline
 90
2
 70
0
 43
0.01
 10
-1608.56022116
 20
262.12958628
 30
0.0
 10
-1608.56022116
 20
-0.00005863
 30
0.0
  0
LWPOLYLINE
  5
20D
  8
0
 62
0
370
-1
  6
BYLAYER
100
AcDbEntity
100
AcDbPolyline
 90
2
 70
0
 43
0.01
 10
-1608.56022116
 20
-0.00005863
 30
0.0
 10
-1608.56022116
 20
-262.12970516
 30
0.0
  0
LWPOLYLINE
  5
20E
  8
0
 62
0
370
-1
  6
BYLAYER
100
AcDbEntity
100
AcDbPolyline
 90
2
 70
0
 43
0.01
 10
-1608.56022116
 20
-262.12970516
 30
0.0
 10
-1608.56022116
 20
-524.25935372
 30
0.0
  0
LWPOLYLINE
  5
20F
  8
0
 62
0
370
-1
  6
BYLAYER
100
AcDbEntity
100
AcDbPolyline
 90
2
 70
0
 43
0.01
 10
-1608.56022116
 20
-524.25935372
 30
0.0
 10
-1608.56022116
 20
-786.38900473
 30
0.0
  0
LWPOLYLINE
  5
210
  8
0
 62
0
370
-1
  6
BYLAYER
100
AcDbEntity
100
AcDbPolyline
 90
2
 70
0
 43
0.01
 10
-1608.56022116
 20
-786.38900473
 30
0.0
 10
-1608.56022116
 20
-1048.51865858
 30
0.0
  0
LWPOLYLINE
  5
211
  8
0
 62
0
370
-1
  6
BYLAYER
100
AcDbEntity
100
AcDbPolyline
 90
2
 70
0
 43
0.01
 10
-1608.56022116
 20
-1048.51865858
 30
0.0
 10
-1608.56022116
 20
-1310.64831569
 30
0.0
  0
LWPOLYLINE
  5
212
  8
0
 62
0
370
-1
  6
BYLAYER
100
AcDbEntity
100
AcDbPolyline
 90
2
 70
0
 43
0.01
 10
-1608.56022116
 20
-1310.64831569
 30
0.0
 10
-1608.56022116
 20
-1572.77797647
 30
0.0
  0
LWPOLYLINE
  5
213
  8
0
 62
0
370
-1
  6
BYLAYER
100
AcDbEntity
100
AcDbPolyline
 90
2
 70
0
 43
0.01
 10
-1608.56022116
 20
-1572.77797647
 30
0.0
 10
-1679.97301986
 20
-1572.77797647
 30
0.0
  0
LWPOLYLINE
  5
214
  8
0
 62
0
370
-1
  6
BYLAYER
100
AcDbEntity
100
AcDbPolyline
 90
2
 70
0
 43
0.01
 10
-1679.97301986
 20
-1572.77797647
 30
0.0
 10
-1751.38581415
 20
-1572.77797647
 30
0.0
  0
LWPOLYLINE
  5
215
  8
0
 62
0
370
-1
  6
BYLAYER
100
AcDbEntity
100
AcDbPolyline
 90
2
 70
0
 43
0.01
 10
-1751.38581415
 20
-1572.77797647
 30
0.0
 10
-1822.79860471
 20
-1572.77797647
 30
0.0
  0
LWPOLYLINE
  5
216
  8
0
 62
0
370
-1
  6
BYLAYER
100
AcDbEntity
100
AcDbPolyline
 90
2
 70
0
 43
0.01
 10
-1822.79860471
 20
-1572.77797647
 30
0.0
 10
-1894.21139222
 20
-1572.77797647
 30
0.0
  0
LWPOLYLINE
  5
217
  8
0
 62
0
370
-1
  6
BYLAYER
100
AcDbEntity
100
AcDbPolyline
 90
2
 70
0
 43
0.01
 10
-1894.21139222
 20
-1572.77797647
 30
0.0
 10
-1965.62417737
 20
-1572.77797647
 30
0.0
  0
LWPOLYLINE
  5
218
  8
0
 62
0
370
-1
  6
BYLAYER
100
AcDbEntity
100
AcDbPolyline
 90
2
 70
0
 43
0.01
 10
-1965.62417737
 20
-1572.77797647
 30
0.0
 10
-2037.03696083
 20
-1572.77797647
 30
0.0
  0
LWPOLYLINE
  5
219
  8
0
 62
0
370
-1
  6
BYLAYER
100
AcDbEntity
100
AcDbPolyline
 90
2
 70
0
 43
0.01
 10
-2037.03696083
 20
-1572.77797647
 30
0.0
 10
-2108.4497433
 20
-1572.77797647
 30
0.0
  0
LWPOLYLINE
  5
21A
  8
0
 62
0
370
-1
  6
BYLAYER
100
AcDbEntity
100
AcDbPolyline
 90
2
 70
0
 43
0.01
 10
-2108.4497433
 20
-1572.77797647
 30
0.0
 10
-2179.86252543
 20
-1572.77797647
 30
0.0
  0
LWPOLYLINE
  5
21B
  8
0
 62
0
370
-1
  6
BYLAYER
100
AcDbEntity
100
AcDbPolyline
 90
2
 70
0
 43
0.01
 10
-2179.86252543
 20
-1572.77797647
 30
0.0
 10
-2251.27530793
 20
-1572.77797647
 30
0.0
  0
LWPOLYLINE
  5
21C
  8
0
 62
0
370
-1
  6
BYLAYER
100
AcDbEntity
100
AcDbPolyline
 90
2
 70
0
 43
0.01
 10
-2251.27530793
 20
-1572.77797647
 30
0.0
 10
-2322.68809148
 20
-1572.77797647
 30
0.0
  0
LWPOLYLINE
  5
21D
  8
0
 62
0
370
-1
  6
BYLAYER
100
AcDbEntity
100
AcDbPolyline
 90
2
 70
0
 43
0.01
 10
-2322.68809148
 20
-1572.77797647
 30
0.0
 10
-2394.10087674
 20
-1572.77797647
 30
0.0
  0
LWPOLYLINE
  5
21E
  8
0
 62
0
370
-1
  6
BYLAYER
100
AcDbEntity
100
AcDbPolyline
 90
2
 70
0
 43
0.01
 10
-2394.10087674
 20
-1572.77797647
 30
0.0
 10
-2465.51366442
 20
-1572.77797647
 30
0.0
  0
LWPOLYLINE
  5
21F
  8
0
 62
0
370
-1
  6
BYLAYER
100
AcDbEntity
100
AcDbPolyline
 90
2
 70
0
 43
0.01
 10
-2465.51366442
 20
-1572.77797647
 30
0.0
 10
-2465.51366442
 20
-1310.64831569
 30
0.0
  0
LWPOLYLINE
  5
220
  8
0
 62
0
370
-1
  6
BYLAYER
100
AcDbEntity
100
AcDbPolyline
 90
2
 70
0
 43
0.01
 10
-2465.51366442
 20
-1310.64831569
 30
0.0
 10
-2465.51366442
 20
-1048.51865858
 30
0.0
  0
LWPOLYLINE
  5
221
  8
0
 62
0
370
-1
  6
BYLAYER
100
AcDbEntity
100
AcDbPolyline
 90
2
 70
0
 43
0.01
 10
-2465.51366442
 20
-1048.51865858
 30
0.0
 10
-2465.51366442
 20
-786.38900473
 30
0.0
  0
LWPOLYLINE
  5
222
  8
0
 62
0
370
-1
  6
BYLAYER
100
AcDbEntity
100
AcDbPolyline
 90
2
 70
0
 43
0.01
 10
-2465.51366442
 20
-786.38900473
 30
0.0
 10
-2465.51366442
 20
-524.25935372
 30
0.0
  0
LWPOLYLINE
  5
223
  8
0
 62
0
370
-1
  6
BYLAYER
100
AcDbEntity
100
AcDbPolyline
 90
2
 70
0
 43
0.01
 10
-2465.51366442
 20
-524.25935372
 30
0.0
 10
-2465.51366442
 20
-262.12970516
 30
0.0
  0
LWPOLYLINE
  5
224
  8
0
 62
0
370
-1
  6
BYLAYER
100
AcDbEntity
100
AcDbPolyline
 90
2
 70
0
 43
0.01
 10
-2465.51366442
 20
-262.12970516
 30
0.0
 10
-2465.51366442
 20
-0.00005863
 30
0.0
  0
LWPOLYLINE
  5
225
  8
0
 62
0
370
-1
  6
BYLAYER
100
AcDbEntity
100
AcDbPolyline
 90
2
 70
0
 43
0.01
 10
-2465.51366442
 20
-0.00005863
 30
0.0
 10
-2465.51366442
 20
262.12958628
 30
0.0
  0
LWPOLYLINE
  5
226
  8
0
 62
0
370
-1
  6
BYLAYER
100
AcDbEntity
100
AcDbPolyline
 90
2
 70
0
 43
0.01
 10
-2465.51366442
 20
262.12958628
 30
0.0
 10
-2465.51366442
 20
524.25922998
 30
0.0
  0
LWPOLYLINE
  5
227
  8
0
 62
0
370
-1
  6
BYLAYER
100
AcDbEntity
100
AcDbPolyline
 90
2
 70
0
 43
0.01
 10
-2465.51366442
 20
524.25922998
 30
0.0
 10
-2465.51366442
 20
786.38887286
 30
0.0
  0
LWPOLYLINE
  5
228
  8
0
 62
0
370
-1
  6
BYLAYER
100
AcDbEntity
100
AcDbPolyline
 90
2
 70
0
 43
0.01
 10
-2465.51366442
 20
786.38887286
 30
0.0
 10
-2465.51366442
 20
1048.51851535
 30
0.0
  0
LWPOLYLINE
  5
229
  8
0
 62
0
370
-1
  6
BYLAYER
100
AcDbEntity
100
AcDbPolyline
 90
2
 70
0
 43
0.01
 10
-2465.51366442
 20
1048.51851535
 30
0.0
 10
-2465.51366442
 20
1310.64815786
 30
0.0
  0
LWPOLYLINE
  5
22A
  8
0
 62
0
370
-1
  6
BYLAYER
100
AcDbEntity
100
AcDbPolyline
 90
2
 70
0
 43
0.01
 10
-2465.51366442
 20
1310.64815786
 30
0.0
 10
-2465.51366442
 20
1572.77780078
 30
0.0
  0
LWPOLYLINE
  5
22B
  8
0
 62
0
370
-1
  6
BYLAYER
100
AcDbEntity
100
AcDbPolyline
 90
2
 70
0
 43
0.01
 10
-2465.51366442
 20
1572.77780078
 30
0.0
 10
-2465.51366442
 20
1572.77780078
 30
0.0
  0
LWPOLYLINE
  5
22C
  8
0
 62
0
370
-1
  6
BYLAYER
100
AcDbEntity
100
AcDbPolyline
 90
2
 70
0
 43
0.01
 10
-2465.51366442
 20
1572.77780078
 30
0.0
 10
-2465.51366442
 20
1572.77780078
 30
0.0
  0
LWPOLYLINE
  5
22D
  8
0
 62
0
370
-1
  6
BYLAYER
100
AcDbEntity
100
AcDbPolyline
 90
2
 70
0
 43
0.01
 10
-2465.51366442
 20
1572.77780078
 30
0.0
 10
-2465.51366442
 20
1572.77780078
 30
0.0
  0
LWPOLYLINE
  5
22E
  8
0
 62
0
370
-1
  6
BYLAYER
100
AcDbEntity
100
AcDbPolyline
 90
2
 70
0
 43
0.01
 10
-2465.51366442
 20
1572.77780078
 30
0.0
 10
-2465.51366442
 20
1572.77780078
 30
0.0
  0
LWPOLYLINE
  5
22F
  8
0
 62
0
370
-1
  6
BYLAYER
100
AcDbEntity
100
AcDbPolyline
 90
2
 70
0
 43
0.01
 10
-2465.51366442
 20
1572.77780078
 30
0.0
 10
-2465.51366442
 20
1572.77780078
 30
0.0
  0
LWPOLYLINE
  5
230
  8
0
 62
0
370
-1
  6
BYLAYER
100
AcDbEntity
100
AcDbPolyline
 90
2
 70
0
 43
0.01
 10
-2465.51366442
 20
1572.77780078
 30
0.0
 10
-2465.51366442
 20
1572.77780078
 30
0.0
  0
LWPOLYLINE
  5
231
  8
0
 62
0
370
-1
  6
BYLAYER
100
AcDbEntity
100
AcDbPolyline
 90
2
 70
0
 43
0.01
 10
-2465.51366442
 20
1572.77780078
 30
0.0
 10
-2465.51366442
 20
1572.77780078
 30
0.0
  0
LWPOLYLINE
  5
232
  8
0
 62
0
370
-1
  6
BYLAYER
100
AcDbEntity
100
AcDbPolyline
 90
2
 70
0
 43
0.01
 10
-2465.51366442
 20
1572.77780078
 30
0.0
 10
-2465.51366442
 20
1572.77780078
 30
0.0
  0
LWPOLYLINE
  5
233
  8
0
 62
0
370
-1
  6
BYLAYER
100
AcDbEntity
100
AcDbPolyline
 90
2
 70
0
 43
0.01
 10
-2465.51366442
 20
1572.77780078
 30
0.0
 10
-2465.51366442
 20
1572.77780078
 30
0.0
  0
LWPOLYLINE
  5
234
  8
0
 62
0
370
-1
  6
BYLAYER
100
AcDbEntity
100
AcDbPolyline
 90
2
 70
0
 43
0.01
 10
-2465.51366442
 20
1572.77780078
 30
0.0
 10
-2465.51366442
 20
1572.77780078
 30
0.0
  0
LWPOLYLINE
  5
235
  8
0
 62
0
370
-1
  6
BYLAYER
100
AcDbEntity
100
AcDbPolyline
 90
2
 70
0
 43
0.01
 10
-2465.51366442
 20
1572.77780078
 30
0.0
 10
-2465.51366442
 20
1572.77780078
 30
0.0
  0
LWPOLYLINE
  5
236
  8
0
 62
0
370
-1
  6
BYLAYER
100
AcDbEntity
100
AcDbPolyline
 90
2
 70
0
 43
0.01
 10
-2465.51366442
 20
1572.77780078
 30
0.0
 10
-2465.51366442
 20
1572.77780078
 30
0.0
  0
LWPOLYLINE
  5
237
  8
0
 62
0
370
-1
  6
BYLAYER
100
AcDbEntity
100
AcDbPolyline
 90
2
 70
0
 43
0.01
 10
-2465.51366442
 20
1572.77780078
 30
0.0
 10
-2465.51366442
 20
1572.77780078
 30
0.0
  0
LWPOLYLINE
  5
238
  8
0
 62
0
370
-1
  6
BYLAYER
100
AcDbEntity
100
AcDbPolyline
 90
2
 70
0
 43
0.01
 10
-2465.51366442
 20
1572.77780078
 30
0.0
 10
-2465.51366442
 20
1572.77780078
 30
0.0
  0
LWPOLYLINE
  5
239
  8
0
 62
0
370
-1
  6
BYLAYER
100
AcDbEntity
100
AcDbPolyline
 90
2
 70
0
 43
0.01
 10
-1650.69860879
 20
1572.77780078
 30
0.0
 10
-1650.69860879
 20
1572.77780078
 30
0.0
  0
LWPOLYLINE
  5
23A
  8
0
 62
0
370
-1
  6
BYLAYER
100
AcDbEntity
100
AcDbPolyline
 90
2
 70
0
 43
0.01
 10
-1650.69860879
 20
1572.77780078
 30
0.0
 10
-1579.28582112
 20
1572.77780078
 30
0.0
  0
LWPOLYLINE
  5
23B
  8
0
 62
0
370
-1
  6
BYLAYER
100
AcDbEntity
100
AcDbPolyline
 90
2
 70
0
 43
0.01
 10
-1579.28582112
 20
1572.77780078
 30
0.0
 10
-1507.87303585
 20
1572.77780078
 30
0.0
  0
LWPOLYLINE
  5
23C
  8
0
 62
0
370
-1
  6
BYLAYER
100
AcDbEntity
100
AcDbPolyline
 90
2
 70
0
 43
0.01
 10
-1507.87303585
 20
1572.77780078
 30
0.0
 10
-1436.46025231
 20
1572.77780078
 30
0.0
  0
LWPOLYLINE
  5
23D
  8
0
 62
0
370
-1
  6
BYLAYER
100
AcDbEntity
100
AcDbPolyline
 90
2
 70
0
 43
0.01
 10
-1436.46025231
 20
1572.77780078
 30
0.0
 10
-1365.04746981
 20
1572.77780078
 30
0.0
  0
LWPOLYLINE
  5
23E
  8
0
 62
0
370
-1
  6
BYLAYER
100
AcDbEntity
100
AcDbPolyline
 90
2
 70
0
 43
0.01
 10
-1365.04746981
 20
1572.77780078
 30
0.0
 10
-1293.63468767
 20
1572.77780078
 30
0.0
  0
LWPOLYLINE
  5
23F
  8
0
 62
0
370
-1
  6
BYLAYER
100
AcDbEntity
100
AcDbPolyline
 90
2
 70
0
 43
0.01
 10
-1293.63468767
 20
1572.77780078
 30
0.0
 10
-1222.22190521
 20
1572.77780078
 30
0.0
  0
LWPOLYLINE
  5
240
  8
0
 62
0
370
-1
  6
BYLAYER
100
AcDbEntity
100
AcDbPolyline
 90
2
 70
0
 43
0.01
 10
-1222.22190521
 20
1572.77780078
 30
0.0
 10
-1150.80912175
 20
1572.77780078
 30
0.0
  0
LWPOLYLINE
  5
241
  8
0
 62
0
370
-1
  6
BYLAYER
100
AcDbEntity
100
AcDbPolyline
 90
2
 70
0
 43
0.01
 10
-1150.80912175
 20
1572.77780078
 30
0.0
 10
-1079.3963366
 20
1572.77780078
 30
0.0
  0
LWPOLYLINE
  5
242
  8
0
 62
0
370
-1
  6
BYLAYER
100
AcDbEntity
100
AcDbPolyline
 90
2
 70
0
 43
0.01
 10
-1079.3963366
 20
1572.77780078
 30
0.0
 10
-1007.98354908
 20
1572.77780078
 30
0.0
  0
LWPOLYLINE
  5
243
  8
0
 62
0
370
-1
  6
BYLAYER
100
AcDbEntity
100
AcDbPolyline
 90
2
 70
0
 43
0.01
 10
-1007.98354908
 20
1572.77780078
 30
0.0
 10
-936.57075852
 20
1572.77780078
 30
0.0
  0
LWPOLYLINE
  5
244
  8
0
 62
0
370
-1
  6
BYLAYER
100
AcDbEntity
100
AcDbPolyline
 90
2
 70
0
 43
0.01
 10
-936.57075852
 20
1572.77780078
 30
0.0
 10
-865.15796423
 20
1572.77780078
 30
0.0
  0
LWPOLYLINE
  5
245
  8
0
 62
0
370
-1
  6
BYLAYER
100
AcDbEntity
100
AcDbPolyline
 90
2
 70
0
 43
0.01
 10
-865.15796423
 20
1572.77780078
 30
0.0
 10
-793.74516553
 20
1572.77780078
 30
0.0
  0
LWPOLYLINE
  5
246
  8
0
 62
0
370
-1
  6
BYLAYER
100
AcDbEntity
100
AcDbPolyline
 90
2
 70
0
 43
0.01
 10
-793.74516553
 20
1572.77780078
 30
0.0
 10
-793.74516553
 20
1310.64815786
 30
0.0
  0
LWPOLYLINE
  5
247
  8
0
 62
0
370
-1
  6
BYLAYER
100
AcDbEntity
100
AcDbPolyline
 90
2
 70
0
 43
0.01
 10
-793.74516553
 20
1310.64815786
 30
0.0
 10
-793.74516553
 20
1048.51851535
 30
0.0
  0
LWPOLYLINE
  5
248
  8
0
 62
0
370
-1
  6
BYLAYER
100
AcDbEntity
100
AcDbPolyline
 90
2
 70
0
 43
0.01
 10
-793.74516553
 20
1048.51851535
 30
0.0
 10
-793.74516553
 20
786.38887286
 30
0.0
  0
LWPOLYLINE
  5
249
  8
0
 62
0
370
-1
  6
BYLAYER
100
AcDbEntity
100
AcDbPolyline
 90
2
 70
0
 43
0.01
 10
-793.74516553
 20
786.38887286
 30
0.0
 10
-793.74516553
 20
524.25922998
 30
0.0
  0
LWPOLYLINE
  5
24A
  8
0
 62
0
370
-1
  6
BYLAYER
100
AcDbEntity
100
AcDbPolyline
 90
2
 70
0
 43
0.01
 10
-793.74516553
 20
524.25922998
 30
0.0
 10
-793.74516553
 20
262.12958628
 30
0.0
  0
LWPOLYLINE
  5
24B
  8
0
 62
0
370
-1
  6
BYLAYER
100
AcDbEntity
100
AcDbPolyline
 90
2
 70
0
 43
0.01
 10
-793.74516553
 20
262.12958628
 30
0.0
 10
-793.74516553
 20
-0.00005863
 30
0.0
  0
LWPOLYLINE
  5
24C
  8
0
 62
0
370
-1
  6
BYLAYER
100
AcDbEntity
100
AcDbPolyline
 90
2
 70
0
 43
0.01
 10
-793.74516553
 20
-0.00005863
 30
0.0
 10
-793.74516553
 20
-262.12970516
 30
0.0
  0
LWPOLYLINE
  5
24D
  8
0
 62
0
370
-1
  6
BYLAYER
100
AcDbEntity
100
AcDbPolyline
 90
2
 70
0
 43
0.01
 10
-793.74516553
 20
-262.12970516
 30
0.0
 10
-793.74516553
 20
-524.25935372
 30
0.0
  0
LWPOLYLINE
  5
24E
  8
0
 62
0
370
-1
  6
BYLAYER
100
AcDbEntity
100
AcDbPolyline
 90
2
 70
0
 43
0.01
 10
-793.74516553
 20
-524.25935372
 30
0.0
 10
-793.74516553
 20
-786.38900473
 30
0.0
  0
LWPOLYLINE
  5
24F
  8
0
 62
0
370
-1
  6
BYLAYER
100
AcDbEntity
100
AcDbPolyline
 90
2
 70
0
 43
0.01
 10
-793.74516553
 20
-786.38900473
 30
0.0
 10
-793.74516553
 20
-1048.51865858
 30
0.0
  0
LWPOLYLINE
  5
250
  8
0
 62
0
370
-1
  6
BYLAYER
100
AcDbEntity
100
AcDbPolyline
 90
2
 70
0
 43
0.01
 10
-793.74516553
 20
-1048.51865858
 30
0.0
 10
-793.74516553
 20
-1310.64831569
 30
0.0
  0
LWPOLYLINE
  5
251
  8
0
 62
0
370
-1
  6
BYLAYER
100
AcDbEntity
100
AcDbPolyline
 90
2
 70
0
 43
0.01
 10
-793.74516553
 20
-1310.64831569
 30
0.0
 10
-793.74516553
 20
-1572.77797647
 30
0.0
  0
LWPOLYLINE
  5
252
  8
0
 62
0
370
-1
  6
BYLAYER
100
AcDbEntity
100
AcDbPolyline
 90
2
 70
0
 43
0.01
 10
-793.74516553
 20
-1572.77797647
 30
0.0
 10
-865.15796423
 20
-1572.77797647
 30
0.0
  0
LWPOLYLINE
  5
253
  8
0
 62
0
370
-1
  6
BYLAYER
100
AcDbEntity
100
AcDbPolyline
 90
2
 70
0
 43
0.01
 10
-865.15796423
 20
-1572.77797647
 30
0.0
 10
-936.57075852
 20
-1572.77797647
 30
0.0
  0
LWPOLYLINE
  5
254
  8
0
 62
0
370
-1
  6
BYLAYER
100
AcDbEntity
100
AcDbPolyline
 90
2
 70
0
 43
0.01
 10
-936.57075852
 20
-1572.77797647
 30
0.0
 10
-1007.98354908
 20
-1572.77797647
 30
0.0
  0
LWPOLYLINE
  5
255
  8
0
 62
0
370
-1
  6
BYLAYER
100
AcDbEntity
100
AcDbPolyline
 90
2
 70
0
 43
0.01
 10
-1007.98354908
 20
-1572.77797647
 30
0.0
 10
-1079.3963366
 20
-1572.77797647
 30
0.0
  0
LWPOLYLINE
  5
256
  8
0
 62
0
370
-1
  6
BYLAYER
100
AcDbEntity
100
AcDbPolyline
 90
2
 70
0
 43
0.01
 10
-1079.3963366
 20
-1572.77797647
 30
0.0
 10
-1150.80912175
 20
-1572.77797647
 30
0.0
  0
LWPOLYLINE
  5
257
  8
0
 62
0
370
-1
  6
BYLAYER
100
AcDbEntity
100
AcDbPolyline
 90
2
 70
0
 43
0.01
 10
-1150.80912175
 20
-1572.77797647
 30
0.0
 10
-1222.22190521
 20
-1572.77797647
 30
0.0
  0
LWPOLYLINE
  5
258
  8
0
 62
0
370
-1
  6
BYLAYER
100
AcDbEntity
100
AcDbPolyline
 90
2
 70
0
 43
0.01
 10
-1222.22190521
 20
-1572.77797647
 30
0.0
 10
-1293.63468767
 20
-1572.77797647
 30
0.0
  0
LWPOLYLINE
  5
259
  8
0
 62
0
370
-1
  6
BYLAYER
100
AcDbEntity
100
AcDbPolyline
 90
2
 70
0
 43
0.01
 10
-1293.63468767
 20
-1572.77797647
 30
0.0
 10
-1365.04746981
 20
-1572.77797647
 30
0.0
  0
LWPOLYLINE
  5
25A
  8
0
 62
0
370
-1
  6
BYLAYER
100
AcDbEntity
100
AcDbPolyline
 90
2
 70
0
 43
0.01
 10
-1365.04746981
 20
-1572.77797647
 30
0.0
 10
-1436.46025231
 20
-1572.77797647
 30
0.0
  0
LWPOLYLINE
  5
25B
  8
0
 62
0
370
-1
  6
BYLAYER
100
AcDbEntity
100
AcDbPolyline
 90
2
 70
0
 43
0.01
 10
-1436.46025231
 20
-1572.77797647
 30
0.0
 10
-1507.87303585
 20
-1572.77797647
 30
0.0
  0
LWPOLYLINE
  5
25C
  8
0
 62
0
370
-1
  6
BYLAYER
100
AcDbEntity
100
AcDbPolyline
 90
2
 70
0
 43
0.01
 10
-1507.87303585
 20
-1572.77797647
 30
0.0
 10
-1579.28582112
 20
-1572.77797647
 30
0.0
  0
LWPOLYLINE
  5
25D
  8
0
 62
0
370
-1
  6
BYLAYER
100
AcDbEntity
100
AcDbPolyline
 90
2
 70
0
 43
0.01
 10
-1579.28582112
 20
-1572.77797647
 30
0.0
 10
-1650.69860879
 20
-1572.77797647
 30
0.0
  0
LWPOLYLINE
  5
25E
  8
0
 62
0
370
-1
  6
BYLAYER
100
AcDbEntity
100
AcDbPolyline
 90
2
 70
0
 43
0.01
 10
-1650.69860879
 20
-1572.77797647
 30
0.0
 10
-1650.69860879
 20
-1310.64831569
 30
0.0
  0
LWPOLYLINE
  5
25F
  8
0
 62
0
370
-1
  6
BYLAYER
100
AcDbEntity
100
AcDbPolyline
 90
2
 70
0
 43
0.01
 10
-1650.69860879
 20
-1310.64831569
 30
0.0
 10
-1650.69860879
 20
-1048.51865858
 30
0.0
  0
LWPOLYLINE
  5
260
  8
0
 62
0
370
-1
  6
BYLAYER
100
AcDbEntity
100
AcDbPolyline
 90
2
 70
0
 43
0.01
 10
-1650.69860879
 20
-1048.51865858
 30
0.0
 10
-1650.69860879
 20
-786.38900473
 30
0.0
  0
LWPOLYLINE
  5
261
  8
0
 62
0
370
-1
  6
BYLAYER
100
AcDbEntity
100
AcDbPolyline
 90
2
 70
0
 43
0.01
 10
-1650.69860879
 20
-786.38900473
 30
0.0
 10
-1650.69860879
 20
-524.25935372
 30
0.0
  0
LWPOLYLINE
  5
262
  8
0
 62
0
370
-1
  6
BYLAYER
100
AcDbEntity
100
AcDbPolyline
 90
2
 70
0
 43
0.01
 10
-1650.69860879
 20
-524.25935372
 30
0.0
 10
-1650.69860879
 20
-262.12970516
 30
0.0
  0
LWPOLYLINE
  5
263
  8
0
 62
0
370
-1
  6
BYLAYER
100
AcDbEntity
100
AcDbPolyline
 90
2
 70
0
 43
0.01
 10
-1650.69860879
 20
-262.12970516
 30
0.0
 10
-1650.69860879
 20
-0.00005863
 30
0.0
  0
LWPOLYLINE
  5
264
  8
0
 62
0
370
-1
  6
BYLAYER
100
AcDbEntity
100
AcDbPolyline
 90
2
 70
0
 43
0.01
 10
-1650.69860879
 20
-0.00005863
 30
0.0
 10
-1650.69860879
 20
262.12958628
 30
0.0
  0
LWPOLYLINE
  5
265
  8
0
 62
0
370
-1
  6
BYLAYER
100
AcDbEntity
100
AcDbPolyline
 90
2
 70
0
 43
0.01
 10
-1650.69860879
 20
262.12958628
 30
0.0
 10
-1650.69860879
 20
524.25922998
 30
0.0
  0
LWPOLYLINE
  5
266
  8
0
 62
0
370
-1
  6
BYLAYER
100
AcDbEntity
100
AcDbPolyline
 90
2
 70
0
 43
0.01
 10
-1650.69860879
 20
524.25922998
 30
0.0
 10
-1650.69860879
 20
786.38887286
 30
0.0
  0
LWPOLYLINE
  5
267
  8
0
 62
0
370
-1
  6
BYLAYER
100
AcDbEntity
100
AcDbPolyline
 90
2
 70
0
 43
0.01
 10
-1650.69860879
 20
786.38887286
 30
0.0
 10
-1650.69860879
 20
1048.51851535
 30
0.0
  0
LWPOLYLINE
  5
268
  8
0
 62
0
370
-1
  6
BYLAYER
100
AcDbEntity
100
AcDbPolyline
 90
2
 70
0
 43
0.01
 10
-1650.69860879
 20
1048.51851535
 30
0.0
 10
-1650.69860879
 20
1310.64815786
 30
0.0
  0
LWPOLYLINE
  5
269
  8
0
 62
0
370
-1
  6
BYLAYER
100
AcDbEntity
100
AcDbPolyline
 90
2
 70
0
 43
0.01
 10
-1650.69860879
 20
1310.64815786
 30
0.0
 10
-1650.69860879
 20
1572.77780078
 30
0.0
  0
LWPOLYLINE
  5
26A
  8
0
 62
0
370
-1
  6
BYLAYER
100
AcDbEntity
100
AcDbPolyline
 90
2
 70
0
 43
0.01
 10
-1650.69860879
 20
1572.77780078
 30
0.0
 10
-1650.69860879
 20
1572.77780078
 30
0.0
  0
LWPOLYLINE
  5
26B
  8
0
 62
0
370
-1
  6
BYLAYER
100
AcDbEntity
100
AcDbPolyline
 90
2
 70
0
 43
0.01
 10
-1650.69860879
 20
1572.77780078
 30
0.0
 10
-1650.69860879
 20
1572.77780078
 30
0.0
  0
LWPOLYLINE
  5
26C
  8
0
 62
0
370
-1
  6
BYLAYER
100
AcDbEntity
100
AcDbPolyline
 90
2
 70
0
 43
0.01
 10
-1650.69860879
 20
1572.77780078
 30
0.0
 10
-1650.69860879
 20
1572.77780078
 30
0.0
  0
LWPOLYLINE
  5
26D
  8
0
 62
0
370
-1
  6
BYLAYER
100
AcDbEntity
100
AcDbPolyline
 90
2
 70
0
 43
0.01
 10
-1650.69860879
 20
1572.77780078
 30
0.0
 10
-1650.69860879
 20
1572.77780078
 30
0.0
  0
LWPOLYLINE
  5
26E
  8
0
 62
0
370
-1
  6
BYLAYER
100
AcDbEntity
100
AcDbPolyline
 90
2
 70
0
 43
0.01
 10
-1650.69860879
 20
1572.77780078
 30
0.0
 10
-1650.69860879
 20
1572.77780078
 30
0.0
  0
LWPOLYLINE
  5
26F
  8
0
 62
0
370
-1
  6
BYLAYER
100
AcDbEntity
100
AcDbPolyline
 90
2
 70
0
 43
0.01
 10
-1650.69860879
 20
1572.77780078
 30
0.0
 10
-1650.69860879
 20
1572.77780078
 30
0.0
  0
LWPOLYLINE
  5
270
  8
0
 62
0
370
-1
  6
BYLAYER
100
AcDbEntity
100
AcDbPolyline
 90
2
 70
0
 43
0.01
 10
-1650.69860879
 20
1572.77780078
 30
0.0
 10
-1650.69860879
 20
1572.77780078
 30
0.0
  0
LWPOLYLINE
  5
271
  8
0
 62
0
370
-1
  6
BYLAYER
100
AcDbEntity
100
AcDbPolyline
 90
2
 70
0
 43
0.01
 10
-1650.69860879
 20
1572.77780078
 30
0.0
 10
-1650.69860879
 20
1572.77780078
 30
0.0
  0
LWPOLYLINE
  5
272
  8
0
 62
0
370
-1
  6
BYLAYER
100
AcDbEntity
100
AcDbPolyline
 90
2
 70
0
 43
0.01
 10
-1650.69860879
 20
1572.77780078
 30
0.0
 10
-1650.69860879
 20
1572.77780078
 30
0.0
  0
LWPOLYLINE
  5
273
  8
0
 62
0
370
-1
  6
BYLAYER
100
AcDbEntity
100
AcDbPolyline
 90
2
 70
0
 43
0.01
 10
-1650.69860879
 20
1572.77780078
 30
0.0
 10
-1650.69860879
 20
1572.77780078
 30
0.0
  0
LWPOLYLINE
  5
274
  8
0
 62
0
370
-1
  6
BYLAYER
100
AcDbEntity
100
AcDbPolyline
 90
2
 70
0
 43
0.01
 10
-1650.69860879
 20
1572.77780078
 30
0.0
 10
-1650.69860879
 20
1572.77780078
 30
0.0
  0
LWPOLYLINE
  5
275
  8
0
 62
0
370
-1
  6
BYLAYER
100
AcDbEntity
100
AcDbPolyline
 90
2
 70
0
 43
0.01
 10
-1650.69860879
 20
1572.77780078
 30
0.0
 10
-1650.69860879
 20
1572.77780078
 30
0.0
  0
LWPOLYLINE
  5
276
  8
0
 62
0
370
-1
  6
BYLAYER
100
AcDbEntity
100
AcDbPolyline
 90
2
 70
0
 43
0.01
 10
-1650.69860879
 20
1572.77780078
 30
0.0
 10
-1650.69860879
 20
1572.77780078
 30
0.0
  0
LWPOLYLINE
  5
277
  8
0
 62
0
370
-1
  6
BYLAYER
100
AcDbEntity
100
AcDbPolyline
 90
2
 70
0
 43
0.01
 10
-1650.69860879
 20
1572.77780078
 30
0.0
 10
-1650.69860879
 20
1572.77780078
 30
0.0
  0
LWPOLYLINE
  5
278
  8
0
 62
0
370
-1
  6
BYLAYER
100
AcDbEntity
100
AcDbPolyline
 90
2
 70
0
 43
0.01
 10
-835.88394427
 20
1572.77780078
 30
0.0
 10
-835.88394427
 20
1572.77780078
 30
0.0
  0
LWPOLYLINE
  5
279
  8
0
 62
0
370
-1
  6
BYLAYER
100
AcDbEntity
100
AcDbPolyline
 90
2
 70
0
 43
0.01
 10
-835.88394427
 20
1572.77780078
 30
0.0
 10
-764.4711566
 20
1572.77780078
 30
0.0
  0
LWPOLYLINE
  5
27A
  8
0
 62
0
370
-1
  6
BYLAYER
100
AcDbEntity
100
AcDbPolyline
 90
2
 70
0
 43
0.01
 10
-764.4711566
 20
1572.77780078
 30
0.0
 10
-693.05837133
 20
1572.77780078
 30
0.0
  0
LWPOLYLINE
  5
27B
  8
0
 62
0
370
-1
  6
BYLAYER
100
AcDbEntity
100
AcDbPolyline
 90
2
 70
0
 43
0.01
 10
-693.05837133
 20
1572.77780078
 30
0.0
 10
-621.64558779
 20
1572.77780078
 30
0.0
  0
LWPOLYLINE
  5
27C
  8
0
 62
0
370
-1
  6
BYLAYER
100
AcDbEntity
100
AcDbPolyline
 90
2
 70
0
 43
0.01
 10
-621.64558779
 20
1572.77780078
 30
0.0
 10
-550.23280529
 20
1572.77780078
 30
0.0
  0
LWPOLYLINE
  5
27D
  8
0
 62
0
370
-1
  6
BYLAYER
100
AcDbEntity
100
AcDbPolyline
 90
2
 70
0
 43
0.01
 10
-550.23280529
 20
1572.77780078
 30
0.0
 10
-478.82002315
 20
1572.77780078
 30
0.0
  0
LWPOLYLINE
  5
27E
  8
0
 62
0
370
-1
  6
BYLAYER
100
AcDbEntity
100
AcDbPolyline
 90
2
 70
0
 43
0.01
 10
-478.82002315
 20
1572.77780078
 30
0.0
 10
-407.40724069
 20
1572.77780078
 30
0.0
  0
LWPOLYLINE
  5
27F
  8
0
 62
0
370
-1
  6
BYLAYER
100
AcDbEntity
100
AcDbPolyline
 90
2
 70
0
 43
0.01
 10
-407.40724069
 20
1572.77780078
 30
0.0
 10
-335.99445723
 20
1572.77780078
 30
0.0
  0
LWPOLYLINE
  5
280
  8
0
 62
0
370
-1
  6
BYLAYER
100
AcDbEntity
100
AcDbPolyline
 90
2
 70
0
 43
0.01
 10
-335.99445723
 20
1572.77780078
 30
0.0
 10
-264.58167208
 20
1572.77780078
 30
0.0
  0
LWPOLYLINE
  5
281
  8
0
 62
0
370
-1
  6
BYLAYER
100
AcDbEntity
100
AcDbPolyline
 90
2
 70
0
 43
0.01
 10
-264.58167208
 20
1572.77780078
 30
0.0
 10
-193.16888457
 20
1572.77780078
 30
0.0
  0
LWPOLYLINE
  5
282
  8
0
 62
0
370
-1
  6
BYLAYER
100
AcDbEntity
100
AcDbPolyline
 90
2
 70
0
 43
0.01
 10
-193.16888457
 20
1572.77780078
 30
0.0
 10
-121.756094
 20
1572.77780078
 30
0.0
  0
LWPOLYLINE
  5
283
  8
0
 62
0
370
-1
  6
BYLAYER
100
AcDbEntity
100
AcDbPolyline
 90
2
 70
0
 43
0.01
 10
-121.756094
 20
1572.77780078
 30
0.0
 10
-50.34329971
 20
1572.77780078
 30
0.0
  0
LWPOLYLINE
  5
284
  8
0
 62
0
370
-1
  6
BYLAYER
100
AcDbEntity
100
AcDbPolyline
 90
2
 70
0
 43
0.01
 10
-50.34329971
 20
1572.77780078
 30
0.0
 10
21.06949899
 20
1572.77780078
 30
0.0
  0
LWPOLYLINE
  5
285
  8
0
 62
0
370
-1
  6
BYLAYER
100
AcDbEntity
100
AcDbPolyline
 90
2
 70
0
 43
0.01
 10
21.06949899
 20
1572.77780078
 30
0.0
 10
21.06949899
 20
1310.64815786
 30
0.0
  0
LWPOLYLINE
  5
286
  8
0
 62
0
370
-1
  6
BYLAYER
100
AcDbEntity
100
AcDbPolyline
 90
2
 70
0
 43
0.01
 10
21.06949899
 20
1310.64815786
 30
0.0
 10
21.06949899
 20
1048.51851535
 30
0.0
  0
LWPOLYLINE
  5
287
  8
0
 62
0
370
-1
  6
BYLAYER
100
AcDbEntity
100
AcDbPolyline
 90
2
 70
0
 43
0.01
 10
21.06949899
 20
1048.51851535
 30
0.0
 10
21.06949899
 20
786.38887286
 30
0.0
  0
LWPOLYLINE
  5
288
  8
0
 62
0
370
-1
  6
BYLAYER
100
AcDbEntity
100
AcDbPolyline
 90
2
 70
0
 43
0.01
 10
21.06949899
 20
786.38887286
 30
0.0
 10
21.06949899
 20
524.25922998
 30
0.0
  0
LWPOLYLINE
  5
289
  8
0
 62
0
370
-1
  6
BYLAYER
100
AcDbEntity
100
AcDbPolyline
 90
2
 70
0
 43
0.01
 10
21.06949899
 20
524.25922998
 30
0.0
 10
21.06949899
 20
262.12958628
 30
0.0
  0
LWPOLYLINE
  5
28A
  8
0
 62
0
370
-1
  6
BYLAYER
100
AcDbEntity
100
AcDbPolyline
 90
2
 70
0
 43
0.01
 10
21.06949899
 20
262.12958628
 30
0.0
 10
21.06949899
 20
-0.00005863
 30
0.0
  0
LWPOLYLINE
  5
28B
  8
0
 62
0
370
-1
  6
BYLAYER
100
AcDbEntity
100
AcDbPolyline
 90
2
 70
0
 43
0.01
 10
21.06949899
 20
-0.00005863
 30
0.0
 10
21.06949899
 20
-262.12970516
 30
0.0
  0
LWPOLYLINE
  5
28C
  8
0
 62
0
370
-1
  6
BYLAYER
100
AcDbEntity
100
AcDbPolyline
 90
2
 70
0
 43
0.01
 10
21.06949899
 20
-262.12970516
 30
0.0
 10
21.06949899
 20
-524.25935372
 30
0.0
  0
LWPOLYLINE
  5
28D
  8
0
 62
0
370
-1
  6
BYLAYER
100
AcDbEntity
100
AcDbPolyline
 90
2
 70
0
 43
0.01
 10
21.06949899
 20
-524.25935372
 30
0.0
 10
21.06949899
 20
-786.38900473
 30
0.0
  0
LWPOLYLINE
  5
28E
  8
0
 62
0
370
-1
  6
BYLAYER
100
AcDbEntity
100
AcDbPolyline
 90
2
 70
0
 43
0.01
 10
21.06949899
 20
-786.38900473
 30
0.0
 10
21.06949899
 20
-1048.51865858
 30
0.0
  0
LWPOLYLINE
  5
28F
  8
0
 62
0
370
-1
  6
BYLAYER
100
AcDbEntity
100
AcDbPolyline
 90
2
 70
0
 43
0.01
 10
21.06949899
 20
-1048.51865858
 30
0.0
 10
21.06949899
 20
-1310.64831569
 30
0.0
  0
LWPOLYLINE
  5
290
  8
0
 62
0
370
-1
  6
BYLAYER
100
AcDbEntity
100
AcDbPolyline
 90
2
 70
0
 43
0.01
 10
21.06949899
 20
-1310.64831569
 30
0.0
 10
21.06949899
 20
-1572.77797647
 30
0.0
  0
LWPOLYLINE
  5
291
  8
0
 62
0
370
-1
  6
BYLAYER
100
AcDbEntity
100
AcDbPolyline
 90
2
 70
0
 43
0.01
 10
21.06949899
 20
-1572.77797647
 30
0.0
 10
-50.34329971
 20
-1572.77797647
 30
0.0
  0
LWPOLYLINE
  5
292
  8
0
 62
0
370
-1
  6
BYLAYER
100
AcDbEntity
100
AcDbPolyline
 90
2
 70
0
 43
0.01
 10
-50.34329971
 20
-1572.77797647
 30
0.0
 10
-121.756094
 20
-1572.77797647
 30
0.0
  0
LWPOLYLINE
  5
293
  8
0
 62
0
370
-1
  6
BYLAYER
100
AcDbEntity
100
AcDbPolyline
 90
2
 70
0
 43
0.01
 10
-121.756094
 20
-1572.77797647
 30
0.0
 10
-193.16888457
 20
-1572.77797647
 30
0.0
  0
LWPOLYLINE
  5
294
  8
0
 62
0
370
-1
  6
BYLAYER
100
AcDbEntity
100
AcDbPolyline
 90
2
 70
0
 43
0.01
 10
-193.16888457
 20
-1572.77797647
 30
0.0
 10
-264.58167208
 20
-1572.77797647
 30
0.0
  0
LWPOLYLINE
  5
295
  8
0
 62
0
370
-1
  6
BYLAYER
100
AcDbEntity
100
AcDbPolyline
 90
2
 70
0
 43
0.01
 10
-264.58167208
 20
-1572.77797647
 30
0.0
 10
-335.99445723
 20
-1572.77797647
 30
0.0
  0
LWPOLYLINE
  5
296
  8
0
 62
0
370
-1
  6
BYLAYER
100
AcDbEntity
100
AcDbPolyline
 90
2
 70
0
 43
0.01
 10
-335.99445723
 20
-1572.77797647
 30
0.0
 10
-407.40724069
 20
-1572.77797647
 30
0.0
  0
LWPOLYLINE
  5
297
  8
0
 62
0
370
-1
  6
BYLAYER
100
AcDbEntity
100
AcDbPolyline
 90
2
 70
0
 43
0.01
 10
-407.40724069
 20
-1572.77797647
 30
0.0
 10
-478.82002315
 20
-1572.77797647
 30
0.0
  0
LWPOLYLINE
  5
298
  8
0
 62
0
370
-1
  6
BYLAYER
100
AcDbEntity
100
AcDbPolyline
 90
2
 70
0
 43
0.01
 10
-478.82002315
 20
-1572.77797647
 30
0.0
 10
-550.23280529
 20
-1572.77797647
 30
0.0
  0
LWPOLYLINE
  5
299
  8
0
 62
0
370
-1
  6
BYLAYER
100
AcDbEntity
100
AcDbPolyline
 90
2
 70
0
 43
0.01
 10
-550.23280529
 20
-1572.77797647
 30
0.0
 10
-621.64558779
 20
-1572.77797647
 30
0.0
  0
LWPOLYLINE
  5
29A
  8
0
 62
0
370
-1
  6
BYLAYER
100
AcDbEntity
100
AcDbPolyline
 90
2
 70
0
 43
0.01
 10
-621.64558779
 20
-1572.77797647
 30
0.0
 10
-693.05837133
 20
-1572.77797647
 30
0.0
  0
LWPOLYLINE
  5
29B
  8
0
 62
0
370
-1
  6
BYLAYER
100
AcDbEntity
100
AcDbPolyline
 90
2
 70
0
 43
0.01
 10
-693.05837133
 20
-1572.77797647
 30
0.0
 10
-764.4711566
 20
-1572.77797647
 30
0.0
  0
LWPOLYLINE
  5
29C
  8
0
 62
0
370
-1
  6
BYLAYER
100
AcDbEntity
100
AcDbPolyline
 90
2
 70
0
 43
0.01
 10
-764.4711566
 20
-1572.77797647
 30
0.0
 10
-835.88394427
 20
-1572.77797647
 30
0.0
  0
LWPOLYLINE
  5
29D
  8
0
 62
0
370
-1
  6
BYLAYER
100
AcDbEntity
100
AcDbPolyline
 90
2
 70
0
 43
0.01
 10
-835.88394427
 20
-1572.77797647
 30
0.0
 10
-835.88394427
 20
-1310.64831569
 30
0.0
  0
LWPOLYLINE
  5
29E
  8
0
 62
0
370
-1
  6
BYLAYER
100
AcDbEntity
100
AcDbPolyline
 90
2
 70
0
 43
0.01
 10
-835.88394427
 20
-1310.64831569
 30
0.0
 10
-835.88394427
 20
-1048.51865858
 30
0.0
  0
LWPOLYLINE
  5
29F
  8
0
 62
0
370
-1
  6
BYLAYER
100
AcDbEntity
100
AcDbPolyline
 90
2
 70
0
 43
0.01
 10
-835.88394427
 20
-1048.51865858
 30
0.0
 10
-835.88394427
 20
-786.38900473
 30
0.0
  0
LWPOLYLINE
  5
2A0
  8
0
 62
0
370
-1
  6
BYLAYER
100
AcDbEntity
100
AcDbPolyline
 90
2
 70
0
 43
0.01
 10
-835.88394427
 20
-786.38900473
 30
0.0
 10
-835.88394427
 20
-524.25935372
 30
0.0
  0
LWPOLYLINE
  5
2A1
  8
0
 62
0
370
-1
  6
BYLAYER
100
AcDbEntity
100
AcDbPolyline
 90
2
 70
0
 43
0.01
 10
-835.88394427
 20
-524.25935372
 30
0.0
 10
-835.88394427
 20
-262.12970516
 30
0.0
  0
LWPOLYLINE
  5
2A2
  8
0
 62
0
370
-1
  6
BYLAYER
100
AcDbEntity
100
AcDbPolyline
 90
2
 70
0
 43
0.01
 10
-835.88394427
 20
-262.12970516
 30
0.0
 10
-835.88394427
 20
-0.00005863
 30
0.0
  0
LWPOLYLINE
  5
2A3
  8
0
 62
0
370
-1
  6
BYLAYER
100
AcDbEntity
100
AcDbPolyline
 90
2
 70
0
 43
0.01
 10
-835.88394427
 20
-0.00005863
 30
0.0
 10
-835.88394427
 20
262.12958628
 30
0.0
  0
LWPOLYLINE
  5
2A4
  8
0
 62
0
370
-1
  6
BYLAYER
100
AcDbEntity
100
AcDbPolyline
 90
2
 70
0
 43
0.01
 10
-835.88394427
 20
262.12958628
 30
0.0
 10
-835.88394427
 20
524.25922998
 30
0.0
  0
LWPOLYLINE
  5
2A5
  8
0
 62
0
370
-1
  6
BYLAYER
100
AcDbEntity
100
AcDbPolyline
 90
2
 70
0
 43
0.01
 10
-835.88394427
 20
524.25922998
 30
0.0
 10
-835.88394427
 20
786.38887286
 30
0.0
  0
LWPOLYLINE
  5
2A6
  8
0
 62
0
370
-1
  6
BYLAYER
100
AcDbEntity
100
AcDbPolyline
 90
2
 70
0
 43
0.01
 10
-835.88394427
 20
786.38887286
 30
0.0
 10
-835.88394427
 20
1048.51851535
 30
0.0
  0
LWPOLYLINE
  5
2A7
  8
0
 62
0
370
-1
  6
BYLAYER
100
AcDbEntity
100
AcDbPolyline
 90
2
 70
0
 43
0.01
 10
-835.88394427
 20
1048.51851535
 30
0.0
 10
-835.88394427
 20
1310.64815786
 30
0.0
  0
LWPOLYLINE
  5
2A8
  8
0
 62
0
370
-1
  6
BYLAYER
100
AcDbEntity
100
AcDbPolyline
 90
2
 70
0
 43
0.01
 10
-835.88394427
 20
1310.64815786
 30
0.0
 10
-835.88394427
 20
1572.77780078
 30
0.0
  0
LWPOLYLINE
  5
2A9
  8
0
 62
0
370
-1
  6
BYLAYER
100
AcDbEntity
100
AcDbPolyline
 90
2
 70
0
 43
0.01
 10
-835.88394427
 20
1572.77780078
 30
0.0
 10
-835.88394427
 20
1572.77780078
 30
0.0
  0
LWPOLYLINE
  5
2AA
  8
0
 62
0
370
-1
  6
BYLAYER
100
AcDbEntity
100
AcDbPolyline
 90
2
 70
0
 43
0.01
 10
-835.88394427
 20
1572.77780078
 30
0.0
 10
-835.88394427
 20
1572.77780078
 30
0.0
  0
LWPOLYLINE
  5
2AB
  8
0
 62
0
370
-1
  6
BYLAYER
100
AcDbEntity
100
AcDbPolyline
 90
2
 70
0
 43
0.01
 10
-835.88394427
 20
1572.77780078
 30
0.0
 10
-835.88394427
 20
1572.77780078
 30
0.0
  0
LWPOLYLINE
  5
2AC
  8
0
 62
0
370
-1
  6
BYLAYER
100
AcDbEntity
100
AcDbPolyline
 90
2
 70
0
 43
0.01
 10
-835.88394427
 20
1572.77780078
 30
0.0
 10
-835.88394427
 20
1572.77780078
 30
0.0
  0
LWPOLYLINE
  5
2AD
  8
0
 62
0
370
-1
  6
BYLAYER
100
AcDbEntity
100
AcDbPolyline
 90
2
 70
0
 43
0.01
 10
-835.88394427
 20
1572.77780078
 30
0.0
 10
-835.88394427
 20
1572.77780078
 30
0.0
  0
LWPOLYLINE
  5
2AE
  8
0
 62
0
370
-1
  6
BYLAYER
100
AcDbEntity
100
AcDbPolyline
 90
2
 70
0
 43
0.01
 10
-835.88394427
 20
1572.77780078
 30
0.0
 10
-835.88394427
 20
1572.77780078
 30
0.0
  0
LWPOLYLINE
  5
2AF
  8
0
 62
0
370
-1
  6
BYLAYER
100
AcDbEntity
100
AcDbPolyline
 90
2
 70
0
 43
0.01
 10
-835.88394427
 20
1572.77780078
 30
0.0
 10
-835.88394427
 20
1572.77780078
 30
0.0
  0
LWPOLYLINE
  5
2B0
  8
0
 62
0
370
-1
  6
BYLAYER
100
AcDbEntity
100
AcDbPolyline
 90
2
 70
0
 43
0.01
 10
-835.88394427
 20
1572.77780078
 30
0.0
 10
-835.88394427
 20
1572.77780078
 30
0.0
  0
LWPOLYLINE
  5
2B1
  8
0
 62
0
370
-1
  6
BYLAYER
100
AcDbEntity
100
AcDbPolyline
 90
2
 70
0
 43
0.01
 10
-835.88394427
 20
1572.77780078
 30
0.0
 10
-835.88394427
 20
1572.77780078
 30
0.0
  0
LWPOLYLINE
  5
2B2
  8
0
 62
0
370
-1
  6
BYLAYER
100
AcDbEntity
100
AcDbPolyline
 90
2
 70
0
 43
0.01
 10
-835.88394427
 20
1572.77780078
 30
0.0
 10
-835.88394427
 20
1572.77780078
 30
0.0
  0
LWPOLYLINE
  5
2B3
  8
0
 62
0
370
-1
  6
BYLAYER
100
AcDbEntity
100
AcDbPolyline
 90
2
 70
0
 43
0.01
 10
-835.88394427
 20
1572.77780078
 30
0.0
 10
-835.88394427
 20
1572.77780078
 30
0.0
  0
LWPOLYLINE
  5
2B4
  8
0
 62
0
370
-1
  6
BYLAYER
100
AcDbEntity
100
AcDbPolyline
 90
2
 70
0
 43
0.01
 10
-835.88394427
 20
1572.77780078
 30
0.0
 10
-835.88394427
 20
1572.77780078
 30
0.0
  0
LWPOLYLINE
  5
2B5
  8
0
 62
0
370
-1
  6
BYLAYER
100
AcDbEntity
100
AcDbPolyline
 90
2
 70
0
 43
0.01
 10
-835.88394427
 20
1572.77780078
 30
0.0
 10
-835.88394427
 20
1572.77780078
 30
0.0
  0
LWPOLYLINE
  5
2B6
  8
0
 62
0
370
-1
  6
BYLAYER
100
AcDbEntity
100
AcDbPolyline
 90
2
 70
0
 43
0.01
 10
-835.88394427
 20
1572.77780078
 30
0.0
 10
-835.88394427
 20
1572.77780078
 30
0.0
  0
LWPOLYLINE
  5
2B7
  8
0
 62
0
370
-1
  6
BYLAYER
100
AcDbEntity
100
AcDbPolyline
 90
2
 70
0
 43
0.01
 10
-21.06927975
 20
1572.77780078
 30
0.0
 10
-21.06927975
 20
1572.77780078
 30
0.0
  0
LWPOLYLINE
  5
2B8
  8
0
 62
0
370
-1
  6
BYLAYER
100
AcDbEntity
100
AcDbPolyline
 90
2
 70
0
 43
0.01
 10
-21.06927975
 20
1572.77780078
 30
0.0
 10
50.34350792
 20
1572.77780078
 30
0.0
  0
LWPOLYLINE
  5
2B9
  8
0
 62
0
370
-1
  6
BYLAYER
100
AcDbEntity
100
AcDbPolyline
 90
2
 70
0
 43
0.01
 10
50.34350792
 20
1572.77780078
 30
0.0
 10
121.75629319
 20
1572.77780078
 30
0.0
  0
LWPOLYLINE
  5
2BA
  8
0
 62
0
370
-1
  6
BYLAYER
100
AcDbEntity
100
AcDbPolyline
 90
2
 70
0
 43
0.01
 10
121.75629319
 20
1572.77780078
 30
0.0
 10
193.16907673
 20
1572.77780078
 30
0.0
  0
LWPOLYLINE
  5
2BB
  8
0
 62
0
370
-1
  6
BYLAYER
100
AcDbEntity
100
AcDbPolyline
 90
2
 70
0
 43
0.01
 10
193.16907673
 20
1572.77780078
 30
0.0
 10
264.58185923
 20
1572.77780078
 30
0.0
  0
LWPOLYLINE
  5
2BC
  8
0
 62
0
370
-1
  6
BYLAYER
100
AcDbEntity
100
AcDbPolyline
 90
2
 70
0
 43
0.01
 10
264.58185923
 20
1572.77780078
 30
0.0
 10
335.99464137
 20
1572.77780078
 30
0.0
  0
LWPOLYLINE
  5
2BD
  8
0
 62
0
370
-1
  6
BYLAYER
100
AcDbEntity
100
AcDbPolyline
 90
2
 70
0
 43
0.01
 10
335.99464137
 20
1572.77780078
 30
0.0
 10
407.40742383
 20
1572.77780078
 30
0.0
  0
LWPOLYLINE
  5
2BE
  8
0
 62
0
370
-1
  6
BYLAYER
100
AcDbEntity
100
AcDbPolyline
 90
2
 70
0
 43
0.01
 10
407.40742383
 20
1572.77780078
 30
0.0
 10
478.82020729
 20
1572.77780078
 30
0.0
  0
LWPOLYLINE
  5
2BF
  8
0
 62
0
370
-1
  6
BYLAYER
100
AcDbEntity
100
AcDbPolyline
 90
2
 70
0
 43
0.01
 10
478.82020729
 20
1572.77780078
 30
0.0
 10
550.23299244
 20
1572.77780078
 30
0.0
  0
LWPOLYLINE
  5
2C0
  8
0
 62
0
370
-1
  6
BYLAYER
100
AcDbEntity
100
AcDbPolyline
 90
2
 70
0
 43
0.01
 10
550.23299244
 20
1572.77780078
 30
0.0
 10
621.64577995
 20
1572.77780078
 30
0.0
  0
LWPOLYLINE
  5
2C1
  8
0
 62
0
370
-1
  6
BYLAYER
100
AcDbEntity
100
AcDbPolyline
 90
2
 70
0
 43
0.01
 10
621.64577995
 20
1572.77780078
 30
0.0
 10
693.05857051
 20
1572.77780078
 30
0.0
  0
LWPOLYLINE
  5
2C2
  8
0
 62
0
370
-1
  6
BYLAYER
100
AcDbEntity
100
AcDbPolyline
 90
2
 70
0
 43
0.01
 10
693.05857051
 20
1572.77780078
 30
0.0
 10
764.4713648
 20
1572.77780078
 30
0.0
  0
LWPOLYLINE
  5
2C3
  8
0
 62
0
370
-1
  6
BYLAYER
100
AcDbEntity
100
AcDbPolyline
 90
2
 70
0
 43
0.01
 10
764.4713648
 20
1572.77780078
 30
0.0
 10
835.88416351
 20
1572.77780078
 30
0.0
  0
LWPOLYLINE
  5
2C4
  8
0
 62
0
370
-1
  6
BYLAYER
100
AcDbEntity
100
AcDbPolyline
 90
2
 70
0
 43
0.01
 10
835.88416351
 20
1572.77780078
 30
0.0
 10
835.88416351
 20
1310.64815786
 30
0.0
  0
LWPOLYLINE
  5
2C5
  8
0
 62
0
370
-1
  6
BYLAYER
100
AcDbEntity
100
AcDbPolyline
 90
2
 70
0
 43
0.01
 10
835.88416351
 20
1310.64815786
 30
0.0
 10
835.88416351
 20
1048.51851535
 30
0.0
  0
LWPOLYLINE
  5
2C6
  8
0
 62
0
370
-1
  6
BYLAYER
100
AcDbEntity
100
AcDbPolyline
 90
2
 70
0
 43
0.01
 10
835.88416351
 20
1048.51851535
 30
0.0
 10
835.88416351
 20
786.38887286
 30
0.0
  0
LWPOLYLINE
  5
2C7
  8
0
 62
0
370
-1
  6
BYLAYER
100
AcDbEntity
100
AcDbPolyline
 90
2
 70
0
 43
0.01
 10
835.88416351
 20
786.38887286
 30
0.0
 10
835.88416351
 20
524.25922998
 30
0.0
  0
LWPOLYLINE
  5
2C8
  8
0
 62
0
370
-1
  6
BYLAYER
100
AcDbEntity
100
AcDbPolyline
 90
2
 70
0
 43
0.01
 10
835.88416351
 20
524.25922998
 30
0.0
 10
835.88416351
 20
262.12958628
 30
0.0
  0
LWPOLYLINE
  5
2C9
  8
0
 62
0
370
-1
  6
BYLAYER
100
AcDbEntity
100
AcDbPolyline
 90
2
 70
0
 43
0.01
 10
835.88416351
 20
262.12958628
 30
0.0
 10
835.88416351
 20
-0.00005863
 30
0.0
  0
LWPOLYLINE
  5
2CA
  8
0
 62
0
370
-1
  6
BYLAYER
100
AcDbEntity
100
AcDbPolyline
 90
2
 70
0
 43
0.01
 10
835.88416351
 20
-0.00005863
 30
0.0
 10
835.88416351
 20
-262.12970516
 30
0.0
  0
LWPOLYLINE
  5
2CB
  8
0
 62
0
370
-1
  6
BYLAYER
100
AcDbEntity
100
AcDbPolyline
 90
2
 70
0
 43
0.01
 10
835.88416351
 20
-262.12970516
 30
0.0
 10
835.88416351
 20
-524.25935372
 30
0.0
  0
LWPOLYLINE
  5
2CC
  8
0
 62
0
370
-1
  6
BYLAYER
100
AcDbEntity
100
AcDbPolyline
 90
2
 70
0
 43
0.01
 10
835.88416351
 20
-524.25935372
 30
0.0
 10
835.88416351
 20
-786.38900473
 30
0.0
  0
LWPOLYLINE
  5
2CD
  8
0
 62
0
370
-1
  6
BYLAYER
100
AcDbEntity
100
AcDbPolyline
 90
2
 70
0
 43
0.01
 10
835.88416351
 20
-786.38900473
 30
0.0
 10
835.88416351
 20
-1048.51865858
 30
0.0
  0
LWPOLYLINE
  5
2CE
  8
0
 62
0
370
-1
  6
BYLAYER
100
AcDbEntity
100
AcDbPolyline
 90
2
 70
0
 43
0.01
 10
835.88416351
 20
-1048.51865858
 30
0.0
 10
835.88416351
 20
-1310.64831569
 30
0.0
  0
LWPOLYLINE
  5
2CF
  8
0
 62
0
370
-1
  6
BYLAYER
100
AcDbEntity
100
AcDbPolyline
 90
2
 70
0
 43
0.01
 10
835.88416351
 20
-1310.64831569
 30
0.0
 10
835.88416351
 20
-1572.77797647
 30
0.0
  0
LWPOLYLINE
  5
2D0
  8
0
 62
0
370
-1
  6
BYLAYER
100
AcDbEntity
100
AcDbPolyline
 90
2
 70
0
 43
0.01
 10
835.88416351
 20
-1572.77797647
 30
0.0
 10
764.4713648
 20
-1572.77797647
 30
0.0
  0
LWPOLYLINE
  5
2D1
  8
0
 62
0
370
-1
  6
BYLAYER
100
AcDbEntity
100
AcDbPolyline
 90
2
 70
0
 43
0.01
 10
764.4713648
 20
-1572.77797647
 30
0.0
 10
693.05857051
 20
-1572.77797647
 30
0.0
  0
LWPOLYLINE
  5
2D2
  8
0
 62
0
370
-1
  6
BYLAYER
100
AcDbEntity
100
AcDbPolyline
 90
2
 70
0
 43
0.01
 10
693.05857051
 20
-1572.77797647
 30
0.0
 10
621.64577995
 20
-1572.77797647
 30
0.0
  0
LWPOLYLINE
  5
2D3
  8
0
 62
0
370
-1
  6
BYLAYER
100
AcDbEntity
100
AcDbPolyline
 90
2
 70
0
 43
0.01
 10
621.64577995
 20
-1572.77797647
 30
0.0
 10
550.23299244
 20
-1572.77797647
 30
0.0
  0
LWPOLYLINE
  5
2D4
  8
0
 62
0
370
-1
  6
BYLAYER
100
AcDbEntity
100
AcDbPolyline
 90
2
 70
0
 43
0.01
 10
550.23299244
 20
-1572.77797647
 30
0.0
 10
478.82020729
 20
-1572.77797647
 30
0.0
  0
LWPOLYLINE
  5
2D5
  8
0
 62
0
370
-1
  6
BYLAYER
100
AcDbEntity
100
AcDbPolyline
 90
2
 70
0
 43
0.01
 10
478.82020729
 20
-1572.77797647
 30
0.0
 10
407.40742383
 20
-1572.77797647
 30
0.0
  0
LWPOLYLINE
  5
2D6
  8
0
 62
0
370
-1
  6
BYLAYER
100
AcDbEntity
100
AcDbPolyline
 90
2
 70
0
 43
0.01
 10
407.40742383
 20
-1572.77797647
 30
0.0
 10
335.99464137
 20
-1572.77797647
 30
0.0
  0
LWPOLYLINE
  5
2D7
  8
0
 62
0
370
-1
  6
BYLAYER
100
AcDbEntity
100
AcDbPolyline
 90
2
 70
0
 43
0.01
 10
335.99464137
 20
-1572.77797647
 30
0.0
 10
264.58185923
 20
-1572.77797647
 30
0.0
  0
LWPOLYLINE
  5
2D8
  8
0
 62
0
370
-1
  6
BYLAYER
100
AcDbEntity
100
AcDbPolyline
 90
2
 70
0
 43
0.01
 10
264.58185923
 20
-1572.77797647
 30
0.0
 10
193.16907673
 20
-1572.77797647
 30
0.0
  0
LWPOLYLINE
  5
2D9
  8
0
 62
0
370
-1
  6
BYLAYER
100
AcDbEntity
100
AcDbPolyline
 90
2
 70
0
 43
0.01
 10
193.16907673
 20
-1572.77797647
 30
0.0
 10
121.75629319
 20
-1572.77797647
 30
0.0
  0
LWPOLYLINE
  5
2DA
  8
0
 62
0
370
-1
  6
BYLAYER
100
AcDbEntity
100
AcDbPolyline
 90
2
 70
0
 43
0.01
 10
121.75629319
 20
-1572.77797647
 30
0.0
 10
50.34350792
 20
-1572.77797647
 30
0.0
  0
LWPOLYLINE
  5
2DB
  8
0
 62
0
370
-1
  6
BYLAYER
100
AcDbEntity
100
AcDbPolyline
 90
2
 70
0
 43
0.01
 10
50.34350792
 20
-1572.77797647
 30
0.0
 10
-21.06927975
 20
-1572.77797647
 30
0.0
  0
LWPOLYLINE
  5
2DC
  8
0
 62
0
370
-1
  6
BYLAYER
100
AcDbEntity
100
AcDbPolyline
 90
2
 70
0
 43
0.01
 10
-21.06927975
 20
-1572.77797647
 30
0.0
 10
-21.06927975
 20
-1310.64831569
 30
0.0
  0
LWPOLYLINE
  5
2DD
  8
0
 62
0
370
-1
  6
BYLAYER
100
AcDbEntity
100
AcDbPolyline
 90
2
 70
0
 43
0.01
 10
-21.06927975
 20
-1310.64831569
 30
0.0
 10
-21.06927975
 20
-1048.51865858
 30
0.0
  0
LWPOLYLINE
  5
2DE
  8
0
 62
0
370
-1
  6
BYLAYER
100
AcDbEntity
100
AcDbPolyline
 90
2
 70
0
 43
0.01
 10
-21.06927975
 20
-1048.51865858
 30
0.0
 10
-21.06927975
 20
-786.38900473
 30
0.0
  0
LWPOLYLINE
  5
2DF
  8
0
 62
0
370
-1
  6
BYLAYER
100
AcDbEntity
100
AcDbPolyline
 90
2
 70
0
 43
0.01
 10
-21.06927975
 20
-786.38900473
 30
0.0
 10
-21.06927975
 20
-524.25935372
 30
0.0
  0
LWPOLYLINE
  5
2E0
  8
0
 62
0
370
-1
  6
BYLAYER
100
AcDbEntity
100
AcDbPolyline
 90
2
 70
0
 43
0.01
 10
-21.06927975
 20
-524.25935372
 30
0.0
 10
-21.06927975
 20
-262.12970516
 30
0.0
  0
LWPOLYLINE
  5
2E1
  8
0
 62
0
370
-1
  6
BYLAYER
100
AcDbEntity
100
AcDbPolyline
 90
2
 70
0
 43
0.01
 10
-21.06927975
 20
-262.12970516
 30
0.0
 10
-21.06927975
 20
-0.00005863
 30
0.0
  0
LWPOLYLINE
  5
2E2
  8
0
 62
0
370
-1
  6
BYLAYER
100
AcDbEntity
100
AcDbPolyline
 90
2
 70
0
 43
0.01
 10
-21.06927975
 20
-0.00005863
 30
0.0
 10
-21.06927975
 20
262.12958628
 30
0.0
  0
LWPOLYLINE
  5
2E3
  8
0
 62
0
370
-1
  6
BYLAYER
100
AcDbEntity
100
AcDbPolyline
 90
2
 70
0
 43
0.01
 10
-21.06927975
 20
262.12958628
 30
0.0
 10
-21.06927975
 20
524.25922998
 30
0.0
  0
LWPOLYLINE
  5
2E4
  8
0
 62
0
370
-1
  6
BYLAYER
100
AcDbEntity
100
AcDbPolyline
 90
2
 70
0
 43
0.01
 10
-21.06927975
 20
524.25922998
 30
0.0
 10
-21.06927975
 20
786.38887286
 30
0.0
  0
LWPOLYLINE
  5
2E5
  8
0
 62
0
370
-1
  6
BYLAYER
100
AcDbEntity
100
AcDbPolyline
 90
2
 70
0
 43
0.01
 10
-21.06927975
 20
786.38887286
 30
0.0
 10
-21.06927975
 20
1048.51851535
 30
0.0
  0
LWPOLYLINE
  5
2E6
  8
0
 62
0
370
-1
  6
BYLAYER
100
AcDbEntity
100
AcDbPolyline
 90
2
 70
0
 43
0.01
 10
-21.06927975
 20
1048.51851535
 30
0.0
 10
-21.06927975
 20
1310.64815786
 30
0.0
  0
LWPOLYLINE
  5
2E7
  8
0
 62
0
370
-1
  6
BYLAYER
100
AcDbEntity
100
AcDbPolyline
 90
2
 70
0
 43
0.01
 10
-21.06927975
 20
1310.64815786
 30
0.0
 10
-21.06927975
 20
1572.77780078
 30
0.0
  0
LWPOLYLINE
  5
2E8
  8
0
 62
0
370
-1
  6
BYLAYER
100
AcDbEntity
100
AcDbPolyline
 90
2
 70
0
 43
0.01
 10
-21.06927975
 20
1572.77780078
 30
0.0
 10
-21.06927975
 20
1572.77780078
 30
0.0
  0
LWPOLYLINE
  5
2E9
  8
0
 62
0
370
-1
  6
BYLAYER
100
AcDbEntity
100
AcDbPolyline
 90
2
 70
0
 43
0.01
 10
-21.06927975
 20
1572.77780078
 30
0.0
 10
-21.06927975
 20
1572.77780078
 30
0.0
  0
LWPOLYLINE
  5
2EA
  8
0
 62
0
370
-1
  6
BYLAYER
100
AcDbEntity
100
AcDbPolyline
 90
2
 70
0
 43
0.01
 10
-21.06927975
 20
1572.77780078
 30
0.0
 10
-21.06927975
 20
1572.77780078
 30
0.0
  0
LWPOLYLINE
  5
2EB
  8
0
 62
0
370
-1
  6
BYLAYER
100
AcDbEntity
100
AcDbPolyline
 90
2
 70
0
 43
0.01
 10
-21.06927975
 20
1572.77780078
 30
0.0
 10
-21.06927975
 20
1572.77780078
 30
0.0
  0
LWPOLYLINE
  5
2EC
  8
0
 62
0
370
-1
  6
BYLAYER
100
AcDbEntity
100
AcDbPolyline
 90
2
 70
0
 43
0.01
 10
-21.06927975
 20
1572.77780078
 30
0.0
 10
-21.06927975
 20
1572.77780078
 30
0.0
  0
LWPOLYLINE
  5
2ED
  8
0
 62
0
370
-1
  6
BYLAYER
100
AcDbEntity
100
AcDbPolyline
 90
2
 70
0
 43
0.01
 10
-21.06927975
 20
1572.77780078
 30
0.0
 10
-21.06927975
 20
1572.77780078
 30
0.0
  0
LWPOLYLINE
  5
2EE
  8
0
 62
0
370
-1
  6
BYLAYER
100
AcDbEntity
100
AcDbPolyline
 90
2
 70
0
 43
0.01
 10
-21.06927975
 20
1572.77780078
 30
0.0
 10
-21.06927975
 20
1572.77780078
 30
0.0
  0
LWPOLYLINE
  5
2EF
  8
0
 62
0
370
-1
  6
BYLAYER
100
AcDbEntity
100
AcDbPolyline
 90
2
 70
0
 43
0.01
 10
-21.06927975
 20
1572.77780078
 30
0.0
 10
-21.06927975
 20
1572.77780078
 30
0.0
  0
LWPOLYLINE
  5
2F0
  8
0
 62
0
370
-1
  6
BYLAYER
100
AcDbEntity
100
AcDbPolyline
 90
2
 70
0
 43
0.01
 10
-21.06927975
 20
1572.77780078
 30
0.0
 10
-21.06927975
 20
1572.77780078
 30
0.0
  0
LWPOLYLINE
  5
2F1
  8
0
 62
0
370
-1
  6
BYLAYER
100
AcDbEntity
100
AcDbPolyline
 90
2
 70
0
 43
0.01
 10
-21.06927975
 20
1572.77780078
 30
0.0
 10
-21.06927975
 20
1572.77780078
 30
0.0
  0
LWPOLYLINE
  5
2F2
  8
0
 62
0
370
-1
  6
BYLAYER
100
AcDbEntity
100
AcDbPolyline
 90
2
 70
0
 43
0.01
 10
-21.06927975
 20
1572.77780078
 30
0.0
 10
-21.06927975
 20
1572.77780078
 30
0.0
  0
LWPOLYLINE
  5
2F3
  8
0
 62
0
370
-1
  6
BYLAYER
100
AcDbEntity
100
AcDbPolyline
 90
2
 70
0
 43
0.01
 10
-21.06927975
 20
1572.77780078
 30
0.0
 10
-21.06927975
 20
1572.77780078
 30
0.0
  0
LWPOLYLINE
  5
2F4
  8
0
 62
0
370
-1
  6
BYLAYER
100
AcDbEntity
100
AcDbPolyline
 90
2
 70
0
 43
0.01
 10
-21.06927975
 20
1572.77780078
 30
0.0
 10
-21.06927975
 20
1572.77780078
 30
0.0
  0
LWPOLYLINE
  5
2F5
  8
0
 62
0
370
-1
  6
BYLAYER
100
AcDbEntity
100
AcDbPolyline
 90
2
 70
0
 43
0.01
 10
-21.06927975
 20
1572.77780078
 30
0.0
 10
-21.06927975
 20
1572.77780078
 30
0.0
  0
LWPOLYLINE
  5
2F6
  8
0
 62
0
370
-1
  6
BYLAYER
100
AcDbEntity
100
AcDbPolyline
 90
2
 70
0
 43
0.01
 10
793.74577587
 20
1572.77780078
 30
0.0
 10
793.74577587
 20
1572.77780078
 30
0.0
  0
LWPOLYLINE
  5
2F7
  8
0
 62
0
370
-1
  6
BYLAYER
100
AcDbEntity
100
AcDbPolyline
 90
2
 70
0
 43
0.01
 10
793.74577587
 20
1572.77780078
 30
0.0
 10
865.15856355
 20
1572.77780078
 30
0.0
  0
LWPOLYLINE
  5
2F8
  8
0
 62
0
370
-1
  6
BYLAYER
100
AcDbEntity
100
AcDbPolyline
 90
2
 70
0
 43
0.01
 10
865.15856355
 20
1572.77780078
 30
0.0
 10
936.57134881
 20
1572.77780078
 30
0.0
  0
LWPOLYLINE
  5
2F9
  8
0
 62
0
370
-1
  6
BYLAYER
100
AcDbEntity
100
AcDbPolyline
 90
2
 70
0
 43
0.01
 10
936.57134881
 20
1572.77780078
 30
0.0
 10
1007.98413235
 20
1572.77780078
 30
0.0
  0
LWPOLYLINE
  5
2FA
  8
0
 62
0
370
-1
  6
BYLAYER
100
AcDbEntity
100
AcDbPolyline
 90
2
 70
0
 43
0.01
 10
1007.98413235
 20
1572.77780078
 30
0.0
 10
1079.39691486
 20
1572.77780078
 30
0.0
  0
LWPOLYLINE
  5
2FB
  8
0
 62
0
370
-1
  6
BYLAYER
100
AcDbEntity
100
AcDbPolyline
 90
2
 70
0
 43
0.01
 10
1079.39691486
 20
1572.77780078
 30
0.0
 10
1150.80969699
 20
1572.77780078
 30
0.0
  0
LWPOLYLINE
  5
2FC
  8
0
 62
0
370
-1
  6
BYLAYER
100
AcDbEntity
100
AcDbPolyline
 90
2
 70
0
 43
0.01
 10
1150.80969699
 20
1572.77780078
 30
0.0
 10
1222.22247946
 20
1572.77780078
 30
0.0
  0
LWPOLYLINE
  5
2FD
  8
0
 62
0
370
-1
  6
BYLAYER
100
AcDbEntity
100
AcDbPolyline
 90
2
 70
0
 43
0.01
 10
1222.22247946
 20
1572.77780078
 30
0.0
 10
1293.63526292
 20
1572.77780078
 30
0.0
  0
LWPOLYLINE
  5
2FE
  8
0
 62
0
370
-1
  6
BYLAYER
100
AcDbEntity
100
AcDbPolyline
 90
2
 70
0
 43
0.01
 10
1293.63526292
 20
1572.77780078
 30
0.0
 10
1365.04804807
 20
1572.77780078
 30
0.0
  0
LWPOLYLINE
  5
2FF
  8
0
 62
0
370
-1
  6
BYLAYER
100
AcDbEntity
100
AcDbPolyline
 90
2
 70
0
 43
0.01
 10
1365.04804807
 20
1572.77780078
 30
0.0
 10
1436.46083558
 20
1572.77780078
 30
0.0
  0
LWPOLYLINE
  5
300
  8
0
 62
0
370
-1
  6
BYLAYER
100
AcDbEntity
100
AcDbPolyline
 90
2
 70
0
 43
0.01
 10
1436.46083558
 20
1572.77780078
 30
0.0
 10
1507.87362614
 20
1572.77780078
 30
0.0
  0
LWPOLYLINE
  5
301
  8
0
 62
0
370
-1
  6
BYLAYER
100
AcDbEntity
100
AcDbPolyline
 90
2
 70
0
 43
0.01
 10
1507.87362614
 20
1572.77780078
 30
0.0
 10
1579.28642043
 20
1572.77780078
 30
0.0
  0
LWPOLYLINE
  5
302
  8
0
 62
0
370
-1
  6
BYLAYER
100
AcDbEntity
100
AcDbPolyline
 90
2
 70
0
 43
0.01
 10
1579.28642043
 20
1572.77780078
 30
0.0
 10
1650.69921913
 20
1572.77780078
 30
0.0
  0
LWPOLYLINE
  5
303
  8
0
 62
0
370
-1
  6
BYLAYER
100
AcDbEntity
100
AcDbPolyline
 90
2
 70
0
 43
0.01
 10
1650.69921913
 20
1572.77780078
 30
0.0
 10
1650.69921913
 20
1310.64815786
 30
0.0
  0
LWPOLYLINE
  5
304
  8
0
 62
0
370
-1
  6
BYLAYER
100
AcDbEntity
100
AcDbPolyline
 90
2
 70
0
 43
0.01
 10
1650.69921913
 20
1310.64815786
 30
0.0
 10
1650.69921913
 20
1048.51851535
 30
0.0
  0
LWPOLYLINE
  5
305
  8
0
 62
0
370
-1
  6
BYLAYER
100
AcDbEntity
100
AcDbPolyline
 90
2
 70
0
 43
0.01
 10
1650.69921913
 20
1048.51851535
 30
0.0
 10
1650.69921913
 20
786.38887286
 30
0.0
  0
LWPOLYLINE
  5
306
  8
0
 62
0
370
-1
  6
BYLAYER
100
AcDbEntity
100
AcDbPolyline
 90
2
 70
0
 43
0.01
 10
1650.69921913
 20
786.38887286
 30
0.0
 10
1650.69921913
 20
524.25922998
 30
0.0
  0
LWPOLYLINE
  5
307
  8
0
 62
0
370
-1
  6
BYLAYER
100
AcDbEntity
100
AcDbPolyline
 90
2
 70
0
 43
0.01
 10
1650.69921913
 20
524.25922998
 30
0.0
 10
1650.69921913
 20
262.12958628
 30
0.0
  0
LWPOLYLINE
  5
308
  8
0
 62
0
370
-1
  6
BYLAYER
100
AcDbEntity
100
AcDbPolyline
 90
2
 70
0
 43
0.01
 10
1650.69921913
 20
262.12958628
 30
0.0
 10
1650.69921913
 20
-0.00005863
 30
0.0
  0
LWPOLYLINE
  5
309
  8
0
 62
0
370
-1
  6
BYLAYER
100
AcDbEntity
100
AcDbPolyline
 90
2
 70
0
 43
0.01
 10
1650.69921913
 20
-0.00005863
 30
0.0
 10
1650.69921913
 20
-262.12970516
 30
0.0
  0
LWPOLYLINE
  5
30A
  8
0
 62
0
370
-1
  6
BYLAYER
100
AcDbEntity
100
AcDbPolyline
 90
2
 70
0
 43
0.01
 10
1650.69921913
 20
-262.12970516
 30
0.0
 10
1650.69921913
 20
-524.25935372
 30
0.0
  0
LWPOLYLINE
  5
30B
  8
0
 62
0
370
-1
  6
BYLAYER
100
AcDbEntity
100
AcDbPolyline
 90
2
 70
0
 43
0.01
 10
1650.69921913
 20
-524.25935372
 30
0.0
 10
1650.69921913
 20
-786.38900473
 30
0.0
  0
LWPOLYLINE
  5
30C
  8
0
 62
0
370
-1
  6
BYLAYER
100
AcDbEntity
100
AcDbPolyline
 90
2
 70
0
 43
0.01
 10
1650.69921913
 20
-786.38900473
 30
0.0
 10
1650.69921913
 20
-1048.51865858
 30
0.0
  0
LWPOLYLINE
  5
30D
  8
0
 62
0
370
-1
  6
BYLAYER
100
AcDbEntity
100
AcDbPolyline
 90
2
 70
0
 43
0.01
 10
1650.69921913
 20
-1048.51865858
 30
0.0
 10
1650.69921913
 20
-1310.64831569
 30
0.0
  0
LWPOLYLINE
  5
30E
  8
0
 62
0
370
-1
  6
BYLAYER
100
AcDbEntity
100
AcDbPolyline
 90
2
 70
0
 43
0.01
 10
1650.69921913
 20
-1310.64831569
 30
0.0
 10
1650.69921913
 20
-1572.77797647
 30
0.0
  0
LWPOLYLINE
  5
30F
  8
0
 62
0
370
-1
  6
BYLAYER
100
AcDbEntity
100
AcDbPolyline
 90
2
 70
0
 43
0.01
 10
1650.69921913
 20
-1572.77797647
 30
0.0
 10
1579.28642043
 20
-1572.77797647
 30
0.0
  0
LWPOLYLINE
  5
310
  8
0
 62
0
370
-1
  6
BYLAYER
100
AcDbEntity
100
AcDbPolyline
 90
2
 70
0
 43
0.01
 10
1579.28642043
 20
-1572.77797647
 30
0.0
 10
1507.87362614
 20
-1572.77797647
 30
0.0
  0
LWPOLYLINE
  5
311
  8
0
 62
0
370
-1
  6
BYLAYER
100
AcDbEntity
100
AcDbPolyline
 90
2
 70
0
 43
0.01
 10
1507.87362614
 20
-1572.77797647
 30
0.0
 10
1436.46083558
 20
-1572.77797647
 30
0.0
  0
LWPOLYLINE
  5
312
  8
0
 62
0
370
-1
  6
BYLAYER
100
AcDbEntity
100
AcDbPolyline
 90
2
 70
0
 43
0.01
 10
1436.46083558
 20
-1572.77797647
 30
0.0
 10
1365.04804807
 20
-1572.77797647
 30
0.0
  0
LWPOLYLINE
  5
313
  8
0
 62
0
370
-1
  6
BYLAYER
100
AcDbEntity
100
AcDbPolyline
 90
2
 70
0
 43
0.01
 10
1365.04804807
 20
-1572.77797647
 30
0.0
 10
1293.63526292
 20
-1572.77797647
 30
0.0
  0
LWPOLYLINE
  5
314
  8
0
 62
0
370
-1
  6
BYLAYER
100
AcDbEntity
100
AcDbPolyline
 90
2
 70
0
 43
0.01
 10
1293.63526292
 20
-1572.77797647
 30
0.0
 10
1222.22247946
 20
-1572.77797647
 30
0.0
  0
LWPOLYLINE
  5
315
  8
0
 62
0
370
-1
  6
BYLAYER
100
AcDbEntity
100
AcDbPolyline
 90
2
 70
0
 43
0.01
 10
1222.22247946
 20
-1572.77797647
 30
0.0
 10
1150.80969699
 20
-1572.77797647
 30
0.0
  0
LWPOLYLINE
  5
316
  8
0
 62
0
370
-1
  6
BYLAYER
100
AcDbEntity
100
AcDbPolyline
 90
2
 70
0
 43
0.01
 10
1150.80969699
 20
-1572.77797647
 30
0.0
 10
1079.39691486
 20
-1572.77797647
 30
0.0
  0
LWPOLYLINE
  5
317
  8
0
 62
0
370
-1
  6
BYLAYER
100
AcDbEntity
100
AcDbPolyline
 90
2
 70
0
 43
0.01
 10
1079.39691486
 20
-1572.77797647
 30
0.0
 10
1007.98413235
 20
-1572.77797647
 30
0.0
  0
LWPOLYLINE
  5
318
  8
0
 62
0
370
-1
  6
BYLAYER
100
AcDbEntity
100
AcDbPolyline
 90
2
 70
0
 43
0.01
 10
1007.98413235
 20
-1572.77797647
 30
0.0
 10
936.57134881
 20
-1572.77797647
 30
0.0
  0
LWPOLYLINE
  5
319
  8
0
 62
0
370
-1
  6
BYLAYER
100
AcDbEntity
100
AcDbPolyline
 90
2
 70
0
 43
0.01
 10
936.57134881
 20
-1572.77797647
 30
0.0
 10
865.15856355
 20
-1572.77797647
 30
0.0
  0
LWPOLYLINE
  5
31A
  8
0
 62
0
370
-1
  6
BYLAYER
100
AcDbEntity
100
AcDbPolyline
 90
2
 70
0
 43
0.01
 10
865.15856355
 20
-1572.77797647
 30
0.0
 10
793.74577587
 20
-1572.77797647
 30
0.0
  0
LWPOLYLINE
  5
31B
  8
0
 62
0
370
-1
  6
BYLAYER
100
AcDbEntity
100
AcDbPolyline
 90
2
 70
0
 43
0.01
 10
793.74577587
 20
-1572.77797647
 30
0.0
 10
793.74577587
 20
-1310.64831569
 30
0.0
  0
LWPOLYLINE
  5
31C
  8
0
 62
0
370
-1
  6
BYLAYER
100
AcDbEntity
100
AcDbPolyline
 90
2
 70
0
 43
0.01
 10
793.74577587
 20
-1310.64831569
 30
0.0
 10
793.74577587
 20
-1048.51865858
 30
0.0
  0
LWPOLYLINE
  5
31D
  8
0
 62
0
370
-1
  6
BYLAYER
100
AcDbEntity
100
AcDbPolyline
 90
2
 70
0
 43
0.01
 10
793.74577587
 20
-1048.51865858
 30
0.0
 10
793.74577587
 20
-786.38900473
 30
0.0
  0
LWPOLYLINE
  5
31E
  8
0
 62
0
370
-1
  6
BYLAYER
100
AcDbEntity
100
AcDbPolyline
 90
2
 70
0
 43
0.01
 10
793.74577587
 20
-786.38900473
 30
0.0
 10
793.74577587
 20
-524.25935372
 30
0.0
  0
LWPOLYLINE
  5
31F
  8
0
 62
0
370
-1
  6
BYLAYER
100
AcDbEntity
100
AcDbPolyline
 90
2
 70
0
 43
0.01
 10
793.74577587
 20
-524.25935372
 30
0.0
 10
793.74577587
 20
-262.12970516
 30
0.0
  0
LWPOLYLINE
  5
320
  8
0
 62
0
370
-1
  6
BYLAYER
100
AcDbEntity
100
AcDbPolyline
 90
2
 70
0
 43
0.01
 10
793.74577587
 20
-262.12970516
 30
0.0
 10
793.74577587
 20
-0.00005863
 30
0.0
  0
LWPOLYLINE
  5
321
  8
0
 62
0
370
-1
  6
BYLAYER
100
AcDbEntity
100
AcDbPolyline
 90
2
 70
0
 43
0.01
 10
793.74577587
 20
-0.00005863
 30
0.0
 10
793.74577587
 20
262.12958628
 30
0.0
  0
LWPOLYLINE
  5
322
  8
0
 62
0
370
-1
  6
BYLAYER
100
AcDbEntity
100
AcDbPolyline
 90
2
 70
0
 43
0.01
 10
793.74577587
 20
262.12958628
 30
0.0
 10
793.74577587
 20
524.25922998
 30
0.0
  0
LWPOLYLINE
  5
323
  8
0
 62
0
370
-1
  6
BYLAYER
100
AcDbEntity
100
AcDbPolyline
 90
2
 70
0
 43
0.01
 10
793.74577587
 20
524.25922998
 30
0.0
 10
793.74577587
 20
786.38887286
 30
0.0
  0
LWPOLYLINE
  5
324
  8
0
 62
0
370
-1
  6
BYLAYER
100
AcDbEntity
100
AcDbPolyline
 90
2
 70
0
 43
0.01
 10
793.74577587
 20
786.38887286
 30
0.0
 10
793.74577587
 20
1048.51851535
 30
0.0
  0
LWPOLYLINE
  5
325
  8
0
 62
0
370
-1
  6
BYLAYER
100
AcDbEntity
100
AcDbPolyline
 90
2
 70
0
 43
0.01
 10
793.74577587
 20
1048.51851535
 30
0.0
 10
793.74577587
 20
1310.64815786
 30
0.0
  0
LWPOLYLINE
  5
326
  8
0
 62
0
370
-1
  6
BYLAYER
100
AcDbEntity
100
AcDbPolyline
 90
2
 70
0
 43
0.01
 10
793.74577587
 20
1310.64815786
 30
0.0
 10
793.74577587
 20
1572.77780078
 30
0.0
  0
LWPOLYLINE
  5
327
  8
0
 62
0
370
-1
  6
BYLAYER
100
AcDbEntity
100
AcDbPolyline
 90
2
 70
0
 43
0.01
 10
793.74577587
 20
1572.77780078
 30
0.0
 10
793.74577587
 20
1572.77780078
 30
0.0
  0
LWPOLYLINE
  5
328
  8
0
 62
0
370
-1
  6
BYLAYER
100
AcDbEntity
100
AcDbPolyline
 90
2
 70
0
 43
0.01
 10
793.74577587
 20
1572.77780078
 30
0.0
 10
793.74577587
 20
1572.77780078
 30
0.0
  0
LWPOLYLINE
  5
329
  8
0
 62
0
370
-1
  6
BYLAYER
100
AcDbEntity
100
AcDbPolyline
 90
2
 70
0
 43
0.01
 10
793.74577587
 20
1572.77780078
 30
0.0
 10
793.74577587
 20
1572.77780078
 30
0.0
  0
LWPOLYLINE
  5
32A
  8
0
 62
0
370
-1
  6
BYLAYER
100
AcDbEntity
100
AcDbPolyline
 90
2
 70
0
 43
0.01
 10
793.74577587
 20
1572.77780078
 30
0.0
 10
793.74577587
 20
1572.77780078
 30
0.0
  0
LWPOLYLINE
  5
32B
  8
0
 62
0
370
-1
  6
BYLAYER
100
AcDbEntity
100
AcDbPolyline
 90
2
 70
0
 43
0.01
 10
793.74577587
 20
1572.77780078
 30
0.0
 10
793.74577587
 20
1572.77780078
 30
0.0
  0
LWPOLYLINE
  5
32C
  8
0
 62
0
370
-1
  6
BYLAYER
100
AcDbEntity
100
AcDbPolyline
 90
2
 70
0
 43
0.01
 10
793.74577587
 20
1572.77780078
 30
0.0
 10
793.74577587
 20
1572.77780078
 30
0.0
  0
LWPOLYLINE
  5
32D
  8
0
 62
0
370
-1
  6
BYLAYER
100
AcDbEntity
100
AcDbPolyline
 90
2
 70
0
 43
0.01
 10
793.74577587
 20
1572.77780078
 30
0.0
 10
793.74577587
 20
1572.77780078
 30
0.0
  0
LWPOLYLINE
  5
32E
  8
0
 62
0
370
-1
  6
BYLAYER
100
AcDbEntity
100
AcDbPolyline
 90
2
 70
0
 43
0.01
 10
793.74577587
 20
1572.77780078
 30
0.0
 10
793.74577587
 20
1572.77780078
 30
0.0
  0
LWPOLYLINE
  5
32F
  8
0
 62
0
370
-1
  6
BYLAYER
100
AcDbEntity
100
AcDbPolyline
 90
2
 70
0
 43
0.01
 10
793.74577587
 20
1572.77780078
 30
0.0
 10
793.74577587
 20
1572.77780078
 30
0.0
  0
LWPOLYLINE
  5
330
  8
0
 62
0
370
-1
  6
BYLAYER
100
AcDbEntity
100
AcDbPolyline
 90
2
 70
0
 43
0.01
 10
793.74577587
 20
1572.77780078
 30
0.0
 10
793.74577587
 20
1572.77780078
 30
0.0
  0
LWPOLYLINE
  5
331
  8
0
 62
0
370
-1
  6
BYLAYER
100
AcDbEntity
100
AcDbPolyline
 90
2
 70
0
 43
0.01
 10
793.74577587
 20
1572.77780078
 30
0.0
 10
793.74577587
 20
1572.77780078
 30
0.0
  0
LWPOLYLINE
  5
332
  8
0
 62
0
370
-1
  6
BYLAYER
100
AcDbEntity
100
AcDbPolyline
 90
2
 70
0
 43
0.01
 10
793.74577587
 20
1572.77780078
 30
0.0
 10
793.74577587
 20
1572.77780078
 30
0.0
  0
LWPOLYLINE
  5
333
  8
0
 62
0
370
-1
  6
BYLAYER
100
AcDbEntity
100
AcDbPolyline
 90
2
 70
0
 43
0.01
 10
793.74577587
 20
1572.77780078
 30
0.0
 10
793.74577587
 20
1572.77780078
 30
0.0
  0
LWPOLYLINE
  5
334
  8
0
 62
0
370
-1
  6
BYLAYER
100
AcDbEntity
100
AcDbPolyline
 90
2
 70
0
 43
0.01
 10
793.74577587
 20
1572.77780078
 30
0.0
 10
793.74577587
 20
1572.77780078
 30
0.0
  0
LWPOLYLINE
  5
335
  8
0
 62
0
370
-1
  6
BYLAYER
100
AcDbEntity
100
AcDbPolyline
 90
2
 70
0
 43
0.01
 10
1608.5608315
 20
1572.77780078
 30
0.0
 10
1608.5608315
 20
1572.77780078
 30
0.0
  0
LWPOLYLINE
  5
336
  8
0
 62
0
370
-1
  6
BYLAYER
100
AcDbEntity
100
AcDbPolyline
 90
2
 70
0
 43
0.01
 10
1608.5608315
 20
1572.77780078
 30
0.0
 10
1679.97361917
 20
1572.77780078
 30
0.0
  0
LWPOLYLINE
  5
337
  8
0
 62
0
370
-1
  6
BYLAYER
100
AcDbEntity
100
AcDbPolyline
 90
2
 70
0
 43
0.01
 10
1679.97361917
 20
1572.77780078
 30
0.0
 10
1751.38640444
 20
1572.77780078
 30
0.0
  0
LWPOLYLINE
  5
338
  8
0
 62
0
370
-1
  6
BYLAYER
100
AcDbEntity
100
AcDbPolyline
 90
2
 70
0
 43
0.01
 10
1751.38640444
 20
1572.77780078
 30
0.0
 10
1822.79918798
 20
1572.77780078
 30
0.0
  0
LWPOLYLINE
  5
339
  8
0
 62
0
370
-1
  6
BYLAYER
100
AcDbEntity
100
AcDbPolyline
 90
2
 70
0
 43
0.01
 10
1822.79918798
 20
1572.77780078
 30
0.0
 10
1894.21197048
 20
1572.77780078
 30
0.0
  0
LWPOLYLINE
  5
33A
  8
0
 62
0
370
-1
  6
BYLAYER
100
AcDbEntity
100
AcDbPolyline
 90
2
 70
0
 43
0.01
 10
1894.21197048
 20
1572.77780078
 30
0.0
 10
1965.62475262
 20
1572.77780078
 30
0.0
  0
LWPOLYLINE
  5
33B
  8
0
 62
0
370
-1
  6
BYLAYER
100
AcDbEntity
100
AcDbPolyline
 90
2
 70
0
 43
0.01
 10
1965.62475262
 20
1572.77780078
 30
0.0
 10
2037.03753508
 20
1572.77780078
 30
0.0
  0
LWPOLYLINE
  5
33C
  8
0
 62
0
370
-1
  6
BYLAYER
100
AcDbEntity
100
AcDbPolyline
 90
2
 70
0
 43
0.01
 10
2037.03753508
 20
1572.77780078
 30
0.0
 10
2108.45031854
 20
1572.77780078
 30
0.0
  0
LWPOLYLINE
  5
33D
  8
0
 62
0
370
-1
  6
BYLAYER
100
AcDbEntity
100
AcDbPolyline
 90
2
 70
0
 43
0.01
 10
2108.45031854
 20
1572.77780078
 30
0.0
 10
2179.86310369
 20
1572.77780078
 30
0.0
  0
LWPOLYLINE
  5
33E
  8
0
 62
0
370
-1
  6
BYLAYER
100
AcDbEntity
100
AcDbPolyline
 90
2
 70
0
 43
0.01
 10
2179.86310369
 20
1572.77780078
 30
0.0
 10
2251.27589121
 20
1572.77780078
 30
0.0
  0
LWPOLYLINE
  5
33F
  8
0
 62
0
370
-1
  6
BYLAYER
100
AcDbEntity
100
AcDbPolyline
 90
2
 70
0
 43
0.01
 10
2251.27589121
 20
1572.77780078
 30
0.0
 10
2322.68868177
 20
1572.77780078
 30
0.0
  0
LWPOLYLINE
  5
340
  8
0
 62
0
370
-1
  6
BYLAYER
100
AcDbEntity
100
AcDbPolyline
 90
2
 70
0
 43
0.01
 10
2322.68868177
 20
1572.77780078
 30
0.0
 10
2394.10147606
 20
1572.77780078
 30
0.0
  0
LWPOLYLINE
  5
341
  8
0
 62
0
370
-1
  6
BYLAYER
100
AcDbEntity
100
AcDbPolyline
 90
2
 70
0
 43
0.01
 10
2394.10147606
 20
1572.77780078
 30
0.0
 10
2465.51427476
 20
1572.77780078
 30
0.0
  0
LWPOLYLINE
  5
342
  8
0
 62
0
370
-1
  6
BYLAYER
100
AcDbEntity
100
AcDbPolyline
 90
2
 70
0
 43
0.01
 10
2465.51427476
 20
1572.77780078
 30
0.0
 10
2465.51427476
 20
1310.64815786
 30
0.0
  0
LWPOLYLINE
  5
343
  8
0
 62
0
370
-1
  6
BYLAYER
100
AcDbEntity
100
AcDbPolyline
 90
2
 70
0
 43
0.01
 10
2465.51427476
 20
1310.64815786
 30
0.0
 10
2465.51427476
 20
1048.51851535
 30
0.0
  0
LWPOLYLINE
  5
344
  8
0
 62
0
370
-1
  6
BYLAYER
100
AcDbEntity
100
AcDbPolyline
 90
2
 70
0
 43
0.01
 10
2465.51427476
 20
1048.51851535
 30
0.0
 10
2465.51427476
 20
786.38887286
 30
0.0
  0
LWPOLYLINE
  5
345
  8
0
 62
0
370
-1
  6
BYLAYER
100
AcDbEntity
100
AcDbPolyline
 90
2
 70
0
 43
0.01
 10
2465.51427476
 20
786.38887286
 30
0.0
 10
2465.51427476
 20
524.25922998
 30
0.0
  0
LWPOLYLINE
  5
346
  8
0
 62
0
370
-1
  6
BYLAYER
100
AcDbEntity
100
AcDbPolyline
 90
2
 70
0
 43
0.01
 10
2465.51427476
 20
524.25922998
 30
0.0
 10
2465.51427476
 20
262.12958628
 30
0.0
  0
LWPOLYLINE
  5
347
  8
0
 62
0
370
-1
  6
BYLAYER
100
AcDbEntity
100
AcDbPolyline
 90
2
 70
0
 43
0.01
 10
2465.51427476
 20
262.12958628
 30
0.0
 10
2465.51427476
 20
-0.00005863
 30
0.0
  0
LWPOLYLINE
  5
348
  8
0
 62
0
370
-1
  6
BYLAYER
100
AcDbEntity
100
AcDbPolyline
 90
2
 70
0
 43
0.01
 10
2465.51427476
 20
-0.00005863
 30
0.0
 10
2465.51427476
 20
-262.12970516
 30
0.0
  0
LWPOLYLINE
  5
349
  8
0
 62
0
370
-1
  6
BYLAYER
100
AcDbEntity
100
AcDbPolyline
 90
2
 70
0
 43
0.01
 10
2465.51427476
 20
-262.12970516
 30
0.0
 10
2465.51427476
 20
-524.25935372
 30
0.0
  0
LWPOLYLINE
  5
34A
  8
0
 62
0
370
-1
  6
BYLAYER
100
AcDbEntity
100
AcDbPolyline
 90
2
 70
0
 43
0.01
 10
2465.51427476
 20
-524.25935372
 30
0.0
 10
2465.51427476
 20
-786.38900473
 30
0.0
  0
LWPOLYLINE
  5
34B
  8
0
 62
0
370
-1
  6
BYLAYER
100
AcDbEntity
100
AcDbPolyline
 90
2
 70
0
 43
0.01
 10
2465.51427476
 20
-786.38900473
 30
0.0
 10
2465.51427476
 20
-1048.51865858
 30
0.0
  0
LWPOLYLINE
  5
34C
  8
0
 62
0
370
-1
  6
BYLAYER
100
AcDbEntity
100
AcDbPolyline
 90
2
 70
0
 43
0.01
 10
2465.51427476
 20
-1048.51865858
 30
0.0
 10
2465.51427476
 20
-1310.64831569
 30
0.0
  0
LWPOLYLINE
  5
34D
  8
0
 62
0
370
-1
  6
BYLAYER
100
AcDbEntity
100
AcDbPolyline
 90
2
 70
0
 43
0.01
 10
2465.51427476
 20
-1310.64831569
 30
0.0
 10
2465.51427476
 20
-1572.77797647
 30
0.0
  0
LWPOLYLINE
  5
34E
  8
0
 62
0
370
-1
  6
BYLAYER
100
AcDbEntity
100
AcDbPolyline
 90
2
 70
0
 43
0.01
 10
2465.51427476
 20
-1572.77797647
 30
0.0
 10
2394.10147606
 20
-1572.77797647
 30
0.0
  0
LWPOLYLINE
  5
34F
  8
0
 62
0
370
-1
  6
BYLAYER
100
AcDbEntity
100
AcDbPolyline
 90
2
 70
0
 43
0.01
 10
2394.10147606
 20
-1572.77797647
 30
0.0
 10
2322.68868177
 20
-1572.77797647
 30
0.0
  0
LWPOLYLINE
  5
350
  8
0
 62
0
370
-1
  6
BYLAYER
100
AcDbEntity
100
AcDbPolyline
 90
2
 70
0
 43
0.01
 10
2322.68868177
 20
-1572.77797647
 30
0.0
 10
2251.27589121
 20
-1572.77797647
 30
0.0
  0
LWPOLYLINE
  5
351
  8
0
 62
0
370
-1
  6
BYLAYER
100
AcDbEntity
100
AcDbPolyline
 90
2
 70
0
 43
0.01
 10
2251.27589121
 20
-1572.77797647
 30
0.0
 10
2179.86310369
 20
-1572.77797647
 30
0.0
  0
LWPOLYLINE
  5
352
  8
0
 62
0
370
-1
  6
BYLAYER
100
AcDbEntity
100
AcDbPolyline
 90
2
 70
0
 43
0.01
 10
2179.86310369
 20
-1572.77797647
 30
0.0
 10
2108.45031854
 20
-1572.77797647
 30
0.0
  0
LWPOLYLINE
  5
353
  8
0
 62
0
370
-1
  6
BYLAYER
100
AcDbEntity
100
AcDbPolyline
 90
2
 70
0
 43
0.01
 10
2108.45031854
 20
-1572.77797647
 30
0.0
 10
2037.03753508
 20
-1572.77797647
 30
0.0
  0
LWPOLYLINE
  5
354
  8
0
 62
0
370
-1
  6
BYLAYER
100
AcDbEntity
100
AcDbPolyline
 90
2
 70
0
 43
0.01
 10
2037.03753508
 20
-1572.77797647
 30
0.0
 10
1965.62475262
 20
-1572.77797647
 30
0.0
  0
LWPOLYLINE
  5
355
  8
0
 62
0
370
-1
  6
BYLAYER
100
AcDbEntity
100
AcDbPolyline
 90
2
 70
0
 43
0.01
 10
1965.62475262
 20
-1572.77797647
 30
0.0
 10
1894.21197048
 20
-1572.77797647
 30
0.0
  0
LWPOLYLINE
  5
356
  8
0
 62
0
370
-1
  6
BYLAYER
100
AcDbEntity
100
AcDbPolyline
 90
2
 70
0
 43
0.01
 10
1894.21197048
 20
-1572.77797647
 30
0.0
 10
1822.79918798
 20
-1572.77797647
 30
0.0
  0
LWPOLYLINE
  5
357
  8
0
 62
0
370
-1
  6
BYLAYER
100
AcDbEntity
100
AcDbPolyline
 90
2
 70
0
 43
0.01
 10
1822.79918798
 20
-1572.77797647
 30
0.0
 10
1751.38640444
 20
-1572.77797647
 30
0.0
  0
LWPOLYLINE
  5
358
  8
0
 62
0
370
-1
  6
BYLAYER
100
AcDbEntity
100
AcDbPolyline
 90
2
 70
0
 43
0.01
 10
1751.38640444
 20
-1572.77797647
 30
0.0
 10
1679.97361917
 20
-1572.77797647
 30
0.0
  0
LWPOLYLINE
  5
359
  8
0
 62
0
370
-1
  6
BYLAYER
100
AcDbEntity
100
AcDbPolyline
 90
2
 70
0
 43
0.01
 10
1679.97361917
 20
-1572.77797647
 30
0.0
 10
1608.5608315
 20
-1572.77797647
 30
0.0
  0
LWPOLYLINE
  5
35A
  8
0
 62
0
370
-1
  6
BYLAYER
100
AcDbEntity
100
AcDbPolyline
 90
2
 70
0
 43
0.01
 10
1608.5608315
 20
-1572.77797647
 30
0.0
 10
1608.5608315
 20
-1310.64831569
 30
0.0
  0
LWPOLYLINE
  5
35B
  8
0
 62
0
370
-1
  6
BYLAYER
100
AcDbEntity
100
AcDbPolyline
 90
2
 70
0
 43
0.01
 10
1608.5608315
 20
-1310.64831569
 30
0.0
 10
1608.5608315
 20
-1048.51865858
 30
0.0
  0
LWPOLYLINE
  5
35C
  8
0
 62
0
370
-1
  6
BYLAYER
100
AcDbEntity
100
AcDbPolyline
 90
2
 70
0
 43
0.01
 10
1608.5608315
 20
-1048.51865858
 30
0.0
 10
1608.5608315
 20
-786.38900473
 30
0.0
  0
LWPOLYLINE
  5
35D
  8
0
 62
0
370
-1
  6
BYLAYER
100
AcDbEntity
100
AcDbPolyline
 90
2
 70
0
 43
0.01
 10
1608.5608315
 20
-786.38900473
 30
0.0
 10
1608.5608315
 20
-524.25935372
 30
0.0
  0
LWPOLYLINE
  5
35E
  8
0
 62
0
370
-1
  6
BYLAYER
100
AcDbEntity
100
AcDbPolyline
 90
2
 70
0
 43
0.01
 10
1608.5608315
 20
-524.25935372
 30
0.0
 10
1608.5608315
 20
-262.12970516
 30
0.0
  0
LWPOLYLINE
  5
35F
  8
0
 62
0
370
-1
  6
BYLAYER
100
AcDbEntity
100
AcDbPolyline
 90
2
 70
0
 43
0.01
 10
1608.5608315
 20
-262.12970516
 30
0.0
 10
1608.5608315
 20
-0.00005863
 30
0.0
  0
LWPOLYLINE
  5
360
  8
0
 62
0
370
-1
  6
BYLAYER
100
AcDbEntity
100
AcDbPolyline
 90
2
 70
0
 43
0.01
 10
1608.5608315
 20
-0.00005863
 30
0.0
 10
1608.5608315
 20
262.12958628
 30
0.0
  0
LWPOLYLINE
  5
361
  8
0
 62
0
370
-1
  6
BYLAYER
100
AcDbEntity
100
AcDbPolyline
 90
2
 70
0
 43
0.01
 10
1608.5608315
 20
262.12958628
 30
0.0
 10
1608.5608315
 20
524.25922998
 30
0.0
  0
LWPOLYLINE
  5
362
  8
0
 62
0
370
-1
  6
BYLAYER
100
AcDbEntity
100
AcDbPolyline
 90
2
 70
0
 43
0.01
 10
1608.5608315
 20
524.25922998
 30
0.0
 10
1608.5608315
 20
786.38887286
 30
0.0
  0
LWPOLYLINE
  5
363
  8
0
 62
0
370
-1
  6
BYLAYER
100
AcDbEntity
100
AcDbPolyline
 90
2
 70
0
 43
0.01
 10
1608.5608315
 20
786.38887286
 30
0.0
 10
1608.5608315
 20
1048.51851535
 30
0.0
  0
LWPOLYLINE
  5
364
  8
0
 62
0
370
-1
  6
BYLAYER
100
AcDbEntity
100
AcDbPolyline
 90
2
 70
0
 43
0.01
 10
1608.5608315
 20
1048.51851535
 30
0.0
 10
1608.5608315
 20
1310.64815786
 30
0.0
  0
LWPOLYLINE
  5
365
  8
0
 62
0
370
-1
  6
BYLAYER
100
AcDbEntity
100
AcDbPolyline
 90
2
 70
0
 43
0.01
 10
1608.5608315
 20
1310.64815786
 30
0.0
 10
1608.5608315
 20
1572.77780078
 30
0.0
  0
LWPOLYLINE
  5
366
  8
0
 62
0
370
-1
  6
BYLAYER
100
AcDbEntity
100
AcDbPolyline
 90
2
 70
0
 43
0.01
 10
1608.5608315
 20
1572.77780078
 30
0.0
 10
1608.5608315
 20
1572.77780078
 30
0.0
  0
LWPOLYLINE
  5
367
  8
0
 62
0
370
-1
  6
BYLAYER
100
AcDbEntity
100
AcDbPolyline
 90
2
 70
0
 43
0.01
 10
1608.5608315
 20
1572.77780078
 30
0.0
 10
1608.5608315
 20
1572.77780078
 30
0.0
  0
LWPOLYLINE
  5
368
  8
0
 62
0
370
-1
  6
BYLAYER
100
AcDbEntity
100
AcDbPolyline
 90
2
 70
0
 43
0.01
 10
1608.5608315
 20
1572.77780078
 30
0.0
 10
1608.5608315
 20
1572.77780078
 30
0.0
  0
LWPOLYLINE
  5
369
  8
0
 62
0
370
-1
  6
BYLAYER
100
AcDbEntity
100
AcDbPolyline
 90
2
 70
0
 43
0.01
 10
1608.5608315
 20
1572.77780078
 30
0.0
 10
1608.5608315
 20
1572.77780078
 30
0.0
  0
LWPOLYLINE
  5
36A
  8
0
 62
0
370
-1
  6
BYLAYER
100
AcDbEntity
100
AcDbPolyline
 90
2
 70
0
 43
0.01
 10
1608.5608315
 20
1572.77780078
 30
0.0
 10
1608.5608315
 20
1572.77780078
 30
0.0
  0
LWPOLYLINE
  5
36B
  8
0
 62
0
370
-1
  6
BYLAYER
100
AcDbEntity
100
AcDbPolyline
 90
2
 70
0
 43
0.01
 10
1608.5608315
 20
1572.77780078
 30
0.0
 10
1608.5608315
 20
1572.77780078
 30
0.0
  0
LWPOLYLINE
  5
36C
  8
0
 62
0
370
-1
  6
BYLAYER
100
AcDbEntity
100
AcDbPolyline
 90
2
 70
0
 43
0.01
 10
1608.5608315
 20
1572.77780078
 30
0.0
 10
1608.5608315
 20
1572.77780078
 30
0.0
  0
LWPOLYLINE
  5
36D
  8
0
 62
0
370
-1
  6
BYLAYER
100
AcDbEntity
100
AcDbPolyline
 90
2
 70
0
 43
0.01
 10
1608.5608315
 20
1572.77780078
 30
0.0
 10
1608.5608315
 20
1572.77780078
 30
0.0
  0
LWPOLYLINE
  5
36E
  8
0
 62
0
370
-1
  6
BYLAYER
100
AcDbEntity
100
AcDbPolyline
 90
2
 70
0
 43
0.01
 10
1608.5608315
 20
1572.77780078
 30
0.0
 10
1608.5608315
 20
1572.77780078
 30
0.0
  0
LWPOLYLINE
  5
36F
  8
0
 62
0
370
-1
  6
BYLAYER
100
AcDbEntity
100
AcDbPolyline
 90
2
 70
0
 43
0.01
 10
1608.5608315
 20
1572.77780078
 30
0.0
 10
1608.5608315
 20
1572.77780078
 30
0.0
  0
LWPOLYLINE
  5
370
  8
0
 62
0
370
-1
  6
BYLAYER
100
AcDbEntity
100
AcDbPolyline
 90
2
 70
0
 43
0.01
 10
1608.5608315
 20
1572.77780078
 30
0.0
 10
1608.5608315
 20
1572.77780078
 30
0.0
  0
LWPOLYLINE
  5
371
  8
0
 62
0
370
-1
  6
BYLAYER
100
AcDbEntity
100
AcDbPolyline
 90
2
 70
0
 43
0.01
 10
1608.5608315
 20
1572.77780078
 30
0.0
 10
1608.5608315
 20
1572.77780078
 30
0.0
  0
LWPOLYLINE
  5
372
  8
0
 62
0
370
-1
  6
BYLAYER
100
AcDbEntity
100
AcDbPolyline
 90
2
 70
0
 43
0.01
 10
1608.5608315
 20
1572.77780078
 30
0.0
 10
1608.5608315
 20
1572.77780078
 30
0.0
  0
LWPOLYLINE
  5
373
  8
0
 62
0
370
-1
  6
BYLAYER
100
AcDbEntity
100
AcDbPolyline
 90
2
 70
0
 43
0.01
 10
1608.5608315
 20
1572.77780078
 30
0.0
 10
1608.5608315
 20
1572.77780078
 30
0.0
  0
LWPOLYLINE
  5
374
  8
0
 62
0
370
-1
  6
BYLAYER
100
AcDbEntity
100
AcDbPolyline
 90
2
 70
0
 43
0.01
 10
2423.37510491
 20
1572.77780078
 30
0.0
 10
2423.37510491
 20
1572.77780078
 30
0.0
  0
LWPOLYLINE
  5
375
  8
0
 62
0
370
-1
  6
BYLAYER
100
AcDbEntity
100
AcDbPolyline
 90
2
 70
0
 43
0.01
 10
2423.37510491
 20
1572.77780078
 30
0.0
 10
2494.78789258
 20
1572.77780078
 30
0.0
  0
LWPOLYLINE
  5
376
  8
0
 62
0
370
-1
  6
BYLAYER
100
AcDbEntity
100
AcDbPolyline
 90
2
 70
0
 43
0.01
 10
2494.78789258
 20
1572.77780078
 30
0.0
 10
2566.20067785
 20
1572.77780078
 30
0.0
  0
LWPOLYLINE
  5
377
  8
0
 62
0
370
-1
  6
BYLAYER
100
AcDbEntity
100
AcDbPolyline
 90
2
 70
0
 43
0.01
 10
2566.20067785
 20
1572.77780078
 30
0.0
 10
2637.61346139
 20
1572.77780078
 30
0.0
  0
LWPOLYLINE
  5
378
  8
0
 62
0
370
-1
  6
BYLAYER
100
AcDbEntity
100
AcDbPolyline
 90
2
 70
0
 43
0.01
 10
2637.61346139
 20
1572.77780078
 30
0.0
 10
2709.02624389
 20
1572.77780078
 30
0.0
  0
LWPOLYLINE
  5
379
  8
0
 62
0
370
-1
  6
BYLAYER
100
AcDbEntity
100
AcDbPolyline
 90
2
 70
0
 43
0.01
 10
2709.02624389
 20
1572.77780078
 30
0.0
 10
2780.43902603
 20
1572.77780078
 30
0.0
  0
LWPOLYLINE
  5
37A
  8
0
 62
0
370
-1
  6
BYLAYER
100
AcDbEntity
100
AcDbPolyline
 90
2
 70
0
 43
0.01
 10
2780.43902603
 20
1572.77780078
 30
0.0
 10
2851.85180849
 20
1572.77780078
 30
0.0
  0
LWPOLYLINE
  5
37B
  8
0
 62
0
370
-1
  6
BYLAYER
100
AcDbEntity
100
AcDbPolyline
 90
2
 70
0
 43
0.01
 10
2851.85180849
 20
1572.77780078
 30
0.0
 10
2923.26459196
 20
1572.77780078
 30
0.0
  0
LWPOLYLINE
  5
37C
  8
0
 62
0
370
-1
  6
BYLAYER
100
AcDbEntity
100
AcDbPolyline
 90
2
 70
0
 43
0.01
 10
2923.26459196
 20
1572.77780078
 30
0.0
 10
2994.6773771
 20
1572.77780078
 30
0.0
  0
LWPOLYLINE
  5
37D
  8
0
 62
0
370
-1
  6
BYLAYER
100
AcDbEntity
100
AcDbPolyline
 90
2
 70
0
 43
0.01
 10
2994.6773771
 20
1572.77780078
 30
0.0
 10
3066.09016462
 20
1572.77780078
 30
0.0
  0
LWPOLYLINE
  5
37E
  8
0
 62
0
370
-1
  6
BYLAYER
100
AcDbEntity
100
AcDbPolyline
 90
2
 70
0
 43
0.01
 10
3066.09016462
 20
1572.77780078
 30
0.0
 10
3137.50295518
 20
1572.77780078
 30
0.0
  0
LWPOLYLINE
  5
37F
  8
0
 62
0
370
-1
  6
BYLAYER
100
AcDbEntity
100
AcDbPolyline
 90
2
 70
0
 43
0.01
 10
3137.50295518
 20
1572.77780078
 30
0.0
 10
3208.91574947
 20
1572.77780078
 30
0.0
  0
LWPOLYLINE
  5
380
  8
0
 62
0
370
-1
  6
BYLAYER
100
AcDbEntity
100
AcDbPolyline
 90
2
 70
0
 43
0.01
 10
3208.91574947
 20
1572.77780078
 30
0.0
 10
3280.32854817
 20
1572.77780078
 30
0.0
  0
LWPOLYLINE
  5
381
  8
0
 62
0
370
-1
  6
BYLAYER
100
AcDbEntity
100
AcDbPolyline
 90
2
 70
0
 43
0.01
 10
3280.32854817
 20
1572.77780078
 30
0.0
 10
3280.32854817
 20
1310.64815786
 30
0.0
  0
LWPOLYLINE
  5
382
  8
0
 62
0
370
-1
  6
BYLAYER
100
AcDbEntity
100
AcDbPolyline
 90
2
 70
0
 43
0.01
 10
3280.32854817
 20
1310.64815786
 30
0.0
 10
3280.32854817
 20
1048.51851535
 30
0.0
  0
LWPOLYLINE
  5
383
  8
0
 62
0
370
-1
  6
BYLAYER
100
AcDbEntity
100
AcDbPolyline
 90
2
 70
0
 43
0.01
 10
3280.32854817
 20
1048.51851535
 30
0.0
 10
3280.32854817
 20
786.38887286
 30
0.0
  0
LWPOLYLINE
  5
384
  8
0
 62
0
370
-1
  6
BYLAYER
100
AcDbEntity
100
AcDbPolyline
 90
2
 70
0
 43
0.01
 10
3280.32854817
 20
786.38887286
 30
0.0
 10
3280.32854817
 20
524.25922998
 30
0.0
  0
LWPOLYLINE
  5
385
  8
0
 62
0
370
-1
  6
BYLAYER
100
AcDbEntity
100
AcDbPolyline
 90
2
 70
0
 43
0.01
 10
3280.32854817
 20
524.25922998
 30
0.0
 10
3280.32854817
 20
262.12958628
 30
0.0
  0
LWPOLYLINE
  5
386
  8
0
 62
0
370
-1
  6
BYLAYER
100
AcDbEntity
100
AcDbPolyline
 90
2
 70
0
 43
0.01
 10
3280.32854817
 20
262.12958628
 30
0.0
 10
3280.32854817
 20
-0.00005863
 30
0.0
  0
LWPOLYLINE
  5
387
  8
0
 62
0
370
-1
  6
BYLAYER
100
AcDbEntity
100
AcDbPolyline
 90
2
 70
0
 43
0.01
 10
3280.32854817
 20
-0.00005863
 30
0.0
 10
3280.32854817
 20
-262.12970516
 30
0.0
  0
LWPOLYLINE
  5
388
  8
0
 62
0
370
-1
  6
BYLAYER
100
AcDbEntity
100
AcDbPolyline
 90
2
 70
0
 43
0.01
 10
3280.32854817
 20
-262.12970516
 30
0.0
 10
3280.32854817
 20
-524.25935372
 30
0.0
  0
LWPOLYLINE
  5
389
  8
0
 62
0
370
-1
  6
BYLAYER
100
AcDbEntity
100
AcDbPolyline
 90
2
 70
0
 43
0.01
 10
3280.32854817
 20
-524.25935372
 30
0.0
 10
3280.32854817
 20
-786.38900473
 30
0.0
  0
LWPOLYLINE
  5
38A
  8
0
 62
0
370
-1
  6
BYLAYER
100
AcDbEntity
100
AcDbPolyline
 90
2
 70
0
 43
0.01
 10
3280.32854817
 20
-786.38900473
 30
0.0
 10
3280.32854817
 20
-1048.51865858
 30
0.0
  0
LWPOLYLINE
  5
38B
  8
0
 62
0
370
-1
  6
BYLAYER
100
AcDbEntity
100
AcDbPolyline
 90
2
 70
0
 43
0.01
 10
3280.32854817
 20
-1048.51865858
 30
0.0
 10
3280.32854817
 20
-1310.64831569
 30
0.0
  0
LWPOLYLINE
  5
38C
  8
0
 62
0
370
-1
  6
BYLAYER
100
AcDbEntity
100
AcDbPolyline
 90
2
 70
0
 43
0.01
 10
3280.32854817
 20
-1310.64831569
 30
0.0
 10
3280.32854817
 20
-1572.77797647
 30
0.0
  0
LWPOLYLINE
  5
38D
  8
0
 62
0
370
-1
  6
BYLAYER
100
AcDbEntity
100
AcDbPolyline
 90
2
 70
0
 43
0.01
 10
3280.32854817
 20
-1572.77797647
 30
0.0
 10
3208.91574947
 20
-1572.77797647
 30
0.0
  0
LWPOLYLINE
  5
38E
  8
0
 62
0
370
-1
  6
BYLAYER
100
AcDbEntity
100
AcDbPolyline
 90
2
 70
0
 43
0.01
 10
3208.91574947
 20
-1572.77797647
 30
0.0
 10
3137.50295518
 20
-1572.77797647
 30
0.0
  0
LWPOLYLINE
  5
38F
  8
0
 62
0
370
-1
  6
BYLAYER
100
AcDbEntity
100
AcDbPolyline
 90
2
 70
0
 43
0.01
 10
3137.50295518
 20
-1572.77797647
 30
0.0
 10
3066.09016462
 20
-1572.77797647
 30
0.0
  0
LWPOLYLINE
  5
390
  8
0
 62
0
370
-1
  6
BYLAYER
100
AcDbEntity
100
AcDbPolyline
 90
2
 70
0
 43
0.01
 10
3066.09016462
 20
-1572.77797647
 30
0.0
 10
2994.6773771
 20
-1572.77797647
 30
0.0
  0
LWPOLYLINE
  5
391
  8
0
 62
0
370
-1
  6
BYLAYER
100
AcDbEntity
100
AcDbPolyline
 90
2
 70
0
 43
0.01
 10
2994.6773771
 20
-1572.77797647
 30
0.0
 10
2923.26459196
 20
-1572.77797647
 30
0.0
  0
LWPOLYLINE
  5
392
  8
0
 62
0
370
-1
  6
BYLAYER
100
AcDbEntity
100
AcDbPolyline
 90
2
 70
0
 43
0.01
 10
2923.26459196
 20
-1572.77797647
 30
0.0
 10
2851.85180849
 20
-1572.77797647
 30
0.0
  0
LWPOLYLINE
  5
393
  8
0
 62
0
370
-1
  6
BYLAYER
100
AcDbEntity
100
AcDbPolyline
 90
2
 70
0
 43
0.01
 10
2851.85180849
 20
-1572.77797647
 30
0.0
 10
2780.43902603
 20
-1572.77797647
 30
0.0
  0
LWPOLYLINE
  5
394
  8
0
 62
0
370
-1
  6
BYLAYER
100
AcDbEntity
100
AcDbPolyline
 90
2
 70
0
 43
0.01
 10
2780.43902603
 20
-1572.77797647
 30
0.0
 10
2709.02624389
 20
-1572.77797647
 30
0.0
  0
LWPOLYLINE
  5
395
  8
0
 62
0
370
-1
  6
BYLAYER
100
AcDbEntity
100
AcDbPolyline
 90
2
 70
0
 43
0.01
 10
2709.02624389
 20
-1572.77797647
 30
0.0
 10
2637.61346139
 20
-1572.77797647
 30
0.0
  0
LWPOLYLINE
  5
396
  8
0
 62
0
370
-1
  6
BYLAYER
100
AcDbEntity
100
AcDbPolyline
 90
2
 70
0
 43
0.01
 10
2637.61346139
 20
-1572.77797647
 30
0.0
 10
2566.20067785
 20
-1572.77797647
 30
0.0
  0
LWPOLYLINE
  5
397
  8
0
 62
0
370
-1
  6
BYLAYER
100
AcDbEntity
100
AcDbPolyline
 90
2
 70
0
 43
0.01
 10
2566.20067785
 20
-1572.77797647
 30
0.0
 10
2494.78789258
 20
-1572.77797647
 30
0.0
  0
LWPOLYLINE
  5
398
  8
0
 62
0
370
-1
  6
BYLAYER
100
AcDbEntity
100
AcDbPolyline
 90
2
 70
0
 43
0.01
 10
2494.78789258
 20
-1572.77797647
 30
0.0
 10
2423.37510491
 20
-1572.77797647
 30
0.0
  0
LWPOLYLINE
  5
399
  8
0
 62
0
370
-1
  6
BYLAYER
100
AcDbEntity
100
AcDbPolyline
 90
2
 70
0
 43
0.01
 10
2423.37510491
 20
-1572.77797647
 30
0.0
 10
2423.37510491
 20
-1310.64831569
 30
0.0
  0
LWPOLYLINE
  5
39A
  8
0
 62
0
370
-1
  6
BYLAYER
100
AcDbEntity
100
AcDbPolyline
 90
2
 70
0
 43
0.01
 10
2423.37510491
 20
-1310.64831569
 30
0.0
 10
2423.37510491
 20
-1048.51865858
 30
0.0
  0
LWPOLYLINE
  5
39B
  8
0
 62
0
370
-1
  6
BYLAYER
100
AcDbEntity
100
AcDbPolyline
 90
2
 70
0
 43
0.01
 10
2423.37510491
 20
-1048.51865858
 30
0.0
 10
2423.37510491
 20
-786.38900473
 30
0.0
  0
LWPOLYLINE
  5
39C
  8
0
 62
0
370
-1
  6
BYLAYER
100
AcDbEntity
100
AcDbPolyline
 90
2
 70
0
 43
0.01
 10
2423.37510491
 20
-786.38900473
 30
0.0
 10
2423.37510491
 20
-524.25935372
 30
0.0
  0
LWPOLYLINE
  5
39D
  8
0
 62
0
370
-1
  6
BYLAYER
100
AcDbEntity
100
AcDbPolyline
 90
2
 70
0
 43
0.01
 10
2423.37510491
 20
-524.25935372
 30
0.0
 10
2423.37510491
 20
-262.12970516
 30
0.0
  0
LWPOLYLINE
  5
39E
  8
0
 62
0
370
-1
  6
BYLAYER
100
AcDbEntity
100
AcDbPolyline
 90
2
 70
0
 43
0.01
 10
2423.37510491
 20
-262.12970516
 30
0.0
 10
2423.37510491
 20
-0.00005863
 30
0.0
  0
LWPOLYLINE
  5
39F
  8
0
 62
0
370
-1
  6
BYLAYER
100
AcDbEntity
100
AcDbPolyline
 90
2
 70
0
 43
0.01
 10
2423.37510491
 20
-0.00005863
 30
0.0
 10
2423.37510491
 20
262.12958628
 30
0.0
  0
LWPOLYLINE
  5
3A0
  8
0
 62
0
370
-1
  6
BYLAYER
100
AcDbEntity
100
AcDbPolyline
 90
2
 70
0
 43
0.01
 10
2423.37510491
 20
262.12958628
 30
0.0
 10
2423.37510491
 20
524.25922998
 30
0.0
  0
LWPOLYLINE
  5
3A1
  8
0
 62
0
370
-1
  6
BYLAYER
100
AcDbEntity
100
AcDbPolyline
 90
2
 70
0
 43
0.01
 10
2423.37510491
 20
524.25922998
 30
0.0
 10
2423.37510491
 20
786.38887286
 30
0.0
  0
LWPOLYLINE
  5
3A2
  8
0
 62
0
370
-1
  6
BYLAYER
100
AcDbEntity
100
AcDbPolyline
 90
2
 70
0
 43
0.01
 10
2423.37510491
 20
786.38887286
 30
0.0
 10
2423.37510491
 20
1048.51851535
 30
0.0
  0
LWPOLYLINE
  5
3A3
  8
0
 62
0
370
-1
  6
BYLAYER
100
AcDbEntity
100
AcDbPolyline
 90
2
 70
0
 43
0.01
 10
2423.37510491
 20
1048.51851535
 30
0.0
 10
2423.37510491
 20
1310.64815786
 30
0.0
  0
LWPOLYLINE
  5
3A4
  8
0
 62
0
370
-1
  6
BYLAYER
100
AcDbEntity
100
AcDbPolyline
 90
2
 70
0
 43
0.01
 10
2423.37510491
 20
1310.64815786
 30
0.0
 10
2423.37510491
 20
1572.77780078
 30
0.0
  0
LWPOLYLINE
  5
3A5
  8
0
 62
0
370
-1
  6
BYLAYER
100
AcDbEntity
100
AcDbPolyline
 90
2
 70
0
 43
0.01
 10
2423.37510491
 20
1572.77780078
 30
0.0
 10
2423.37510491
 20
1572.77780078
 30
0.0
  0
LWPOLYLINE
  5
3A6
  8
0
 62
0
370
-1
  6
BYLAYER
100
AcDbEntity
100
AcDbPolyline
 90
2
 70
0
 43
0.01
 10
2423.37510491
 20
1572.77780078
 30
0.0
 10
2423.37510491
 20
1572.77780078
 30
0.0
  0
LWPOLYLINE
  5
3A7
  8
0
 62
0
370
-1
  6
BYLAYER
100
AcDbEntity
100
AcDbPolyline
 90
2
 70
0
 43
0.01
 10
2423.37510491
 20
1572.77780078
 30
0.0
 10
2423.37510491
 20
1572.77780078
 30
0.0
  0
LWPOLYLINE
  5
3A8
  8
0
 62
0
370
-1
  6
BYLAYER
100
AcDbEntity
100
AcDbPolyline
 90
2
 70
0
 43
0.01
 10
2423.37510491
 20
1572.77780078
 30
0.0
 10
2423.37510491
 20
1572.77780078
 30
0.0
  0
LWPOLYLINE
  5
3A9
  8
0
 62
0
370
-1
  6
BYLAYER
100
AcDbEntity
100
AcDbPolyline
 90
2
 70
0
 43
0.01
 10
2423.37510491
 20
1572.77780078
 30
0.0
 10
2423.37510491
 20
1572.77780078
 30
0.0
  0
LWPOLYLINE
  5
3AA
  8
0
 62
0
370
-1
  6
BYLAYER
100
AcDbEntity
100
AcDbPolyline
 90
2
 70
0
 43
0.01
 10
2423.37510491
 20
1572.77780078
 30
0.0
 10
2423.37510491
 20
1572.77780078
 30
0.0
  0
LWPOLYLINE
  5
3AB
  8
0
 62
0
370
-1
  6
BYLAYER
100
AcDbEntity
100
AcDbPolyline
 90
2
 70
0
 43
0.01
 10
2423.37510491
 20
1572.77780078
 30
0.0
 10
2423.37510491
 20
1572.77780078
 30
0.0
  0
LWPOLYLINE
  5
3AC
  8
0
 62
0
370
-1
  6
BYLAYER
100
AcDbEntity
100
AcDbPolyline
 90
2
 70
0
 43
0.01
 10
2423.37510491
 20
1572.77780078
 30
0.0
 10
2423.37510491
 20
1572.77780078
 30
0.0
  0
LWPOLYLINE
  5
3AD
  8
0
 62
0
370
-1
  6
BYLAYER
100
AcDbEntity
100
AcDbPolyline
 90
2
 70
0
 43
0.01
 10
2423.37510491
 20
1572.77780078
 30
0.0
 10
2423.37510491
 20
1572.77780078
 30
0.0
  0
LWPOLYLINE
  5
3AE
  8
0
 62
0
370
-1
  6
BYLAYER
100
AcDbEntity
100
AcDbPolyline
 90
2
 70
0
 43
0.01
 10
2423.37510491
 20
1572.77780078
 30
0.0
 10
2423.37510491
 20
1572.77780078
 30
0.0
  0
LWPOLYLINE
  5
3AF
  8
0
 62
0
370
-1
  6
BYLAYER
100
AcDbEntity
100
AcDbPolyline
 90
2
 70
0
 43
0.01
 10
2423.37510491
 20
1572.77780078
 30
0.0
 10
2423.37510491
 20
1572.77780078
 30
0.0
  0
LWPOLYLINE
  5
3B0
  8
0
 62
0
370
-1
  6
BYLAYER
100
AcDbEntity
100
AcDbPolyline
 90
2
 70
0
 43
0.01
 10
2423.37510491
 20
1572.77780078
 30
0.0
 10
2423.37510491
 20
1572.77780078
 30
0.0
  0
LWPOLYLINE
  5
3B1
  8
0
 62
0
370
-1
  6
BYLAYER
100
AcDbEntity
100
AcDbPolyline
 90
2
 70
0
 43
0.01
 10
2423.37510491
 20
1572.77780078
 30
0.0
 10
2423.37510491
 20
1572.77780078
 30
0.0
  0
LWPOLYLINE
  5
3B2
  8
0
 62
0
370
-1
  6
BYLAYER
100
AcDbEntity
100
AcDbPolyline
 90
2
 70
0
 43
0.01
 10
2423.37510491
 20
1572.77780078
 30
0.0
 10
2423.37510491
 20
1572.77780078
 30
0.0
  0
LWPOLYLINE
  5
3B3
  8
0
 62
0
370
-1
  6
BYLAYER
100
AcDbEntity
100
AcDbPolyline
 90
2
 70
0
 43
0.01
 10
3238.19016054
 20
1572.77780078
 30
0.0
 10
3238.19016054
 20
1572.77780078
 30
0.0
  0
LWPOLYLINE
  5
3B4
  8
0
 62
0
370
-1
  6
BYLAYER
100
AcDbEntity
100
AcDbPolyline
 90
2
 70
0
 43
0.01
 10
3238.19016054
 20
1572.77780078
 30
0.0
 10
3309.60294821
 20
1572.77780078
 30
0.0
  0
LWPOLYLINE
  5
3B5
  8
0
 62
0
370
-1
  6
BYLAYER
100
AcDbEntity
100
AcDbPolyline
 90
2
 70
0
 43
0.01
 10
3309.60294821
 20
1572.77780078
 30
0.0
 10
3381.01573348
 20
1572.77780078
 30
0.0
  0
LWPOLYLINE
  5
3B6
  8
0
 62
0
370
-1
  6
BYLAYER
100
AcDbEntity
100
AcDbPolyline
 90
2
 70
0
 43
0.01
 10
3381.01573348
 20
1572.77780078
 30
0.0
 10
3452.42851702
 20
1572.77780078
 30
0.0
  0
LWPOLYLINE
  5
3B7
  8
0
 62
0
370
-1
  6
BYLAYER
100
AcDbEntity
100
AcDbPolyline
 90
2
 70
0
 43
0.01
 10
3452.42851702
 20
1572.77780078
 30
0.0
 10
3523.84129952
 20
1572.77780078
 30
0.0
  0
LWPOLYLINE
  5
3B8
  8
0
 62
0
370
-1
  6
BYLAYER
100
AcDbEntity
100
AcDbPolyline
 90
2
 70
0
 43
0.01
 10
3523.84129952
 20
1572.77780078
 30
0.0
 10
3595.25408166
 20
1572.77780078
 30
0.0
  0
LWPOLYLINE
  5
3B9
  8
0
 62
0
370
-1
  6
BYLAYER
100
AcDbEntity
100
AcDbPolyline
 90
2
 70
0
 43
0.01
 10
3595.25408166
 20
1572.77780078
 30
0.0
 10
3666.66686412
 20
1572.77780078
 30
0.0
  0
LWPOLYLINE
  5
3BA
  8
0
 62
0
370
-1
  6
BYLAYER
100
AcDbEntity
100
AcDbPolyline
 90
2
 70
0
 43
0.01
 10
3666.66686412
 20
1572.77780078
 30
0.0
 10
3738.07964758
 20
1572.77780078
 30
0.0
  0
LWPOLYLINE
  5
3BB
  8
0
 62
0
370
-1
  6
BYLAYER
100
AcDbEntity
100
AcDbPolyline
 90
2
 70
0
 43
0.01
 10
3738.07964758
 20
1572.77780078
 30
0.0
 10
3809.49243273
 20
1572.77780078
 30
0.0
  0
LWPOLYLINE
  5
3BC
  8
0
 62
0
370
-1
  6
BYLAYER
100
AcDbEntity
100
AcDbPolyline
 90
2
 70
0
 43
0.01
 10
3809.49243273
 20
1572.77780078
 30
0.0
 10
3880.90522024
 20
1572.77780078
 30
0.0
  0
LWPOLYLINE
  5
3BD
  8
0
 62
0
370
-1
  6
BYLAYER
100
AcDbEntity
100
AcDbPolyline
 90
2
 70
0
 43
0.01
 10
3880.90522024
 20
1572.77780078
 30
0.0
 10
3952.3180108
 20
1572.77780078
 30
0.0
  0
LWPOLYLINE
  5
3BE
  8
0
 62
0
370
-1
  6
BYLAYER
100
AcDbEntity
100
AcDbPolyline
 90
2
 70
0
 43
0.01
 10
3952.3180108
 20
1572.77780078
 30
0.0
 10
4023.73080509
 20
1572.77780078
 30
0.0
  0
LWPOLYLINE
  5
3BF
  8
0
 62
0
370
-1
  6
BYLAYER
100
AcDbEntity
100
AcDbPolyline
 90
2
 70
0
 43
0.01
 10
4023.73080509
 20
1572.77780078
 30
0.0
 10
4095.1436038
 20
1572.77780078
 30
0.0
  0
LWPOLYLINE
  5
3C0
  8
0
 62
0
370
-1
  6
BYLAYER
100
AcDbEntity
100
AcDbPolyline
 90
2
 70
0
 43
0.01
 10
4095.1436038
 20
1572.77780078
 30
0.0
 10
4095.1436038
 20
1310.64815786
 30
0.0
  0
LWPOLYLINE
  5
3C1
  8
0
 62
0
370
-1
  6
BYLAYER
100
AcDbEntity
100
AcDbPolyline
 90
2
 70
0
 43
0.01
 10
4095.1436038
 20
1310.64815786
 30
0.0
 10
4095.1436038
 20
1048.51851535
 30
0.0
  0
LWPOLYLINE
  5
3C2
  8
0
 62
0
370
-1
  6
BYLAYER
100
AcDbEntity
100
AcDbPolyline
 90
2
 70
0
 43
0.01
 10
4095.1436038
 20
1048.51851535
 30
0.0
 10
4095.1436038
 20
786.38887286
 30
0.0
  0
LWPOLYLINE
  5
3C3
  8
0
 62
0
370
-1
  6
BYLAYER
100
AcDbEntity
100
AcDbPolyline
 90
2
 70
0
 43
0.01
 10
4095.1436038
 20
786.38887286
 30
0.0
 10
4095.1436038
 20
524.25922998
 30
0.0
  0
LWPOLYLINE
  5
3C4
  8
0
 62
0
370
-1
  6
BYLAYER
100
AcDbEntity
100
AcDbPolyline
 90
2
 70
0
 43
0.01
 10
4095.1436038
 20
524.25922998
 30
0.0
 10
4095.1436038
 20
262.12958628
 30
0.0
  0
LWPOLYLINE
  5
3C5
  8
0
 62
0
370
-1
  6
BYLAYER
100
AcDbEntity
100
AcDbPolyline
 90
2
 70
0
 43
0.01
 10
4095.1436038
 20
262.12958628
 30
0.0
 10
4095.1436038
 20
-0.00005863
 30
0.0
  0
LWPOLYLINE
  5
3C6
  8
0
 62
0
370
-1
  6
BYLAYER
100
AcDbEntity
100
AcDbPolyline
 90
2
 70
0
 43
0.01
 10
4095.1436038
 20
-0.00005863
 30
0.0
 10
4095.1436038
 20
-262.12970516
 30
0.0
  0
LWPOLYLINE
  5
3C7
  8
0
 62
0
370
-1
  6
BYLAYER
100
AcDbEntity
100
AcDbPolyline
 90
2
 70
0
 43
0.01
 10
4095.1436038
 20
-262.12970516
 30
0.0
 10
4095.1436038
 20
-524.25935372
 30
0.0
  0
LWPOLYLINE
  5
3C8
  8
0
 62
0
370
-1
  6
BYLAYER
100
AcDbEntity
100
AcDbPolyline
 90
2
 70
0
 43
0.01
 10
4095.1436038
 20
-524.25935372
 30
0.0
 10
4095.1436038
 20
-786.38900473
 30
0.0
  0
LWPOLYLINE
  5
3C9
  8
0
 62
0
370
-1
  6
BYLAYER
100
AcDbEntity
100
AcDbPolyline
 90
2
 70
0
 43
0.01
 10
4095.1436038
 20
-786.38900473
 30
0.0
 10
4095.1436038
 20
-1048.51865858
 30
0.0
  0
LWPOLYLINE
  5
3CA
  8
0
 62
0
370
-1
  6
BYLAYER
100
AcDbEntity
100
AcDbPolyline
 90
2
 70
0
 43
0.01
 10
4095.1436038
 20
-1048.51865858
 30
0.0
 10
4095.1436038
 20
-1310.64831569
 30
0.0
  0
LWPOLYLINE
  5
3CB
  8
0
 62
0
370
-1
  6
BYLAYER
100
AcDbEntity
100
AcDbPolyline
 90
2
 70
0
 43
0.01
 10
4095.1436038
 20
-1310.64831569
 30
0.0
 10
4095.1436038
 20
-1572.77797647
 30
0.0
  0
LWPOLYLINE
  5
3CC
  8
0
 62
0
370
-1
  6
BYLAYER
100
AcDbEntity
100
AcDbPolyline
 90
2
 70
0
 43
0.01
 10
4095.1436038
 20
-1572.77797647
 30
0.0
 10
4023.73080509
 20
-1572.77797647
 30
0.0
  0
LWPOLYLINE
  5
3CD
  8
0
 62
0
370
-1
  6
BYLAYER
100
AcDbEntity
100
AcDbPolyline
 90
2
 70
0
 43
0.01
 10
4023.73080509
 20
-1572.77797647
 30
0.0
 10
3952.3180108
 20
-1572.77797647
 30
0.0
  0
LWPOLYLINE
  5
3CE
  8
0
 62
0
370
-1
  6
BYLAYER
100
AcDbEntity
100
AcDbPolyline
 90
2
 70
0
 43
0.01
 10
3952.3180108
 20
-1572.77797647
 30
0.0
 10
3880.90522024
 20
-1572.77797647
 30
0.0
  0
LWPOLYLINE
  5
3CF
  8
0
 62
0
370
-1
  6
BYLAYER
100
AcDbEntity
100
AcDbPolyline
 90
2
 70
0
 43
0.01
 10
3880.90522024
 20
-1572.77797647
 30
0.0
 10
3809.49243273
 20
-1572.77797647
 30
0.0
  0
LWPOLYLINE
  5
3D0
  8
0
 62
0
370
-1
  6
BYLAYER
100
AcDbEntity
100
AcDbPolyline
 90
2
 70
0
 43
0.01
 10
3809.49243273
 20
-1572.77797647
 30
0.0
 10
3738.07964758
 20
-1572.77797647
 30
0.0
  0
LWPOLYLINE
  5
3D1
  8
0
 62
0
370
-1
  6
BYLAYER
100
AcDbEntity
100
AcDbPolyline
 90
2
 70
0
 43
0.01
 10
3738.07964758
 20
-1572.77797647
 30
0.0
 10
3666.66686412
 20
-1572.77797647
 30
0.0
  0
LWPOLYLINE
  5
3D2
  8
0
 62
0
370
-1
  6
BYLAYER
100
AcDbEntity
100
AcDbPolyline
 90
2
 70
0
 43
0.01
 10
3666.66686412
 20
-1572.77797647
 30
0.0
 10
3595.25408166
 20
-1572.77797647
 30
0.0
  0
LWPOLYLINE
  5
3D3
  8
0
 62
0
370
-1
  6
BYLAYER
100
AcDbEntity
100
AcDbPolyline
 90
2
 70
0
 43
0.01
 10
3595.25408166
 20
-1572.77797647
 30
0.0
 10
3523.84129952
 20
-1572.77797647
 30
0.0
  0
LWPOLYLINE
  5
3D4
  8
0
 62
0
370
-1
  6
BYLAYER
100
AcDbEntity
100
AcDbPolyline
 90
2
 70
0
 43
0.01
 10
3523.84129952
 20
-1572.77797647
 30
0.0
 10
3452.42851702
 20
-1572.77797647
 30
0.0
  0
LWPOLYLINE
  5
3D5
  8
0
 62
0
370
-1
  6
BYLAYER
100
AcDbEntity
100
AcDbPolyline
 90
2
 70
0
 43
0.01
 10
3452.42851702
 20
-1572.77797647
 30
0.0
 10
3381.01573348
 20
-1572.77797647
 30
0.0
  0
LWPOLYLINE
  5
3D6
  8
0
 62
0
370
-1
  6
BYLAYER
100
AcDbEntity
100
AcDbPolyline
 90
2
 70
0
 43
0.01
 10
3381.01573348
 20
-1572.77797647
 30
0.0
 10
3309.60294821
 20
-1572.77797647
 30
0.0
  0
LWPOLYLINE
  5
3D7
  8
0
 62
0
370
-1
  6
BYLAYER
100
AcDbEntity
100
AcDbPolyline
 90
2
 70
0
 43
0.01
 10
3309.60294821
 20
-1572.77797647
 30
0.0
 10
3238.19016054
 20
-1572.77797647
 30
0.0
  0
LWPOLYLINE
  5
3D8
  8
0
 62
0
370
-1
  6
BYLAYER
100
AcDbEntity
100
AcDbPolyline
 90
2
 70
0
 43
0.01
 10
3238.19016054
 20
-1572.77797647
 30
0.0
 10
3238.19016054
 20
-1310.64831569
 30
0.0
  0
LWPOLYLINE
  5
3D9
  8
0
 62
0
370
-1
  6
BYLAYER
100
AcDbEntity
100
AcDbPolyline
 90
2
 70
0
 43
0.01
 10
3238.19016054
 20
-1310.64831569
 30
0.0
 10
3238.19016054
 20
-1048.51865858
 30
0.0
  0
LWPOLYLINE
  5
3DA
  8
0
 62
0
370
-1
  6
BYLAYER
100
AcDbEntity
100
AcDbPolyline
 90
2
 70
0
 43
0.01
 10
3238.19016054
 20
-1048.51865858
 30
0.0
 10
3238.19016054
 20
-786.38900473
 30
0.0
  0
LWPOLYLINE
  5
3DB
  8
0
 62
0
370
-1
  6
BYLAYER
100
AcDbEntity
100
AcDbPolyline
 90
2
 70
0
 43
0.01
 10
3238.19016054
 20
-786.38900473
 30
0.0
 10
3238.19016054
 20
-524.25935372
 30
0.0
  0
LWPOLYLINE
  5
3DC
  8
0
 62
0
370
-1
  6
BYLAYER
100
AcDbEntity
100
AcDbPolyline
 90
2
 70
0
 43
0.01
 10
3238.19016054
 20
-524.25935372
 30
0.0
 10
3238.19016054
 20
-262.12970516
 30
0.0
  0
LWPOLYLINE
  5
3DD
  8
0
 62
0
370
-1
  6
BYLAYER
100
AcDbEntity
100
AcDbPolyline
 90
2
 70
0
 43
0.01
 10
3238.19016054
 20
-262.12970516
 30
0.0
 10
3238.19016054
 20
-0.00005863
 30
0.0
  0
LWPOLYLINE
  5
3DE
  8
0
 62
0
370
-1
  6
BYLAYER
100
AcDbEntity
100
AcDbPolyline
 90
2
 70
0
 43
0.01
 10
3238.19016054
 20
-0.00005863
 30
0.0
 10
3238.19016054
 20
262.12958628
 30
0.0
  0
LWPOLYLINE
  5
3DF
  8
0
 62
0
370
-1
  6
BYLAYER
100
AcDbEntity
100
AcDbPolyline
 90
2
 70
0
 43
0.01
 10
3238.19016054
 20
262.12958628
 30
0.0
 10
3238.19016054
 20
524.25922998
 30
0.0
  0
LWPOLYLINE
  5
3E0
  8
0
 62
0
370
-1
  6
BYLAYER
100
AcDbEntity
100
AcDbPolyline
 90
2
 70
0
 43
0.01
 10
3238.19016054
 20
524.25922998
 30
0.0
 10
3238.19016054
 20
786.38887286
 30
0.0
  0
LWPOLYLINE
  5
3E1
  8
0
 62
0
370
-1
  6
BYLAYER
100
AcDbEntity
100
AcDbPolyline
 90
2
 70
0
 43
0.01
 10
3238.19016054
 20
786.38887286
 30
0.0
 10
3238.19016054
 20
1048.51851535
 30
0.0
  0
LWPOLYLINE
  5
3E2
  8
0
 62
0
370
-1
  6
BYLAYER
100
AcDbEntity
100
AcDbPolyline
 90
2
 70
0
 43
0.01
 10
3238.19016054
 20
1048.51851535
 30
0.0
 10
3238.19016054
 20
1310.64815786
 30
0.0
  0
LWPOLYLINE
  5
3E3
  8
0
 62
0
370
-1
  6
BYLAYER
100
AcDbEntity
100
AcDbPolyline
 90
2
 70
0
 43
0.01
 10
3238.19016054
 20
1310.64815786
 30
0.0
 10
3238.19016054
 20
1572.77780078
 30
0.0
  0
LWPOLYLINE
  5
3E4
  8
0
 62
0
370
-1
  6
BYLAYER
100
AcDbEntity
100
AcDbPolyline
 90
2
 70
0
 43
0.01
 10
3238.19016054
 20
1572.77780078
 30
0.0
 10
3238.19016054
 20
1572.77780078
 30
0.0
  0
LWPOLYLINE
  5
3E5
  8
0
 62
0
370
-1
  6
BYLAYER
100
AcDbEntity
100
AcDbPolyline
 90
2
 70
0
 43
0.01
 10
3238.19016054
 20
1572.77780078
 30
0.0
 10
3238.19016054
 20
1572.77780078
 30
0.0
  0
LWPOLYLINE
  5
3E6
  8
0
 62
0
370
-1
  6
BYLAYER
100
AcDbEntity
100
AcDbPolyline
 90
2
 70
0
 43
0.01
 10
3238.19016054
 20
1572.77780078
 30
0.0
 10
3238.19016054
 20
1572.77780078
 30
0.0
  0
LWPOLYLINE
  5
3E7
  8
0
 62
0
370
-1
  6
BYLAYER
100
AcDbEntity
100
AcDbPolyline
 90
2
 70
0
 43
0.01
 10
3238.19016054
 20
1572.77780078
 30
0.0
 10
3238.19016054
 20
1572.77780078
 30
0.0
  0
LWPOLYLINE
  5
3E8
  8
0
 62
0
370
-1
  6
BYLAYER
100
AcDbEntity
100
AcDbPolyline
 90
2
 70
0
 43
0.01
 10
3238.19016054
 20
1572.77780078
 30
0.0
 10
3238.19016054
 20
1572.77780078
 30
0.0
  0
LWPOLYLINE
  5
3E9
  8
0
 62
0
370
-1
  6
BYLAYER
100
AcDbEntity
100
AcDbPolyline
 90
2
 70
0
 43
0.01
 10
3238.19016054
 20
1572.77780078
 30
0.0
 10
3238.19016054
 20
1572.77780078
 30
0.0
  0
LWPOLYLINE
  5
3EA
  8
0
 62
0
370
-1
  6
BYLAYER
100
AcDbEntity
100
AcDbPolyline
 90
2
 70
0
 43
0.01
 10
3238.19016054
 20
1572.77780078
 30
0.0
 10
3238.19016054
 20
1572.77780078
 30
0.0
  0
LWPOLYLINE
  5
3EB
  8
0
 62
0
370
-1
  6
BYLAYER
100
AcDbEntity
100
AcDbPolyline
 90
2
 70
0
 43
0.01
 10
3238.19016054
 20
1572.77780078
 30
0.0
 10
3238.19016054
 20
1572.77780078
 30
0.0
  0
LWPOLYLINE
  5
3EC
  8
0
 62
0
370
-1
  6
BYLAYER
100
AcDbEntity
100
AcDbPolyline
 90
2
 70
0
 43
0.01
 10
3238.19016054
 20
1572.77780078
 30
0.0
 10
3238.19016054
 20
1572.77780078
 30
0.0
  0
LWPOLYLINE
  5
3ED
  8
0
 62
0
370
-1
  6
BYLAYER
100
AcDbEntity
100
AcDbPolyline
 90
2
 70
0
 43
0.01
 10
3238.19016054
 20
1572.77780078
 30
0.0
 10
3238.19016054
 20
1572.77780078
 30
0.0
  0
LWPOLYLINE
  5
3EE
  8
0
 62
0
370
-1
  6
BYLAYER
100
AcDbEntity
100
AcDbPolyline
 90
2
 70
0
 43
0.01
 10
3238.19016054
 20
1572.77780078
 30
0.0
 10
3238.19016054
 20
1572.77780078
 30
0.0
  0
LWPOLYLINE
  5
3EF
  8
0
 62
0
370
-1
  6
BYLAYER
100
AcDbEntity
100
AcDbPolyline
 90
2
 70
0
 43
0.01
 10
3238.19016054
 20
1572.77780078
 30
0.0
 10
3238.19016054
 20
1572.77780078
 30
0.0
  0
LWPOLYLINE
  5
3F0
  8
0
 62
0
370
-1
  6
BYLAYER
100
AcDbEntity
100
AcDbPolyline
 90
2
 70
0
 43
0.01
 10
3238.19016054
 20
1572.77780078
 30
0.0
 10
3238.19016054
 20
1572.77780078
 30
0.0
  0
LWPOLYLINE
  5
3F1
  8
0
 62
0
370
-1
  6
BYLAYER
100
AcDbEntity
100
AcDbPolyline
 90
2
 70
0
 43
0.01
 10
3238.19016054
 20
1572.77780078
 30
0.0
 10
3238.19016054
 20
1572.77780078
 30
0.0
  0
LWPOLYLINE
  5
3F2
  8
0
 62
0
370
-1
  6
BYLAYER
100
AcDbEntity
100
AcDbPolyline
 90
2
 70
0
 43
0.01
 10
4053.00521616
 20
1572.77780078
 30
0.0
 10
4053.00521616
 20
1572.77780078
 30
0.0
  0
LWPOLYLINE
  5
3F3
  8
0
 62
0
370
-1
  6
BYLAYER
100
AcDbEntity
100
AcDbPolyline
 90
2
 70
0
 43
0.01
 10
4053.00521616
 20
1572.77780078
 30
0.0
 10
4124.41800384
 20
1572.77780078
 30
0.0
  0
LWPOLYLINE
  5
3F4
  8
0
 62
0
370
-1
  6
BYLAYER
100
AcDbEntity
100
AcDbPolyline
 90
2
 70
0
 43
0.01
 10
4124.41800384
 20
1572.77780078
 30
0.0
 10
4195.8307891
 20
1572.77780078
 30
0.0
  0
LWPOLYLINE
  5
3F5
  8
0
 62
0
370
-1
  6
BYLAYER
100
AcDbEntity
100
AcDbPolyline
 90
2
 70
0
 43
0.01
 10
4195.8307891
 20
1572.77780078
 30
0.0
 10
4267.24357264
 20
1572.77780078
 30
0.0
  0
LWPOLYLINE
  5
3F6
  8
0
 62
0
370
-1
  6
BYLAYER
100
AcDbEntity
100
AcDbPolyline
 90
2
 70
0
 43
0.01
 10
4267.24357264
 20
1572.77780078
 30
0.0
 10
4338.65635515
 20
1572.77780078
 30
0.0
  0
LWPOLYLINE
  5
3F7
  8
0
 62
0
370
-1
  6
BYLAYER
100
AcDbEntity
100
AcDbPolyline
 90
2
 70
0
 43
0.01
 10
4338.65635515
 20
1572.77780078
 30
0.0
 10
4410.06913728
 20
1572.77780078
 30
0.0
  0
LWPOLYLINE
  5
3F8
  8
0
 62
0
370
-1
  6
BYLAYER
100
AcDbEntity
100
AcDbPolyline
 90
2
 70
0
 43
0.01
 10
4410.06913728
 20
1572.77780078
 30
0.0
 10
4481.48191975
 20
1572.77780078
 30
0.0
  0
LWPOLYLINE
  5
3F9
  8
0
 62
0
370
-1
  6
BYLAYER
100
AcDbEntity
100
AcDbPolyline
 90
2
 70
0
 43
0.01
 10
4481.48191975
 20
1572.77780078
 30
0.0
 10
4552.89470321
 20
1572.77780078
 30
0.0
  0
LWPOLYLINE
  5
3FA
  8
0
 62
0
370
-1
  6
BYLAYER
100
AcDbEntity
100
AcDbPolyline
 90
2
 70
0
 43
0.01
 10
4552.89470321
 20
1572.77780078
 30
0.0
 10
4624.30748836
 20
1572.77780078
 30
0.0
  0
LWPOLYLINE
  5
3FB
  8
0
 62
0
370
-1
  6
BYLAYER
100
AcDbEntity
100
AcDbPolyline
 90
2
 70
0
 43
0.01
 10
4624.30748836
 20
1572.77780078
 30
0.0
 10
4695.72027587
 20
1572.77780078
 30
0.0
  0
LWPOLYLINE
  5
3FC
  8
0
 62
0
370
-1
  6
BYLAYER
100
AcDbEntity
100
AcDbPolyline
 90
2
 70
0
 43
0.01
 10
4695.72027587
 20
1572.77780078
 30
0.0
 10
4767.13306643
 20
1572.77780078
 30
0.0
  0
LWPOLYLINE
  5
3FD
  8
0
 62
0
370
-1
  6
BYLAYER
100
AcDbEntity
100
AcDbPolyline
 90
2
 70
0
 43
0.01
 10
4767.13306643
 20
1572.77780078
 30
0.0
 10
4838.54586072
 20
1572.77780078
 30
0.0
  0
LWPOLYLINE
  5
3FE
  8
0
 62
0
370
-1
  6
BYLAYER
100
AcDbEntity
100
AcDbPolyline
 90
2
 70
0
 43
0.01
 10
4838.54586072
 20
1572.77780078
 30
0.0
 10
4909.95865942
 20
1572.77780078
 30
0.0
  0
LWPOLYLINE
  5
3FF
  8
0
 62
0
370
-1
  6
BYLAYER
100
AcDbEntity
100
AcDbPolyline
 90
2
 70
0
 43
0.01
 10
4909.95865942
 20
1572.77780078
 30
0.0
 10
4909.95865942
 20
1310.64815786
 30
0.0
  0
LWPOLYLINE
  5
400
  8
0
 62
0
370
-1
  6
BYLAYER
100
AcDbEntity
100
AcDbPolyline
 90
2
 70
0
 43
0.01
 10
4909.95865942
 20
1310.64815786
 30
0.0
 10
4909.95865942
 20
1048.51851535
 30
0.0
  0
LWPOLYLINE
  5
401
  8
0
 62
0
370
-1
  6
BYLAYER
100
AcDbEntity
100
AcDbPolyline
 90
2
 70
0
 43
0.01
 10
4909.95865942
 20
1048.51851535
 30
0.0
 10
4909.95865942
 20
786.38887286
 30
0.0
  0
LWPOLYLINE
  5
402
  8
0
 62
0
370
-1
  6
BYLAYER
100
AcDbEntity
100
AcDbPolyline
 90
2
 70
0
 43
0.01
 10
4909.95865942
 20
786.38887286
 30
0.0
 10
4909.95865942
 20
524.25922998
 30
0.0
  0
LWPOLYLINE
  5
403
  8
0
 62
0
370
-1
  6
BYLAYER
100
AcDbEntity
100
AcDbPolyline
 90
2
 70
0
 43
0.01
 10
4909.95865942
 20
524.25922998
 30
0.0
 10
4909.95865942
 20
262.12958628
 30
0.0
  0
LWPOLYLINE
  5
404
  8
0
 62
0
370
-1
  6
BYLAYER
100
AcDbEntity
100
AcDbPolyline
 90
2
 70
0
 43
0.01
 10
4909.95865942
 20
262.12958628
 30
0.0
 10
4909.95865942
 20
-0.00005863
 30
0.0
  0
LWPOLYLINE
  5
405
  8
0
 62
0
370
-1
  6
BYLAYER
100
AcDbEntity
100
AcDbPolyline
 90
2
 70
0
 43
0.01
 10
4909.95865942
 20
-0.00005863
 30
0.0
 10
4909.95865942
 20
-262.12970516
 30
0.0
  0
LWPOLYLINE
  5
406
  8
0
 62
0
370
-1
  6
BYLAYER
100
AcDbEntity
100
AcDbPolyline
 90
2
 70
0
 43
0.01
 10
4909.95865942
 20
-262.12970516
 30
0.0
 10
4909.95865942
 20
-524.25935372
 30
0.0
  0
LWPOLYLINE
  5
407
  8
0
 62
0
370
-1
  6
BYLAYER
100
AcDbEntity
100
AcDbPolyline
 90
2
 70
0
 43
0.01
 10
4909.95865942
 20
-524.25935372
 30
0.0
 10
4909.95865942
 20
-786.38900473
 30
0.0
  0
LWPOLYLINE
  5
408
  8
0
 62
0
370
-1
  6
BYLAYER
100
AcDbEntity
100
AcDbPolyline
 90
2
 70
0
 43
0.01
 10
4909.95865942
 20
-786.38900473
 30
0.0
 10
4909.95865942
 20
-1048.51865858
 30
0.0
  0
LWPOLYLINE
  5
409
  8
0
 62
0
370
-1
  6
BYLAYER
100
AcDbEntity
100
AcDbPolyline
 90
2
 70
0
 43
0.01
 10
4909.95865942
 20
-1048.51865858
 30
0.0
 10
4909.95865942
 20
-1310.64831569
 30
0.0
  0
LWPOLYLINE
  5
40A
  8
0
 62
0
370
-1
  6
BYLAYER
100
AcDbEntity
100
AcDbPolyline
 90
2
 70
0
 43
0.01
 10
4909.95865942
 20
-1310.64831569
 30
0.0
 10
4909.95865942
 20
-1572.77797647
 30
0.0
  0
LWPOLYLINE
  5
40B
  8
0
 62
0
370
-1
  6
BYLAYER
100
AcDbEntity
100
AcDbPolyline
 90
2
 70
0
 43
0.01
 10
4909.95865942
 20
-1572.77797647
 30
0.0
 10
4838.54586072
 20
-1572.77797647
 30
0.0
  0
LWPOLYLINE
  5
40C
  8
0
 62
0
370
-1
  6
BYLAYER
100
AcDbEntity
100
AcDbPolyline
 90
2
 70
0
 43
0.01
 10
4838.54586072
 20
-1572.77797647
 30
0.0
 10
4767.13306643
 20
-1572.77797647
 30
0.0
  0
LWPOLYLINE
  5
40D
  8
0
 62
0
370
-1
  6
BYLAYER
100
AcDbEntity
100
AcDbPolyline
 90
2
 70
0
 43
0.01
 10
4767.13306643
 20
-1572.77797647
 30
0.0
 10
4695.72027587
 20
-1572.77797647
 30
0.0
  0
LWPOLYLINE
  5
40E
  8
0
 62
0
370
-1
  6
BYLAYER
100
AcDbEntity
100
AcDbPolyline
 90
2
 70
0
 43
0.01
 10
4695.72027587
 20
-1572.77797647
 30
0.0
 10
4624.30748836
 20
-1572.77797647
 30
0.0
  0
LWPOLYLINE
  5
40F
  8
0
 62
0
370
-1
  6
BYLAYER
100
AcDbEntity
100
AcDbPolyline
 90
2
 70
0
 43
0.01
 10
4624.30748836
 20
-1572.77797647
 30
0.0
 10
4552.89470321
 20
-1572.77797647
 30
0.0
  0
LWPOLYLINE
  5
410
  8
0
 62
0
370
-1
  6
BYLAYER
100
AcDbEntity
100
AcDbPolyline
 90
2
 70
0
 43
0.01
 10
4552.89470321
 20
-1572.77797647
 30
0.0
 10
4481.48191975
 20
-1572.77797647
 30
0.0
  0
LWPOLYLINE
  5
411
  8
0
 62
0
370
-1
  6
BYLAYER
100
AcDbEntity
100
AcDbPolyline
 90
2
 70
0
 43
0.01
 10
4481.48191975
 20
-1572.77797647
 30
0.0
 10
4410.06913728
 20
-1572.77797647
 30
0.0
  0
LWPOLYLINE
  5
412
  8
0
 62
0
370
-1
  6
BYLAYER
100
AcDbEntity
100
AcDbPolyline
 90
2
 70
0
 43
0.01
 10
4410.06913728
 20
-1572.77797647
 30
0.0
 10
4338.65635515
 20
-1572.77797647
 30
0.0
  0
LWPOLYLINE
  5
413
  8
0
 62
0
370
-1
  6
BYLAYER
100
AcDbEntity
100
AcDbPolyline
 90
2
 70
0
 43
0.01
 10
4338.65635515
 20
-1572.77797647
 30
0.0
 10
4267.24357264
 20
-1572.77797647
 30
0.0
  0
LWPOLYLINE
  5
414
  8
0
 62
0
370
-1
  6
BYLAYER
100
AcDbEntity
100
AcDbPolyline
 90
2
 70
0
 43
0.01
 10
4267.24357264
 20
-1572.77797647
 30
0.0
 10
4195.8307891
 20
-1572.77797647
 30
0.0
  0
LWPOLYLINE
  5
415
  8
0
 62
0
370
-1
  6
BYLAYER
100
AcDbEntity
100
AcDbPolyline
 90
2
 70
0
 43
0.01
 10
4195.8307891
 20
-1572.77797647
 30
0.0
 10
4124.41800384
 20
-1572.77797647
 30
0.0
  0
LWPOLYLINE
  5
416
  8
0
 62
0
370
-1
  6
BYLAYER
100
AcDbEntity
100
AcDbPolyline
 90
2
 70
0
 43
0.01
 10
4124.41800384
 20
-1572.77797647
 30
0.0
 10
4053.00521616
 20
-1572.77797647
 30
0.0
  0
LWPOLYLINE
  5
417
  8
0
 62
0
370
-1
  6
BYLAYER
100
AcDbEntity
100
AcDbPolyline
 90
2
 70
0
 43
0.01
 10
4053.00521616
 20
-1572.77797647
 30
0.0
 10
4053.00521616
 20
-1310.64831569
 30
0.0
  0
LWPOLYLINE
  5
418
  8
0
 62
0
370
-1
  6
BYLAYER
100
AcDbEntity
100
AcDbPolyline
 90
2
 70
0
 43
0.01
 10
4053.00521616
 20
-1310.64831569
 30
0.0
 10
4053.00521616
 20
-1048.51865858
 30
0.0
  0
LWPOLYLINE
  5
419
  8
0
 62
0
370
-1
  6
BYLAYER
100
AcDbEntity
100
AcDbPolyline
 90
2
 70
0
 43
0.01
 10
4053.00521616
 20
-1048.51865858
 30
0.0
 10
4053.00521616
 20
-786.38900473
 30
0.0
  0
LWPOLYLINE
  5
41A
  8
0
 62
0
370
-1
  6
BYLAYER
100
AcDbEntity
100
AcDbPolyline
 90
2
 70
0
 43
0.01
 10
4053.00521616
 20
-786.38900473
 30
0.0
 10
4053.00521616
 20
-524.25935372
 30
0.0
  0
LWPOLYLINE
  5
41B
  8
0
 62
0
370
-1
  6
BYLAYER
100
AcDbEntity
100
AcDbPolyline
 90
2
 70
0
 43
0.01
 10
4053.00521616
 20
-524.25935372
 30
0.0
 10
4053.00521616
 20
-262.12970516
 30
0.0
  0
LWPOLYLINE
  5
41C
  8
0
 62
0
370
-1
  6
BYLAYER
100
AcDbEntity
100
AcDbPolyline
 90
2
 70
0
 43
0.01
 10
4053.00521616
 20
-262.12970516
 30
0.0
 10
4053.00521616
 20
-0.00005863
 30
0.0
  0
LWPOLYLINE
  5
41D
  8
0
 62
0
370
-1
  6
BYLAYER
100
AcDbEntity
100
AcDbPolyline
 90
2
 70
0
 43
0.01
 10
4053.00521616
 20
-0.00005863
 30
0.0
 10
4053.00521616
 20
262.12958628
 30
0.0
  0
LWPOLYLINE
  5
41E
  8
0
 62
0
370
-1
  6
BYLAYER
100
AcDbEntity
100
AcDbPolyline
 90
2
 70
0
 43
0.01
 10
4053.00521616
 20
262.12958628
 30
0.0
 10
4053.00521616
 20
524.25922998
 30
0.0
  0
LWPOLYLINE
  5
41F
  8
0
 62
0
370
-1
  6
BYLAYER
100
AcDbEntity
100
AcDbPolyline
 90
2
 70
0
 43
0.01
 10
4053.00521616
 20
524.25922998
 30
0.0
 10
4053.00521616
 20
786.38887286
 30
0.0
  0
LWPOLYLINE
  5
420
  8
0
 62
0
370
-1
  6
BYLAYER
100
AcDbEntity
100
AcDbPolyline
 90
2
 70
0
 43
0.01
 10
4053.00521616
 20
786.38887286
 30
0.0
 10
4053.00521616
 20
1048.51851535
 30
0.0
  0
LWPOLYLINE
  5
421
  8
0
 62
0
370
-1
  6
BYLAYER
100
AcDbEntity
100
AcDbPolyline
 90
2
 70
0
 43
0.01
 10
4053.00521616
 20
1048.51851535
 30
0.0
 10
4053.00521616
 20
1310.64815786
 30
0.0
  0
LWPOLYLINE
  5
422
  8
0
 62
0
370
-1
  6
BYLAYER
100
AcDbEntity
100
AcDbPolyline
 90
2
 70
0
 43
0.01
 10
4053.00521616
 20
1310.64815786
 30
0.0
 10
4053.00521616
 20
1572.77780078
 30
0.0
  0
LWPOLYLINE
  5
423
  8
0
 62
0
370
-1
  6
BYLAYER
100
AcDbEntity
100
AcDbPolyline
 90
2
 70
0
 43
0.01
 10
4053.00521616
 20
1572.77780078
 30
0.0
 10
4053.00521616
 20
1572.77780078
 30
0.0
  0
LWPOLYLINE
  5
424
  8
0
 62
0
370
-1
  6
BYLAYER
100
AcDbEntity
100
AcDbPolyline
 90
2
 70
0
 43
0.01
 10
4053.00521616
 20
1572.77780078
 30
0.0
 10
4053.00521616
 20
1572.77780078
 30
0.0
  0
LWPOLYLINE
  5
425
  8
0
 62
0
370
-1
  6
BYLAYER
100
AcDbEntity
100
AcDbPolyline
 90
2
 70
0
 43
0.01
 10
4053.00521616
 20
1572.77780078
 30
0.0
 10
4053.00521616
 20
1572.77780078
 30
0.0
  0
LWPOLYLINE
  5
426
  8
0
 62
0
370
-1
  6
BYLAYER
100
AcDbEntity
100
AcDbPolyline
 90
2
 70
0
 43
0.01
 10
4053.00521616
 20
1572.77780078
 30
0.0
 10
4053.00521616
 20
1572.77780078
 30
0.0
  0
LWPOLYLINE
  5
427
  8
0
 62
0
370
-1
  6
BYLAYER
100
AcDbEntity
100
AcDbPolyline
 90
2
 70
0
 43
0.01
 10
4053.00521616
 20
1572.77780078
 30
0.0
 10
4053.00521616
 20
1572.77780078
 30
0.0
  0
LWPOLYLINE
  5
428
  8
0
 62
0
370
-1
  6
BYLAYER
100
AcDbEntity
100
AcDbPolyline
 90
2
 70
0
 43
0.01
 10
4053.00521616
 20
1572.77780078
 30
0.0
 10
4053.00521616
 20
1572.77780078
 30
0.0
  0
LWPOLYLINE
  5
429
  8
0
 62
0
370
-1
  6
BYLAYER
100
AcDbEntity
100
AcDbPolyline
 90
2
 70
0
 43
0.01
 10
4053.00521616
 20
1572.77780078
 30
0.0
 10
4053.00521616
 20
1572.77780078
 30
0.0
  0
LWPOLYLINE
  5
42A
  8
0
 62
0
370
-1
  6
BYLAYER
100
AcDbEntity
100
AcDbPolyline
 90
2
 70
0
 43
0.01
 10
4053.00521616
 20
1572.77780078
 30
0.0
 10
4053.00521616
 20
1572.77780078
 30
0.0
  0
LWPOLYLINE
  5
42B
  8
0
 62
0
370
-1
  6
BYLAYER
100
AcDbEntity
100
AcDbPolyline
 90
2
 70
0
 43
0.01
 10
4053.00521616
 20
1572.77780078
 30
0.0
 10
4053.00521616
 20
1572.77780078
 30
0.0
  0
LWPOLYLINE
  5
42C
  8
0
 62
0
370
-1
  6
BYLAYER
100
AcDbEntity
100
AcDbPolyline
 90
2
 70
0
 43
0.01
 10
4053.00521616
 20
1572.77780078
 30
0.0
 10
4053.00521616
 20
1572.77780078
 30
0.0
  0
LWPOLYLINE
  5
42D
  8
0
 62
0
370
-1
  6
BYLAYER
100
AcDbEntity
100
AcDbPolyline
 90
2
 70
0
 43
0.01
 10
4053.00521616
 20
1572.77780078
 30
0.0
 10
4053.00521616
 20
1572.77780078
 30
0.0
  0
LWPOLYLINE
  5
42E
  8
0
 62
0
370
-1
  6
BYLAYER
100
AcDbEntity
100
AcDbPolyline
 90
2
 70
0
 43
0.01
 10
4053.00521616
 20
1572.77780078
 30
0.0
 10
4053.00521616
 20
1572.77780078
 30
0.0
  0
LWPOLYLINE
  5
42F
  8
0
 62
0
370
-1
  6
BYLAYER
100
AcDbEntity
100
AcDbPolyline
 90
2
 70
0
 43
0.01
 10
4053.00521616
 20
1572.77780078
 30
0.0
 10
4053.00521616
 20
1572.77780078
 30
0.0
  0
LWPOLYLINE
  5
430
  8
0
 62
0
370
-1
  6
BYLAYER
100
AcDbEntity
100
AcDbPolyline
 90
2
 70
0
 43
0.01
 10
4053.00521616
 20
1572.77780078
 30
0.0
 10
4053.00521616
 20
1572.77780078
 30
0.0
  0
LWPOLYLINE
  5
431
  8
0
 62
0
370
-1
  6
BYLAYER
100
AcDbEntity
100
AcDbPolyline
 90
2
 70
0
 43
0.01
 10
4867.81948958
 20
1572.77780078
 30
0.0
 10
4867.81948958
 20
1572.77780078
 30
0.0
  0
LWPOLYLINE
  5
432
  8
0
 62
0
370
-1
  6
BYLAYER
100
AcDbEntity
100
AcDbPolyline
 90
2
 70
0
 43
0.01
 10
4867.81948958
 20
1572.77780078
 30
0.0
 10
4939.23227725
 20
1572.77780078
 30
0.0
  0
LWPOLYLINE
  5
433
  8
0
 62
0
370
-1
  6
BYLAYER
100
AcDbEntity
100
AcDbPolyline
 90
2
 70
0
 43
0.01
 10
4939.23227725
 20
1572.77780078
 30
0.0
 10
5010.64506251
 20
1572.77780078
 30
0.0
  0
LWPOLYLINE
  5
434
  8
0
 62
0
370
-1
  6
BYLAYER
100
AcDbEntity
100
AcDbPolyline
 90
2
 70
0
 43
0.01
 10
5010.64506251
 20
1572.77780078
 30
0.0
 10
5082.05784606
 20
1572.77780078
 30
0.0
  0
LWPOLYLINE
  5
435
  8
0
 62
0
370
-1
  6
BYLAYER
100
AcDbEntity
100
AcDbPolyline
 90
2
 70
0
 43
0.01
 10
5082.05784606
 20
1572.77780078
 30
0.0
 10
5153.47062856
 20
1572.77780078
 30
0.0
  0
LWPOLYLINE
  5
436
  8
0
 62
0
370
-1
  6
BYLAYER
100
AcDbEntity
100
AcDbPolyline
 90
2
 70
0
 43
0.01
 10
5153.47062856
 20
1572.77780078
 30
0.0
 10
5224.8834107
 20
1572.77780078
 30
0.0
  0
LWPOLYLINE
  5
437
  8
0
 62
0
370
-1
  6
BYLAYER
100
AcDbEntity
100
AcDbPolyline
 90
2
 70
0
 43
0.01
 10
5224.8834107
 20
1572.77780078
 30
0.0
 10
5296.29619316
 20
1572.77780078
 30
0.0
  0
LWPOLYLINE
  5
438
  8
0
 62
0
370
-1
  6
BYLAYER
100
AcDbEntity
100
AcDbPolyline
 90
2
 70
0
 43
0.01
 10
5296.29619316
 20
1572.77780078
 30
0.0
 10
5367.70897662
 20
1572.77780078
 30
0.0
  0
LWPOLYLINE
  5
439
  8
0
 62
0
370
-1
  6
BYLAYER
100
AcDbEntity
100
AcDbPolyline
 90
2
 70
0
 43
0.01
 10
5367.70897662
 20
1572.77780078
 30
0.0
 10
5439.12176177
 20
1572.77780078
 30
0.0
  0
LWPOLYLINE
  5
43A
  8
0
 62
0
370
-1
  6
BYLAYER
100
AcDbEntity
100
AcDbPolyline
 90
2
 70
0
 43
0.01
 10
5439.12176177
 20
1572.77780078
 30
0.0
 10
5510.53454928
 20
1572.77780078
 30
0.0
  0
LWPOLYLINE
  5
43B
  8
0
 62
0
370
-1
  6
BYLAYER
100
AcDbEntity
100
AcDbPolyline
 90
2
 70
0
 43
0.01
 10
5510.53454928
 20
1572.77780078
 30
0.0
 10
5581.94733984
 20
1572.77780078
 30
0.0
  0
LWPOLYLINE
  5
43C
  8
0
 62
0
370
-1
  6
BYLAYER
100
AcDbEntity
100
AcDbPolyline
 90
2
 70
0
 43
0.01
 10
5581.94733984
 20
1572.77780078
 30
0.0
 10
5653.36013413
 20
1572.77780078
 30
0.0
  0
LWPOLYLINE
  5
43D
  8
0
 62
0
370
-1
  6
BYLAYER
100
AcDbEntity
100
AcDbPolyline
 90
2
 70
0
 43
0.01
 10
5653.36013413
 20
1572.77780078
 30
0.0
 10
5724.77293283
 20
1572.77780078
 30
0.0
  0
LWPOLYLINE
  5
43E
  8
0
 62
0
370
-1
  6
BYLAYER
100
AcDbEntity
100
AcDbPolyline
 90
2
 70
0
 43
0.01
 10
5724.77293283
 20
1572.77780078
 30
0.0
 10
5724.77293283
 20
1310.64815786
 30
0.0
  0
LWPOLYLINE
  5
43F
  8
0
 62
0
370
-1
  6
BYLAYER
100
AcDbEntity
100
AcDbPolyline
 90
2
 70
0
 43
0.01
 10
5724.77293283
 20
1310.64815786
 30
0.0
 10
5724.77293283
 20
1048.51851535
 30
0.0
  0
LWPOLYLINE
  5
440
  8
0
 62
0
370
-1
  6
BYLAYER
100
AcDbEntity
100
AcDbPolyline
 90
2
 70
0
 43
0.01
 10
5724.77293283
 20
1048.51851535
 30
0.0
 10
5724.77293283
 20
786.38887286
 30
0.0
  0
LWPOLYLINE
  5
441
  8
0
 62
0
370
-1
  6
BYLAYER
100
AcDbEntity
100
AcDbPolyline
 90
2
 70
0
 43
0.01
 10
5724.77293283
 20
786.38887286
 30
0.0
 10
5724.77293283
 20
524.25922998
 30
0.0
  0
LWPOLYLINE
  5
442
  8
0
 62
0
370
-1
  6
BYLAYER
100
AcDbEntity
100
AcDbPolyline
 90
2
 70
0
 43
0.01
 10
5724.77293283
 20
524.25922998
 30
0.0
 10
5724.77293283
 20
262.12958628
 30
0.0
  0
LWPOLYLINE
  5
443
  8
0
 62
0
370
-1
  6
BYLAYER
100
AcDbEntity
100
AcDbPolyline
 90
2
 70
0
 43
0.01
 10
5724.77293283
 20
262.12958628
 30
0.0
 10
5724.77293283
 20
-0.00005863
 30
0.0
  0
LWPOLYLINE
  5
444
  8
0
 62
0
370
-1
  6
BYLAYER
100
AcDbEntity
100
AcDbPolyline
 90
2
 70
0
 43
0.01
 10
5724.77293283
 20
-0.00005863
 30
0.0
 10
5724.77293283
 20
-262.12970516
 30
0.0
  0
LWPOLYLINE
  5
445
  8
0
 62
0
370
-1
  6
BYLAYER
100
AcDbEntity
100
AcDbPolyline
 90
2
 70
0
 43
0.01
 10
5724.77293283
 20
-262.12970516
 30
0.0
 10
5724.77293283
 20
-524.25935372
 30
0.0
  0
LWPOLYLINE
  5
446
  8
0
 62
0
370
-1
  6
BYLAYER
100
AcDbEntity
100
AcDbPolyline
 90
2
 70
0
 43
0.01
 10
5724.77293283
 20
-524.25935372
 30
0.0
 10
5724.77293283
 20
-786.38900473
 30
0.0
  0
LWPOLYLINE
  5
447
  8
0
 62
0
370
-1
  6
BYLAYER
100
AcDbEntity
100
AcDbPolyline
 90
2
 70
0
 43
0.01
 10
5724.77293283
 20
-786.38900473
 30
0.0
 10
5724.77293283
 20
-1048.51865858
 30
0.0
  0
LWPOLYLINE
  5
448
  8
0
 62
0
370
-1
  6
BYLAYER
100
AcDbEntity
100
AcDbPolyline
 90
2
 70
0
 43
0.01
 10
5724.77293283
 20
-1048.51865858
 30
0.0
 10
5724.77293283
 20
-1310.64831569
 30
0.0
  0
LWPOLYLINE
  5
449
  8
0
 62
0
370
-1
  6
BYLAYER
100
AcDbEntity
100
AcDbPolyline
 90
2
 70
0
 43
0.01
 10
5724.77293283
 20
-1310.64831569
 30
0.0
 10
5724.77293283
 20
-1572.77797647
 30
0.0
  0
LWPOLYLINE
  5
44A
  8
0
 62
0
370
-1
  6
BYLAYER
100
AcDbEntity
100
AcDbPolyline
 90
2
 70
0
 43
0.01
 10
5724.77293283
 20
-1572.77797647
 30
0.0
 10
5653.36013413
 20
-1572.77797647
 30
0.0
  0
LWPOLYLINE
  5
44B
  8
0
 62
0
370
-1
  6
BYLAYER
100
AcDbEntity
100
AcDbPolyline
 90
2
 70
0
 43
0.01
 10
5653.36013413
 20
-1572.77797647
 30
0.0
 10
5581.94733984
 20
-1572.77797647
 30
0.0
  0
LWPOLYLINE
  5
44C
  8
0
 62
0
370
-1
  6
BYLAYER
100
AcDbEntity
100
AcDbPolyline
 90
2
 70
0
 43
0.01
 10
5581.94733984
 20
-1572.77797647
 30
0.0
 10
5510.53454928
 20
-1572.77797647
 30
0.0
  0
LWPOLYLINE
  5
44D
  8
0
 62
0
370
-1
  6
BYLAYER
100
AcDbEntity
100
AcDbPolyline
 90
2
 70
0
 43
0.01
 10
5510.53454928
 20
-1572.77797647
 30
0.0
 10
5439.12176177
 20
-1572.77797647
 30
0.0
  0
LWPOLYLINE
  5
44E
  8
0
 62
0
370
-1
  6
BYLAYER
100
AcDbEntity
100
AcDbPolyline
 90
2
 70
0
 43
0.01
 10
5439.12176177
 20
-1572.77797647
 30
0.0
 10
5367.70897662
 20
-1572.77797647
 30
0.0
  0
LWPOLYLINE
  5
44F
  8
0
 62
0
370
-1
  6
BYLAYER
100
AcDbEntity
100
AcDbPolyline
 90
2
 70
0
 43
0.01
 10
5367.70897662
 20
-1572.77797647
 30
0.0
 10
5296.29619316
 20
-1572.77797647
 30
0.0
  0
LWPOLYLINE
  5
450
  8
0
 62
0
370
-1
  6
BYLAYER
100
AcDbEntity
100
AcDbPolyline
 90
2
 70
0
 43
0.01
 10
5296.29619316
 20
-1572.77797647
 30
0.0
 10
5224.8834107
 20
-1572.77797647
 30
0.0
  0
LWPOLYLINE
  5
451
  8
0
 62
0
370
-1
  6
BYLAYER
100
AcDbEntity
100
AcDbPolyline
 90
2
 70
0
 43
0.01
 10
5224.8834107
 20
-1572.77797647
 30
0.0
 10
5153.47062856
 20
-1572.77797647
 30
0.0
  0
LWPOLYLINE
  5
452
  8
0
 62
0
370
-1
  6
BYLAYER
100
AcDbEntity
100
AcDbPolyline
 90
2
 70
0
 43
0.01
 10
5153.47062856
 20
-1572.77797647
 30
0.0
 10
5082.05784606
 20
-1572.77797647
 30
0.0
  0
LWPOLYLINE
  5
453
  8
0
 62
0
370
-1
  6
BYLAYER
100
AcDbEntity
100
AcDbPolyline
 90
2
 70
0
 43
0.01
 10
5082.05784606
 20
-1572.77797647
 30
0.0
 10
5010.64506251
 20
-1572.77797647
 30
0.0
  0
LWPOLYLINE
  5
454
  8
0
 62
0
370
-1
  6
BYLAYER
100
AcDbEntity
100
AcDbPolyline
 90
2
 70
0
 43
0.01
 10
5010.64506251
 20
-1572.77797647
 30
0.0
 10
4939.23227725
 20
-1572.77797647
 30
0.0
  0
LWPOLYLINE
  5
455
  8
0
 62
0
370
-1
  6
BYLAYER
100
AcDbEntity
100
AcDbPolyline
 90
2
 70
0
 43
0.01
 10
4939.23227725
 20
-1572.77797647
 30
0.0
 10
4867.81948958
 20
-1572.77797647
 30
0.0
  0
LWPOLYLINE
  5
456
  8
0
 62
0
370
-1
  6
BYLAYER
100
AcDbEntity
100
AcDbPolyline
 90
2
 70
0
 43
0.01
 10
4867.81948958
 20
-1572.77797647
 30
0.0
 10
4867.81948958
 20
-1310.64831569
 30
0.0
  0
LWPOLYLINE
  5
457
  8
0
 62
0
370
-1
  6
BYLAYER
100
AcDbEntity
100
AcDbPolyline
 90
2
 70
0
 43
0.01
 10
4867.81948958
 20
-1310.64831569
 30
0.0
 10
4867.81948958
 20
-1048.51865858
 30
0.0
  0
LWPOLYLINE
  5
458
  8
0
 62
0
370
-1
  6
BYLAYER
100
AcDbEntity
100
AcDbPolyline
 90
2
 70
0
 43
0.01
 10
4867.81948958
 20
-1048.51865858
 30
0.0
 10
4867.81948958
 20
-786.38900473
 30
0.0
  0
LWPOLYLINE
  5
459
  8
0
 62
0
370
-1
  6
BYLAYER
100
AcDbEntity
100
AcDbPolyline
 90
2
 70
0
 43
0.01
 10
4867.81948958
 20
-786.38900473
 30
0.0
 10
4867.81948958
 20
-524.25935372
 30
0.0
  0
LWPOLYLINE
  5
45A
  8
0
 62
0
370
-1
  6
BYLAYER
100
AcDbEntity
100
AcDbPolyline
 90
2
 70
0
 43
0.01
 10
4867.81948958
 20
-524.25935372
 30
0.0
 10
4867.81948958
 20
-262.12970516
 30
0.0
  0
LWPOLYLINE
  5
45B
  8
0
 62
0
370
-1
  6
BYLAYER
100
AcDbEntity
100
AcDbPolyline
 90
2
 70
0
 43
0.01
 10
4867.81948958
 20
-262.12970516
 30
0.0
 10
4867.81948958
 20
-0.00005863
 30
0.0
  0
LWPOLYLINE
  5
45C
  8
0
 62
0
370
-1
  6
BYLAYER
100
AcDbEntity
100
AcDbPolyline
 90
2
 70
0
 43
0.01
 10
4867.81948958
 20
-0.00005863
 30
0.0
 10
4867.81948958
 20
262.12958628
 30
0.0
  0
LWPOLYLINE
  5
45D
  8
0
 62
0
370
-1
  6
BYLAYER
100
AcDbEntity
100
AcDbPolyline
 90
2
 70
0
 43
0.01
 10
4867.81948958
 20
262.12958628
 30
0.0
 10
4867.81948958
 20
524.25922998
 30
0.0
  0
LWPOLYLINE
  5
45E
  8
0
 62
0
370
-1
  6
BYLAYER
100
AcDbEntity
100
AcDbPolyline
 90
2
 70
0
 43
0.01
 10
4867.81948958
 20
524.25922998
 30
0.0
 10
4867.81948958
 20
786.38887286
 30
0.0
  0
LWPOLYLINE
  5
45F
  8
0
 62
0
370
-1
  6
BYLAYER
100
AcDbEntity
100
AcDbPolyline
 90
2
 70
0
 43
0.01
 10
4867.81948958
 20
786.38887286
 30
0.0
 10
4867.81948958
 20
1048.51851535
 30
0.0
  0
LWPOLYLINE
  5
460
  8
0
 62
0
370
-1
  6
BYLAYER
100
AcDbEntity
100
AcDbPolyline
 90
2
 70
0
 43
0.01
 10
4867.81948958
 20
1048.51851535
 30
0.0
 10
4867.81948958
 20
1310.64815786
 30
0.0
  0
LWPOLYLINE
  5
461
  8
0
 62
0
370
-1
  6
BYLAYER
100
AcDbEntity
100
AcDbPolyline
 90
2
 70
0
 43
0.01
 10
4867.81948958
 20
1310.64815786
 30
0.0
 10
4867.81948958
 20
1572.77780078
 30
0.0
  0
LWPOLYLINE
  5
462
  8
0
 62
0
370
-1
  6
BYLAYER
100
AcDbEntity
100
AcDbPolyline
 90
2
 70
0
 43
0.01
 10
4867.81948958
 20
1572.77780078
 30
0.0
 10
4867.81948958
 20
1572.77780078
 30
0.0
  0
LWPOLYLINE
  5
463
  8
0
 62
0
370
-1
  6
BYLAYER
100
AcDbEntity
100
AcDbPolyline
 90
2
 70
0
 43
0.01
 10
4867.81948958
 20
1572.77780078
 30
0.0
 10
4867.81948958
 20
1572.77780078
 30
0.0
  0
LWPOLYLINE
  5
464
  8
0
 62
0
370
-1
  6
BYLAYER
100
AcDbEntity
100
AcDbPolyline
 90
2
 70
0
 43
0.01
 10
4867.81948958
 20
1572.77780078
 30
0.0
 10
4867.81948958
 20
1572.77780078
 30
0.0
  0
LWPOLYLINE
  5
465
  8
0
 62
0
370
-1
  6
BYLAYER
100
AcDbEntity
100
AcDbPolyline
 90
2
 70
0
 43
0.01
 10
4867.81948958
 20
1572.77780078
 30
0.0
 10
4867.81948958
 20
1572.77780078
 30
0.0
  0
LWPOLYLINE
  5
466
  8
0
 62
0
370
-1
  6
BYLAYER
100
AcDbEntity
100
AcDbPolyline
 90
2
 70
0
 43
0.01
 10
4867.81948958
 20
1572.77780078
 30
0.0
 10
4867.81948958
 20
1572.77780078
 30
0.0
  0
LWPOLYLINE
  5
467
  8
0
 62
0
370
-1
  6
BYLAYER
100
AcDbEntity
100
AcDbPolyline
 90
2
 70
0
 43
0.01
 10
4867.81948958
 20
1572.77780078
 30
0.0
 10
4867.81948958
 20
1572.77780078
 30
0.0
  0
LWPOLYLINE
  5
468
  8
0
 62
0
370
-1
  6
BYLAYER
100
AcDbEntity
100
AcDbPolyline
 90
2
 70
0
 43
0.01
 10
4867.81948958
 20
1572.77780078
 30
0.0
 10
4867.81948958
 20
1572.77780078
 30
0.0
  0
LWPOLYLINE
  5
469
  8
0
 62
0
370
-1
  6
BYLAYER
100
AcDbEntity
100
AcDbPolyline
 90
2
 70
0
 43
0.01
 10
4867.81948958
 20
1572.77780078
 30
0.0
 10
4867.81948958
 20
1572.77780078
 30
0.0
  0
LWPOLYLINE
  5
46A
  8
0
 62
0
370
-1
  6
BYLAYER
100
AcDbEntity
100
AcDbPolyline
 90
2
 70
0
 43
0.01
 10
4867.81948958
 20
1572.77780078
 30
0.0
 10
4867.81948958
 20
1572.77780078
 30
0.0
  0
LWPOLYLINE
  5
46B
  8
0
 62
0
370
-1
  6
BYLAYER
100
AcDbEntity
100
AcDbPolyline
 90
2
 70
0
 43
0.01
 10
4867.81948958
 20
1572.77780078
 30
0.0
 10
4867.81948958
 20
1572.77780078
 30
0.0
  0
LWPOLYLINE
  5
46C
  8
0
 62
0
370
-1
  6
BYLAYER
100
AcDbEntity
100
AcDbPolyline
 90
2
 70
0
 43
0.01
 10
4867.81948958
 20
1572.77780078
 30
0.0
 10
4867.81948958
 20
1572.77780078
 30
0.0
  0
LWPOLYLINE
  5
46D
  8
0
 62
0
370
-1
  6
BYLAYER
100
AcDbEntity
100
AcDbPolyline
 90
2
 70
0
 43
0.01
 10
4867.81948958
 20
1572.77780078
 30
0.0
 10
4867.81948958
 20
1572.77780078
 30
0.0
  0
LWPOLYLINE
  5
46E
  8
0
 62
0
370
-1
  6
BYLAYER
100
AcDbEntity
100
AcDbPolyline
 90
2
 70
0
 43
0.01
 10
4867.81948958
 20
1572.77780078
 30
0.0
 10
4867.81948958
 20
1572.77780078
 30
0.0
  0
LWPOLYLINE
  5
46F
  8
0
 62
0
370
-1
  6
BYLAYER
100
AcDbEntity
100
AcDbPolyline
 90
2
 70
0
 43
0.01
 10
4867.81948958
 20
1572.77780078
 30
0.0
 10
4867.81948958
 20
1572.77780078
 30
0.0
  0
LWPOLYLINE
  5
470
  8
0
 62
0
370
-1
  6
BYLAYER
100
AcDbEntity
100
AcDbPolyline
 90
2
 70
0
 43
0.01
 10
5682.6345452
 20
1572.77780078
 30
0.0
 10
5682.6345452
 20
1572.77780078
 30
0.0
  0
LWPOLYLINE
  5
471
  8
0
 62
0
370
-1
  6
BYLAYER
100
AcDbEntity
100
AcDbPolyline
 90
2
 70
0
 43
0.01
 10
5682.6345452
 20
1572.77780078
 30
0.0
 10
5754.04733287
 20
1572.77780078
 30
0.0
  0
LWPOLYLINE
  5
472
  8
0
 62
0
370
-1
  6
BYLAYER
100
AcDbEntity
100
AcDbPolyline
 90
2
 70
0
 43
0.01
 10
5754.04733287
 20
1572.77780078
 30
0.0
 10
5825.46011814
 20
1572.77780078
 30
0.0
  0
LWPOLYLINE
  5
473
  8
0
 62
0
370
-1
  6
BYLAYER
100
AcDbEntity
100
AcDbPolyline
 90
2
 70
0
 43
0.01
 10
5825.46011814
 20
1572.77780078
 30
0.0
 10
5896.87290168
 20
1572.77780078
 30
0.0
  0
LWPOLYLINE
  5
474
  8
0
 62
0
370
-1
  6
BYLAYER
100
AcDbEntity
100
AcDbPolyline
 90
2
 70
0
 43
0.01
 10
5896.87290168
 20
1572.77780078
 30
0.0
 10
5968.28568418
 20
1572.77780078
 30
0.0
  0
LWPOLYLINE
  5
475
  8
0
 62
0
370
-1
  6
BYLAYER
100
AcDbEntity
100
AcDbPolyline
 90
2
 70
0
 43
0.01
 10
5968.28568418
 20
1572.77780078
 30
0.0
 10
6039.69846632
 20
1572.77780078
 30
0.0
  0
LWPOLYLINE
  5
476
  8
0
 62
0
370
-1
  6
BYLAYER
100
AcDbEntity
100
AcDbPolyline
 90
2
 70
0
 43
0.01
 10
6039.69846632
 20
1572.77780078
 30
0.0
 10
6111.11124878
 20
1572.77780078
 30
0.0
  0
LWPOLYLINE
  5
477
  8
0
 62
0
370
-1
  6
BYLAYER
100
AcDbEntity
100
AcDbPolyline
 90
2
 70
0
 43
0.01
 10
6111.11124878
 20
1572.77780078
 30
0.0
 10
6182.52403225
 20
1572.77780078
 30
0.0
  0
LWPOLYLINE
  5
478
  8
0
 62
0
370
-1
  6
BYLAYER
100
AcDbEntity
100
AcDbPolyline
 90
2
 70
0
 43
0.01
 10
6182.52403225
 20
1572.77780078
 30
0.0
 10
6253.93681739
 20
1572.77780078
 30
0.0
  0
LWPOLYLINE
  5
479
  8
0
 62
0
370
-1
  6
BYLAYER
100
AcDbEntity
100
AcDbPolyline
 90
2
 70
0
 43
0.01
 10
6253.93681739
 20
1572.77780078
 30
0.0
 10
6325.34960491
 20
1572.77780078
 30
0.0
  0
LWPOLYLINE
  5
47A
  8
0
 62
0
370
-1
  6
BYLAYER
100
AcDbEntity
100
AcDbPolyline
 90
2
 70
0
 43
0.01
 10
6325.34960491
 20
1572.77780078
 30
0.0
 10
6396.76239547
 20
1572.77780078
 30
0.0
  0
LWPOLYLINE
  5
47B
  8
0
 62
0
370
-1
  6
BYLAYER
100
AcDbEntity
100
AcDbPolyline
 90
2
 70
0
 43
0.01
 10
6396.76239547
 20
1572.77780078
 30
0.0
 10
6468.17518976
 20
1572.77780078
 30
0.0
  0
LWPOLYLINE
  5
47C
  8
0
 62
0
370
-1
  6
BYLAYER
100
AcDbEntity
100
AcDbPolyline
 90
2
 70
0
 43
0.01
 10
6468.17518976
 20
1572.77780078
 30
0.0
 10
6539.58798846
 20
1572.77780078
 30
0.0
  0
LWPOLYLINE
  5
47D
  8
0
 62
0
370
-1
  6
BYLAYER
100
AcDbEntity
100
AcDbPolyline
 90
2
 70
0
 43
0.01
 10
6539.58798846
 20
1572.77780078
 30
0.0
 10
6539.58798846
 20
1310.64815786
 30
0.0
  0
LWPOLYLINE
  5
47E
  8
0
 62
0
370
-1
  6
BYLAYER
100
AcDbEntity
100
AcDbPolyline
 90
2
 70
0
 43
0.01
 10
6539.58798846
 20
1310.64815786
 30
0.0
 10
6539.58798846
 20
1048.51851535
 30
0.0
  0
LWPOLYLINE
  5
47F
  8
0
 62
0
370
-1
  6
BYLAYER
100
AcDbEntity
100
AcDbPolyline
 90
2
 70
0
 43
0.01
 10
6539.58798846
 20
1048.51851535
 30
0.0
 10
6539.58798846
 20
786.38887286
 30
0.0
  0
LWPOLYLINE
  5
480
  8
0
 62
0
370
-1
  6
BYLAYER
100
AcDbEntity
100
AcDbPolyline
 90
2
 70
0
 43
0.01
 10
6539.58798846
 20
786.38887286
 30
0.0
 10
6539.58798846
 20
524.25922998
 30
0.0
  0
LWPOLYLINE
  5
481
  8
0
 62
0
370
-1
  6
BYLAYER
100
AcDbEntity
100
AcDbPolyline
 90
2
 70
0
 43
0.01
 10
6539.58798846
 20
524.25922998
 30
0.0
 10
6539.58798846
 20
262.12958628
 30
0.0
  0
LWPOLYLINE
  5
482
  8
0
 62
0
370
-1
  6
BYLAYER
100
AcDbEntity
100
AcDbPolyline
 90
2
 70
0
 43
0.01
 10
6539.58798846
 20
262.12958628
 30
0.0
 10
6539.58798846
 20
-0.00005863
 30
0.0
  0
LWPOLYLINE
  5
483
  8
0
 62
0
370
-1
  6
BYLAYER
100
AcDbEntity
100
AcDbPolyline
 90
2
 70
0
 43
0.01
 10
6539.58798846
 20
-0.00005863
 30
0.0
 10
6539.58798846
 20
-262.12970516
 30
0.0
  0
LWPOLYLINE
  5
484
  8
0
 62
0
370
-1
  6
BYLAYER
100
AcDbEntity
100
AcDbPolyline
 90
2
 70
0
 43
0.01
 10
6539.58798846
 20
-262.12970516
 30
0.0
 10
6539.58798846
 20
-524.25935372
 30
0.0
  0
LWPOLYLINE
  5
485
  8
0
 62
0
370
-1
  6
BYLAYER
100
AcDbEntity
100
AcDbPolyline
 90
2
 70
0
 43
0.01
 10
6539.58798846
 20
-524.25935372
 30
0.0
 10
6539.58798846
 20
-786.38900473
 30
0.0
  0
LWPOLYLINE
  5
486
  8
0
 62
0
370
-1
  6
BYLAYER
100
AcDbEntity
100
AcDbPolyline
 90
2
 70
0
 43
0.01
 10
6539.58798846
 20
-786.38900473
 30
0.0
 10
6539.58798846
 20
-1048.51865858
 30
0.0
  0
LWPOLYLINE
  5
487
  8
0
 62
0
370
-1
  6
BYLAYER
100
AcDbEntity
100
AcDbPolyline
 90
2
 70
0
 43
0.01
 10
6539.58798846
 20
-1048.51865858
 30
0.0
 10
6539.58798846
 20
-1310.64831569
 30
0.0
  0
LWPOLYLINE
  5
488
  8
0
 62
0
370
-1
  6
BYLAYER
100
AcDbEntity
100
AcDbPolyline
 90
2
 70
0
 43
0.01
 10
6539.58798846
 20
-1310.64831569
 30
0.0
 10
6539.58798846
 20
-1572.77797647
 30
0.0
  0
LWPOLYLINE
  5
489
  8
0
 62
0
370
-1
  6
BYLAYER
100
AcDbEntity
100
AcDbPolyline
 90
2
 70
0
 43
0.01
 10
6539.58798846
 20
-1572.77797647
 30
0.0
 10
6468.17518976
 20
-1572.77797647
 30
0.0
  0
LWPOLYLINE
  5
48A
  8
0
 62
0
370
-1
  6
BYLAYER
100
AcDbEntity
100
AcDbPolyline
 90
2
 70
0
 43
0.01
 10
6468.17518976
 20
-1572.77797647
 30
0.0
 10
6396.76239547
 20
-1572.77797647
 30
0.0
  0
LWPOLYLINE
  5
48B
  8
0
 62
0
370
-1
  6
BYLAYER
100
AcDbEntity
100
AcDbPolyline
 90
2
 70
0
 43
0.01
 10
6396.76239547
 20
-1572.77797647
 30
0.0
 10
6325.34960491
 20
-1572.77797647
 30
0.0
  0
LWPOLYLINE
  5
48C
  8
0
 62
0
370
-1
  6
BYLAYER
100
AcDbEntity
100
AcDbPolyline
 90
2
 70
0
 43
0.01
 10
6325.34960491
 20
-1572.77797647
 30
0.0
 10
6253.93681739
 20
-1572.77797647
 30
0.0
  0
LWPOLYLINE
  5
48D
  8
0
 62
0
370
-1
  6
BYLAYER
100
AcDbEntity
100
AcDbPolyline
 90
2
 70
0
 43
0.01
 10
6253.93681739
 20
-1572.77797647
 30
0.0
 10
6182.52403225
 20
-1572.77797647
 30
0.0
  0
LWPOLYLINE
  5
48E
  8
0
 62
0
370
-1
  6
BYLAYER
100
AcDbEntity
100
AcDbPolyline
 90
2
 70
0
 43
0.01
 10
6182.52403225
 20
-1572.77797647
 30
0.0
 10
6111.11124878
 20
-1572.77797647
 30
0.0
  0
LWPOLYLINE
  5
48F
  8
0
 62
0
370
-1
  6
BYLAYER
100
AcDbEntity
100
AcDbPolyline
 90
2
 70
0
 43
0.01
 10
6111.11124878
 20
-1572.77797647
 30
0.0
 10
6039.69846632
 20
-1572.77797647
 30
0.0
  0
LWPOLYLINE
  5
490
  8
0
 62
0
370
-1
  6
BYLAYER
100
AcDbEntity
100
AcDbPolyline
 90
2
 70
0
 43
0.01
 10
6039.69846632
 20
-1572.77797647
 30
0.0
 10
5968.28568418
 20
-1572.77797647
 30
0.0
  0
LWPOLYLINE
  5
491
  8
0
 62
0
370
-1
  6
BYLAYER
100
AcDbEntity
100
AcDbPolyline
 90
2
 70
0
 43
0.01
 10
5968.28568418
 20
-1572.77797647
 30
0.0
 10
5896.87290168
 20
-1572.77797647
 30
0.0
  0
LWPOLYLINE
  5
492
  8
0
 62
0
370
-1
  6
BYLAYER
100
AcDbEntity
100
AcDbPolyline
 90
2
 70
0
 43
0.01
 10
5896.87290168
 20
-1572.77797647
 30
0.0
 10
5825.46011814
 20
-1572.77797647
 30
0.0
  0
LWPOLYLINE
  5
493
  8
0
 62
0
370
-1
  6
BYLAYER
100
AcDbEntity
100
AcDbPolyline
 90
2
 70
0
 43
0.01
 10
5825.46011814
 20
-1572.77797647
 30
0.0
 10
5754.04733287
 20
-1572.77797647
 30
0.0
  0
LWPOLYLINE
  5
494
  8
0
 62
0
370
-1
  6
BYLAYER
100
AcDbEntity
100
AcDbPolyline
 90
2
 70
0
 43
0.01
 10
5754.04733287
 20
-1572.77797647
 30
0.0
 10
5682.6345452
 20
-1572.77797647
 30
0.0
  0
LWPOLYLINE
  5
495
  8
0
 62
0
370
-1
  6
BYLAYER
100
AcDbEntity
100
AcDbPolyline
 90
2
 70
0
 43
0.01
 10
5682.6345452
 20
-1572.77797647
 30
0.0
 10
5682.6345452
 20
-1310.64831569
 30
0.0
  0
LWPOLYLINE
  5
496
  8
0
 62
0
370
-1
  6
BYLAYER
100
AcDbEntity
100
AcDbPolyline
 90
2
 70
0
 43
0.01
 10
5682.6345452
 20
-1310.64831569
 30
0.0
 10
5682.6345452
 20
-1048.51865858
 30
0.0
  0
LWPOLYLINE
  5
497
  8
0
 62
0
370
-1
  6
BYLAYER
100
AcDbEntity
100
AcDbPolyline
 90
2
 70
0
 43
0.01
 10
5682.6345452
 20
-1048.51865858
 30
0.0
 10
5682.6345452
 20
-786.38900473
 30
0.0
  0
LWPOLYLINE
  5
498
  8
0
 62
0
370
-1
  6
BYLAYER
100
AcDbEntity
100
AcDbPolyline
 90
2
 70
0
 43
0.01
 10
5682.6345452
 20
-786.38900473
 30
0.0
 10
5682.6345452
 20
-524.25935372
 30
0.0
  0
LWPOLYLINE
  5
499
  8
0
 62
0
370
-1
  6
BYLAYER
100
AcDbEntity
100
AcDbPolyline
 90
2
 70
0
 43
0.01
 10
5682.6345452
 20
-524.25935372
 30
0.0
 10
5682.6345452
 20
-262.12970516
 30
0.0
  0
LWPOLYLINE
  5
49A
  8
0
 62
0
370
-1
  6
BYLAYER
100
AcDbEntity
100
AcDbPolyline
 90
2
 70
0
 43
0.01
 10
5682.6345452
 20
-262.12970516
 30
0.0
 10
5682.6345452
 20
-0.00005863
 30
0.0
  0
LWPOLYLINE
  5
49B
  8
0
 62
0
370
-1
  6
BYLAYER
100
AcDbEntity
100
AcDbPolyline
 90
2
 70
0
 43
0.01
 10
5682.6345452
 20
-0.00005863
 30
0.0
 10
5682.6345452
 20
262.12958628
 30
0.0
  0
LWPOLYLINE
  5
49C
  8
0
 62
0
370
-1
  6
BYLAYER
100
AcDbEntity
100
AcDbPolyline
 90
2
 70
0
 43
0.01
 10
5682.6345452
 20
262.12958628
 30
0.0
 10
5682.6345452
 20
524.25922998
 30
0.0
  0
LWPOLYLINE
  5
49D
  8
0
 62
0
370
-1
  6
BYLAYER
100
AcDbEntity
100
AcDbPolyline
 90
2
 70
0
 43
0.01
 10
5682.6345452
 20
524.25922998
 30
0.0
 10
5682.6345452
 20
786.38887286
 30
0.0
  0
LWPOLYLINE
  5
49E
  8
0
 62
0
370
-1
  6
BYLAYER
100
AcDbEntity
100
AcDbPolyline
 90
2
 70
0
 43
0.01
 10
5682.6345452
 20
786.38887286
 30
0.0
 10
5682.6345452
 20
1048.51851535
 30
0.0
  0
LWPOLYLINE
  5
49F
  8
0
 62
0
370
-1
  6
BYLAYER
100
AcDbEntity
100
AcDbPolyline
 90
2
 70
0
 43
0.01
 10
5682.6345452
 20
1048.51851535
 30
0.0
 10
5682.6345452
 20
1310.64815786
 30
0.0
  0
LWPOLYLINE
  5
4A0
  8
0
 62
0
370
-1
  6
BYLAYER
100
AcDbEntity
100
AcDbPolyline
 90
2
 70
0
 43
0.01
 10
5682.6345452
 20
1310.64815786
 30
0.0
 10
5682.6345452
 20
1572.77780078
 30
0.0
  0
LWPOLYLINE
  5
4A1
  8
0
 62
0
370
-1
  6
BYLAYER
100
AcDbEntity
100
AcDbPolyline
 90
2
 70
0
 43
0.01
 10
5682.6345452
 20
1572.77780078
 30
0.0
 10
5682.6345452
 20
1572.77780078
 30
0.0
  0
LWPOLYLINE
  5
4A2
  8
0
 62
0
370
-1
  6
BYLAYER
100
AcDbEntity
100
AcDbPolyline
 90
2
 70
0
 43
0.01
 10
5682.6345452
 20
1572.77780078
 30
0.0
 10
5682.6345452
 20
1572.77780078
 30
0.0
  0
LWPOLYLINE
  5
4A3
  8
0
 62
0
370
-1
  6
BYLAYER
100
AcDbEntity
100
AcDbPolyline
 90
2
 70
0
 43
0.01
 10
5682.6345452
 20
1572.77780078
 30
0.0
 10
5682.6345452
 20
1572.77780078
 30
0.0
  0
LWPOLYLINE
  5
4A4
  8
0
 62
0
370
-1
  6
BYLAYER
100
AcDbEntity
100
AcDbPolyline
 90
2
 70
0
 43
0.01
 10
5682.6345452
 20
1572.77780078
 30
0.0
 10
5682.6345452
 20
1572.77780078
 30
0.0
  0
LWPOLYLINE
  5
4A5
  8
0
 62
0
370
-1
  6
BYLAYER
100
AcDbEntity
100
AcDbPolyline
 90
2
 70
0
 43
0.01
 10
5682.6345452
 20
1572.77780078
 30
0.0
 10
5682.6345452
 20
1572.77780078
 30
0.0
  0
LWPOLYLINE
  5
4A6
  8
0
 62
0
370
-1
  6
BYLAYER
100
AcDbEntity
100
AcDbPolyline
 90
2
 70
0
 43
0.01
 10
5682.6345452
 20
1572.77780078
 30
0.0
 10
5682.6345452
 20
1572.77780078
 30
0.0
  0
LWPOLYLINE
  5
4A7
  8
0
 62
0
370
-1
  6
BYLAYER
100
AcDbEntity
100
AcDbPolyline
 90
2
 70
0
 43
0.01
 10
5682.6345452
 20
1572.77780078
 30
0.0
 10
5682.6345452
 20
1572.77780078
 30
0.0
  0
LWPOLYLINE
  5
4A8
  8
0
 62
0
370
-1
  6
BYLAYER
100
AcDbEntity
100
AcDbPolyline
 90
2
 70
0
 43
0.01
 10
5682.6345452
 20
1572.77780078
 30
0.0
 10
5682.6345452
 20
1572.77780078
 30
0.0
  0
LWPOLYLINE
  5
4A9
  8
0
 62
0
370
-1
  6
BYLAYER
100
AcDbEntity
100
AcDbPolyline
 90
2
 70
0
 43
0.01
 10
5682.6345452
 20
1572.77780078
 30
0.0
 10
5682.6345452
 20
1572.77780078
 30
0.0
  0
LWPOLYLINE
  5
4AA
  8
0
 62
0
370
-1
  6
BYLAYER
100
AcDbEntity
100
AcDbPolyline
 90
2
 70
0
 43
0.01
 10
5682.6345452
 20
1572.77780078
 30
0.0
 10
5682.6345452
 20
1572.77780078
 30
0.0
  0
LWPOLYLINE
  5
4AB
  8
0
 62
0
370
-1
  6
BYLAYER
100
AcDbEntity
100
AcDbPolyline
 90
2
 70
0
 43
0.01
 10
5682.6345452
 20
1572.77780078
 30
0.0
 10
5682.6345452
 20
1572.77780078
 30
0.0
  0
LWPOLYLINE
  5
4AC
  8
0
 62
0
370
-1
  6
BYLAYER
100
AcDbEntity
100
AcDbPolyline
 90
2
 70
0
 43
0.01
 10
5682.6345452
 20
1572.77780078
 30
0.0
 10
5682.6345452
 20
1572.77780078
 30
0.0
  0
LWPOLYLINE
  5
4AD
  8
0
 62
0
370
-1
  6
BYLAYER
100
AcDbEntity
100
AcDbPolyline
 90
2
 70
0
 43
0.01
 10
5682.6345452
 20
1572.77780078
 30
0.0
 10
5682.6345452
 20
1572.77780078
 30
0.0
  0
LWPOLYLINE
  5
4AE
  8
0
 62
0
370
-1
  6
BYLAYER
100
AcDbEntity
100
AcDbPolyline
 90
2
 70
0
 43
0.01
 10
5682.6345452
 20
1572.77780078
 30
0.0
 10
5682.6345452
 20
1572.77780078
 30
0.0
  0
LWPOLYLINE
  5
4AF
  8
0
 62
0
370
-1
  6
BYLAYER
100
AcDbEntity
100
AcDbPolyline
 90
2
 70
0
 43
0.01
 10
6497.44881861
 20
1572.77780078
 30
0.0
 10
6497.44881861
 20
1572.77780078
 30
0.0
  0
LWPOLYLINE
  5
4B0
  8
0
 62
0
370
-1
  6
BYLAYER
100
AcDbEntity
100
AcDbPolyline
 90
2
 70
0
 43
0.01
 10
6497.44881861
 20
1572.77780078
 30
0.0
 10
6568.86160629
 20
1572.77780078
 30
0.0
  0
LWPOLYLINE
  5
4B1
  8
0
 62
0
370
-1
  6
BYLAYER
100
AcDbEntity
100
AcDbPolyline
 90
2
 70
0
 43
0.01
 10
6568.86160629
 20
1572.77780078
 30
0.0
 10
6640.27439155
 20
1572.77780078
 30
0.0
  0
LWPOLYLINE
  5
4B2
  8
0
 62
0
370
-1
  6
BYLAYER
100
AcDbEntity
100
AcDbPolyline
 90
2
 70
0
 43
0.01
 10
6640.27439155
 20
1572.77780078
 30
0.0
 10
6711.6871751
 20
1572.77780078
 30
0.0
  0
LWPOLYLINE
  5
4B3
  8
0
 62
0
370
-1
  6
BYLAYER
100
AcDbEntity
100
AcDbPolyline
 90
2
 70
0
 43
0.01
 10
6711.6871751
 20
1572.77780078
 30
0.0
 10
6783.0999576
 20
1572.77780078
 30
0.0
  0
LWPOLYLINE
  5
4B4
  8
0
 62
0
370
-1
  6
BYLAYER
100
AcDbEntity
100
AcDbPolyline
 90
2
 70
0
 43
0.01
 10
6783.0999576
 20
1572.77780078
 30
0.0
 10
6854.51273974
 20
1572.77780078
 30
0.0
  0
LWPOLYLINE
  5
4B5
  8
0
 62
0
370
-1
  6
BYLAYER
100
AcDbEntity
100
AcDbPolyline
 90
2
 70
0
 43
0.01
 10
6854.51273974
 20
1572.77780078
 30
0.0
 10
6925.9255222
 20
1572.77780078
 30
0.0
  0
LWPOLYLINE
  5
4B6
  8
0
 62
0
370
-1
  6
BYLAYER
100
AcDbEntity
100
AcDbPolyline
 90
2
 70
0
 43
0.01
 10
6925.9255222
 20
1572.77780078
 30
0.0
 10
6997.33830566
 20
1572.77780078
 30
0.0
  0
LWPOLYLINE
  5
4B7
  8
0
 62
0
370
-1
  6
BYLAYER
100
AcDbEntity
100
AcDbPolyline
 90
2
 70
0
 43
0.01
 10
6997.33830566
 20
1572.77780078
 30
0.0
 10
7068.75109081
 20
1572.77780078
 30
0.0
  0
LWPOLYLINE
  5
4B8
  8
0
 62
0
370
-1
  6
BYLAYER
100
AcDbEntity
100
AcDbPolyline
 90
2
 70
0
 43
0.01
 10
7068.75109081
 20
1572.77780078
 30
0.0
 10
7140.16387832
 20
1572.77780078
 30
0.0
  0
LWPOLYLINE
  5
4B9
  8
0
 62
0
370
-1
  6
BYLAYER
100
AcDbEntity
100
AcDbPolyline
 90
2
 70
0
 43
0.01
 10
7140.16387832
 20
1572.77780078
 30
0.0
 10
7211.57666888
 20
1572.77780078
 30
0.0
  0
LWPOLYLINE
  5
4BA
  8
0
 62
0
370
-1
  6
BYLAYER
100
AcDbEntity
100
AcDbPolyline
 90
2
 70
0
 43
0.01
 10
7211.57666888
 20
1572.77780078
 30
0.0
 10
7282.98946317
 20
1572.77780078
 30
0.0
  0
LWPOLYLINE
  5
4BB
  8
0
 62
0
370
-1
  6
BYLAYER
100
AcDbEntity
100
AcDbPolyline
 90
2
 70
0
 43
0.01
 10
7282.98946317
 20
1572.77780078
 30
0.0
 10
7354.40226187
 20
1572.77780078
 30
0.0
  0
LWPOLYLINE
  5
4BC
  8
0
 62
0
370
-1
  6
BYLAYER
100
AcDbEntity
100
AcDbPolyline
 90
2
 70
0
 43
0.01
 10
7354.40226187
 20
1572.77780078
 30
0.0
 10
7354.40226187
 20
1310.64815786
 30
0.0
  0
LWPOLYLINE
  5
4BD
  8
0
 62
0
370
-1
  6
BYLAYER
100
AcDbEntity
100
AcDbPolyline
 90
2
 70
0
 43
0.01
 10
7354.40226187
 20
1310.64815786
 30
0.0
 10
7354.40226187
 20
1048.51851535
 30
0.0
  0
LWPOLYLINE
  5
4BE
  8
0
 62
0
370
-1
  6
BYLAYER
100
AcDbEntity
100
AcDbPolyline
 90
2
 70
0
 43
0.01
 10
7354.40226187
 20
1048.51851535
 30
0.0
 10
7354.40226187
 20
786.38887286
 30
0.0
  0
LWPOLYLINE
  5
4BF
  8
0
 62
0
370
-1
  6
BYLAYER
100
AcDbEntity
100
AcDbPolyline
 90
2
 70
0
 43
0.01
 10
7354.40226187
 20
786.38887286
 30
0.0
 10
7354.40226187
 20
524.25922998
 30
0.0
  0
LWPOLYLINE
  5
4C0
  8
0
 62
0
370
-1
  6
BYLAYER
100
AcDbEntity
100
AcDbPolyline
 90
2
 70
0
 43
0.01
 10
7354.40226187
 20
524.25922998
 30
0.0
 10
7354.40226187
 20
262.12958628
 30
0.0
  0
LWPOLYLINE
  5
4C1
  8
0
 62
0
370
-1
  6
BYLAYER
100
AcDbEntity
100
AcDbPolyline
 90
2
 70
0
 43
0.01
 10
7354.40226187
 20
262.12958628
 30
0.0
 10
7354.40226187
 20
-0.00005863
 30
0.0
  0
LWPOLYLINE
  5
4C2
  8
0
 62
0
370
-1
  6
BYLAYER
100
AcDbEntity
100
AcDbPolyline
 90
2
 70
0
 43
0.01
 10
7354.40226187
 20
-0.00005863
 30
0.0
 10
7354.40226187
 20
-262.12970516
 30
0.0
  0
LWPOLYLINE
  5
4C3
  8
0
 62
0
370
-1
  6
BYLAYER
100
AcDbEntity
100
AcDbPolyline
 90
2
 70
0
 43
0.01
 10
7354.40226187
 20
-262.12970516
 30
0.0
 10
7354.40226187
 20
-524.25935372
 30
0.0
  0
LWPOLYLINE
  5
4C4
  8
0
 62
0
370
-1
  6
BYLAYER
100
AcDbEntity
100
AcDbPolyline
 90
2
 70
0
 43
0.01
 10
7354.40226187
 20
-524.25935372
 30
0.0
 10
7354.40226187
 20
-786.38900473
 30
0.0
  0
LWPOLYLINE
  5
4C5
  8
0
 62
0
370
-1
  6
BYLAYER
100
AcDbEntity
100
AcDbPolyline
 90
2
 70
0
 43
0.01
 10
7354.40226187
 20
-786.38900473
 30
0.0
 10
7354.40226187
 20
-1048.51865858
 30
0.0
  0
LWPOLYLINE
  5
4C6
  8
0
 62
0
370
-1
  6
BYLAYER
100
AcDbEntity
100
AcDbPolyline
 90
2
 70
0
 43
0.01
 10
7354.40226187
 20
-1048.51865858
 30
0.0
 10
7354.40226187
 20
-1310.64831569
 30
0.0
  0
LWPOLYLINE
  5
4C7
  8
0
 62
0
370
-1
  6
BYLAYER
100
AcDbEntity
100
AcDbPolyline
 90
2
 70
0
 43
0.01
 10
7354.40226187
 20
-1310.64831569
 30
0.0
 10
7354.40226187
 20
-1572.77797647
 30
0.0
  0
LWPOLYLINE
  5
4C8
  8
0
 62
0
370
-1
  6
BYLAYER
100
AcDbEntity
100
AcDbPolyline
 90
2
 70
0
 43
0.01
 10
7354.40226187
 20
-1572.77797647
 30
0.0
 10
7282.98946317
 20
-1572.77797647
 30
0.0
  0
LWPOLYLINE
  5
4C9
  8
0
 62
0
370
-1
  6
BYLAYER
100
AcDbEntity
100
AcDbPolyline
 90
2
 70
0
 43
0.01
 10
7282.98946317
 20
-1572.77797647
 30
0.0
 10
7211.57666888
 20
-1572.77797647
 30
0.0
  0
LWPOLYLINE
  5
4CA
  8
0
 62
0
370
-1
  6
BYLAYER
100
AcDbEntity
100
AcDbPolyline
 90
2
 70
0
 43
0.01
 10
7211.57666888
 20
-1572.77797647
 30
0.0
 10
7140.16387832
 20
-1572.77797647
 30
0.0
  0
LWPOLYLINE
  5
4CB
  8
0
 62
0
370
-1
  6
BYLAYER
100
AcDbEntity
100
AcDbPolyline
 90
2
 70
0
 43
0.01
 10
7140.16387832
 20
-1572.77797647
 30
0.0
 10
7068.75109081
 20
-1572.77797647
 30
0.0
  0
LWPOLYLINE
  5
4CC
  8
0
 62
0
370
-1
  6
BYLAYER
100
AcDbEntity
100
AcDbPolyline
 90
2
 70
0
 43
0.01
 10
7068.75109081
 20
-1572.77797647
 30
0.0
 10
6997.33830566
 20
-1572.77797647
 30
0.0
  0
LWPOLYLINE
  5
4CD
  8
0
 62
0
370
-1
  6
BYLAYER
100
AcDbEntity
100
AcDbPolyline
 90
2
 70
0
 43
0.01
 10
6997.33830566
 20
-1572.77797647
 30
0.0
 10
6925.9255222
 20
-1572.77797647
 30
0.0
  0
LWPOLYLINE
  5
4CE
  8
0
 62
0
370
-1
  6
BYLAYER
100
AcDbEntity
100
AcDbPolyline
 90
2
 70
0
 43
0.01
 10
6925.9255222
 20
-1572.77797647
 30
0.0
 10
6854.51273974
 20
-1572.77797647
 30
0.0
  0
LWPOLYLINE
  5
4CF
  8
0
 62
0
370
-1
  6
BYLAYER
100
AcDbEntity
100
AcDbPolyline
 90
2
 70
0
 43
0.01
 10
6854.51273974
 20
-1572.77797647
 30
0.0
 10
6783.0999576
 20
-1572.77797647
 30
0.0
  0
LWPOLYLINE
  5
4D0
  8
0
 62
0
370
-1
  6
BYLAYER
100
AcDbEntity
100
AcDbPolyline
 90
2
 70
0
 43
0.01
 10
6783.0999576
 20
-1572.77797647
 30
0.0
 10
6711.6871751
 20
-1572.77797647
 30
0.0
  0
LWPOLYLINE
  5
4D1
  8
0
 62
0
370
-1
  6
BYLAYER
100
AcDbEntity
100
AcDbPolyline
 90
2
 70
0
 43
0.01
 10
6711.6871751
 20
-1572.77797647
 30
0.0
 10
6640.27439155
 20
-1572.77797647
 30
0.0
  0
LWPOLYLINE
  5
4D2
  8
0
 62
0
370
-1
  6
BYLAYER
100
AcDbEntity
100
AcDbPolyline
 90
2
 70
0
 43
0.01
 10
6640.27439155
 20
-1572.77797647
 30
0.0
 10
6568.86160629
 20
-1572.77797647
 30
0.0
  0
LWPOLYLINE
  5
4D3
  8
0
 62
0
370
-1
  6
BYLAYER
100
AcDbEntity
100
AcDbPolyline
 90
2
 70
0
 43
0.01
 10
6568.86160629
 20
-1572.77797647
 30
0.0
 10
6497.44881861
 20
-1572.77797647
 30
0.0
  0
LWPOLYLINE
  5
4D4
  8
0
 62
0
370
-1
  6
BYLAYER
100
AcDbEntity
100
AcDbPolyline
 90
2
 70
0
 43
0.01
 10
6497.44881861
 20
-1572.77797647
 30
0.0
 10
6497.44881861
 20
-1310.64831569
 30
0.0
  0
LWPOLYLINE
  5
4D5
  8
0
 62
0
370
-1
  6
BYLAYER
100
AcDbEntity
100
AcDbPolyline
 90
2
 70
0
 43
0.01
 10
6497.44881861
 20
-1310.64831569
 30
0.0
 10
6497.44881861
 20
-1048.51865858
 30
0.0
  0
LWPOLYLINE
  5
4D6
  8
0
 62
0
370
-1
  6
BYLAYER
100
AcDbEntity
100
AcDbPolyline
 90
2
 70
0
 43
0.01
 10
6497.44881861
 20
-1048.51865858
 30
0.0
 10
6497.44881861
 20
-786.38900473
 30
0.0
  0
LWPOLYLINE
  5
4D7
  8
0
 62
0
370
-1
  6
BYLAYER
100
AcDbEntity
100
AcDbPolyline
 90
2
 70
0
 43
0.01
 10
6497.44881861
 20
-786.38900473
 30
0.0
 10
6497.44881861
 20
-524.25935372
 30
0.0
  0
LWPOLYLINE
  5
4D8
  8
0
 62
0
370
-1
  6
BYLAYER
100
AcDbEntity
100
AcDbPolyline
 90
2
 70
0
 43
0.01
 10
6497.44881861
 20
-524.25935372
 30
0.0
 10
6497.44881861
 20
-262.12970516
 30
0.0
  0
LWPOLYLINE
  5
4D9
  8
0
 62
0
370
-1
  6
BYLAYER
100
AcDbEntity
100
AcDbPolyline
 90
2
 70
0
 43
0.01
 10
6497.44881861
 20
-262.12970516
 30
0.0
 10
6497.44881861
 20
-0.00005863
 30
0.0
  0
LWPOLYLINE
  5
4DA
  8
0
 62
0
370
-1
  6
BYLAYER
100
AcDbEntity
100
AcDbPolyline
 90
2
 70
0
 43
0.01
 10
6497.44881861
 20
-0.00005863
 30
0.0
 10
6497.44881861
 20
262.12958628
 30
0.0
  0
LWPOLYLINE
  5
4DB
  8
0
 62
0
370
-1
  6
BYLAYER
100
AcDbEntity
100
AcDbPolyline
 90
2
 70
0
 43
0.01
 10
6497.44881861
 20
262.12958628
 30
0.0
 10
6497.44881861
 20
524.25922998
 30
0.0
  0
LWPOLYLINE
  5
4DC
  8
0
 62
0
370
-1
  6
BYLAYER
100
AcDbEntity
100
AcDbPolyline
 90
2
 70
0
 43
0.01
 10
6497.44881861
 20
524.25922998
 30
0.0
 10
6497.44881861
 20
786.38887286
 30
0.0
  0
LWPOLYLINE
  5
4DD
  8
0
 62
0
370
-1
  6
BYLAYER
100
AcDbEntity
100
AcDbPolyline
 90
2
 70
0
 43
0.01
 10
6497.44881861
 20
786.38887286
 30
0.0
 10
6497.44881861
 20
1048.51851535
 30
0.0
  0
LWPOLYLINE
  5
4DE
  8
0
 62
0
370
-1
  6
BYLAYER
100
AcDbEntity
100
AcDbPolyline
 90
2
 70
0
 43
0.01
 10
6497.44881861
 20
1048.51851535
 30
0.0
 10
6497.44881861
 20
1310.64815786
 30
0.0
  0
LWPOLYLINE
  5
4DF
  8
0
 62
0
370
-1
  6
BYLAYER
100
AcDbEntity
100
AcDbPolyline
 90
2
 70
0
 43
0.01
 10
6497.44881861
 20
1310.64815786
 30
0.0
 10
6497.44881861
 20
1572.77780078
 30
0.0
  0
LWPOLYLINE
  5
4E0
  8
0
 62
0
370
-1
  6
BYLAYER
100
AcDbEntity
100
AcDbPolyline
 90
2
 70
0
 43
0.01
 10
6497.44881861
 20
1572.77780078
 30
0.0
 10
6497.44881861
 20
1572.77780078
 30
0.0
  0
LWPOLYLINE
  5
4E1
  8
0
 62
0
370
-1
  6
BYLAYER
100
AcDbEntity
100
AcDbPolyline
 90
2
 70
0
 43
0.01
 10
6497.44881861
 20
1572.77780078
 30
0.0
 10
6497.44881861
 20
1572.77780078
 30
0.0
  0
LWPOLYLINE
  5
4E2
  8
0
 62
0
370
-1
  6
BYLAYER
100
AcDbEntity
100
AcDbPolyline
 90
2
 70
0
 43
0.01
 10
6497.44881861
 20
1572.77780078
 30
0.0
 10
6497.44881861
 20
1572.77780078
 30
0.0
  0
LWPOLYLINE
  5
4E3
  8
0
 62
0
370
-1
  6
BYLAYER
100
AcDbEntity
100
AcDbPolyline
 90
2
 70
0
 43
0.01
 10
6497.44881861
 20
1572.77780078
 30
0.0
 10
6497.44881861
 20
1572.77780078
 30
0.0
  0
LWPOLYLINE
  5
4E4
  8
0
 62
0
370
-1
  6
BYLAYER
100
AcDbEntity
100
AcDbPolyline
 90
2
 70
0
 43
0.01
 10
6497.44881861
 20
1572.77780078
 30
0.0
 10
6497.44881861
 20
1572.77780078
 30
0.0
  0
LWPOLYLINE
  5
4E5
  8
0
 62
0
370
-1
  6
BYLAYER
100
AcDbEntity
100
AcDbPolyline
 90
2
 70
0
 43
0.01
 10
6497.44881861
 20
1572.77780078
 30
0.0
 10
6497.44881861
 20
1572.77780078
 30
0.0
  0
LWPOLYLINE
  5
4E6
  8
0
 62
0
370
-1
  6
BYLAYER
100
AcDbEntity
100
AcDbPolyline
 90
2
 70
0
 43
0.01
 10
6497.44881861
 20
1572.77780078
 30
0.0
 10
6497.44881861
 20
1572.77780078
 30
0.0
  0
LWPOLYLINE
  5
4E7
  8
0
 62
0
370
-1
  6
BYLAYER
100
AcDbEntity
100
AcDbPolyline
 90
2
 70
0
 43
0.01
 10
6497.44881861
 20
1572.77780078
 30
0.0
 10
6497.44881861
 20
1572.77780078
 30
0.0
  0
LWPOLYLINE
  5
4E8
  8
0
 62
0
370
-1
  6
BYLAYER
100
AcDbEntity
100
AcDbPolyline
 90
2
 70
0
 43
0.01
 10
6497.44881861
 20
1572.77780078
 30
0.0
 10
6497.44881861
 20
1572.77780078
 30
0.0
  0
LWPOLYLINE
  5
4E9
  8
0
 62
0
370
-1
  6
BYLAYER
100
AcDbEntity
100
AcDbPolyline
 90
2
 70
0
 43
0.01
 10
6497.44881861
 20
1572.77780078
 30
0.0
 10
6497.44881861
 20
1572.77780078
 30
0.0
  0
LWPOLYLINE
  5
4EA
  8
0
 62
0
370
-1
  6
BYLAYER
100
AcDbEntity
100
AcDbPolyline
 90
2
 70
0
 43
0.01
 10
6497.44881861
 20
1572.77780078
 30
0.0
 10
6497.44881861
 20
1572.77780078
 30
0.0
  0
LWPOLYLINE
  5
4EB
  8
0
 62
0
370
-1
  6
BYLAYER
100
AcDbEntity
100
AcDbPolyline
 90
2
 70
0
 43
0.01
 10
6497.44881861
 20
1572.77780078
 30
0.0
 10
6497.44881861
 20
1572.77780078
 30
0.0
  0
LWPOLYLINE
  5
4EC
  8
0
 62
0
370
-1
  6
BYLAYER
100
AcDbEntity
100
AcDbPolyline
 90
2
 70
0
 43
0.01
 10
6497.44881861
 20
1572.77780078
 30
0.0
 10
6497.44881861
 20
1572.77780078
 30
0.0
  0
LWPOLYLINE
  5
4ED
  8
0
 62
0
370
-1
  6
BYLAYER
100
AcDbEntity
100
AcDbPolyline
 90
2
 70
0
 43
0.01
 10
6497.44881861
 20
1572.77780078
 30
0.0
 10
6497.44881861
 20
1572.77780078
 30
0.0
  0
LWPOLYLINE
  5
4EE
  8
0
 62
0
370
-1
  6
BYLAYER
100
AcDbEntity
100
AcDbPolyline
 90
2
 70
0
 43
0.01
 10
5528.87135441
 20
2.12429548
 30
0.0
 10
5528.87135441
 20
2.12429548
 30
0.0
  0
LWPOLYLINE
  5
4EF
  8
0
 62
0
370
-1
  6
BYLAYER
100
AcDbEntity
100
AcDbPolyline
 90
2
 70
0
 43
0.01
 10
5528.87135441
 20
2.12429548
 30
0.0
 10
5603.674511
 20
42.95777327
 30
0.0
  0
LWPOLYLINE
  5
4F0
  8
0
 62
0
370
-1
  6
BYLAYER
100
AcDbEntity
100
AcDbPolyline
 90
2
 70
0
 43
0.01
 10
5603.674511
 20
42.95777327
 30
0.0
 10
5678.47766589
 20
83.7912506
 30
0.0
  0
LWPOLYLINE
  5
4F1
  8
0
 62
0
370
-1
  6
BYLAYER
100
AcDbEntity
100
AcDbPolyline
 90
2
 70
0
 43
0.01
 10
5678.47766589
 20
83.7912506
 30
0.0
 10
5753.28081942
 20
124.62472751
 30
0.0
  0
LWPOLYLINE
  5
4F2
  8
0
 62
0
370
-1
  6
BYLAYER
100
AcDbEntity
100
AcDbPolyline
 90
2
 70
0
 43
0.01
 10
5753.28081942
 20
124.62472751
 30
0.0
 10
5828.08397193
 20
165.45820403
 30
0.0
  0
LWPOLYLINE
  5
4F3
  8
0
 62
0
370
-1
  6
BYLAYER
100
AcDbEntity
100
AcDbPolyline
 90
2
 70
0
 43
0.01
 10
5828.08397193
 20
165.45820403
 30
0.0
 10
5902.88712377
 20
206.29168022
 30
0.0
  0
LWPOLYLINE
  5
4F4
  8
0
 62
0
370
-1
  6
BYLAYER
100
AcDbEntity
100
AcDbPolyline
 90
2
 70
0
 43
0.01
 10
5902.88712377
 20
206.29168022
 30
0.0
 10
5977.69027526
 20
247.1251561
 30
0.0
  0
LWPOLYLINE
  5
4F5
  8
0
 62
0
370
-1
  6
BYLAYER
100
AcDbEntity
100
AcDbPolyline
 90
2
 70
0
 43
0.01
 10
5977.69027526
 20
247.1251561
 30
0.0
 10
6052.49342676
 20
287.95863173
 30
0.0
  0
LWPOLYLINE
  5
4F6
  8
0
 62
0
370
-1
  6
BYLAYER
100
AcDbEntity
100
AcDbPolyline
 90
2
 70
0
 43
0.01
 10
6052.49342676
 20
287.95863173
 30
0.0
 10
6127.29657859
 20
328.79210715
 30
0.0
  0
LWPOLYLINE
  5
4F7
  8
0
 62
0
370
-1
  6
BYLAYER
100
AcDbEntity
100
AcDbPolyline
 90
2
 70
0
 43
0.01
 10
6127.29657859
 20
328.79210715
 30
0.0
 10
6202.09973111
 20
369.62558241
 30
0.0
  0
LWPOLYLINE
  5
4F8
  8
0
 62
0
370
-1
  6
BYLAYER
100
AcDbEntity
100
AcDbPolyline
 90
2
 70
0
 43
0.01
 10
6202.09973111
 20
369.62558241
 30
0.0
 10
6276.90288464
 20
410.45905753
 30
0.0
  0
LWPOLYLINE
  5
4F9
  8
0
 62
0
370
-1
  6
BYLAYER
100
AcDbEntity
100
AcDbPolyline
 90
2
 70
0
 43
0.01
 10
6276.90288464
 20
410.45905753
 30
0.0
 10
6351.70603953
 20
451.29253257
 30
0.0
  0
LWPOLYLINE
  5
4FA
  8
0
 62
0
370
-1
  6
BYLAYER
100
AcDbEntity
100
AcDbPolyline
 90
2
 70
0
 43
0.01
 10
6351.70603953
 20
451.29253257
 30
0.0
 10
6426.50919611
 20
492.12600756
 30
0.0
  0
LWPOLYLINE
  5
4FB
  8
0
 62
0
370
-1
  6
BYLAYER
100
AcDbEntity
100
AcDbPolyline
 90
2
 70
0
 43
0.01
 10
6426.50919611
 20
492.12600756
 30
0.0
 10
6421.69729137
 20
469.70299913
 30
0.0
  0
LWPOLYLINE
  5
4FC
  8
0
 62
0
370
-1
  6
BYLAYER
100
AcDbEntity
100
AcDbPolyline
 90
2
 70
0
 43
0.01
 10
6421.69729137
 20
469.70299913
 30
0.0
 10
6416.88539001
 20
447.27999154
 30
0.0
  0
LWPOLYLINE
  5
4FD
  8
0
 62
0
370
-1
  6
BYLAYER
100
AcDbEntity
100
AcDbPolyline
 90
2
 70
0
 43
0.01
 10
6416.88539001
 20
447.27999154
 30
0.0
 10
6412.07349138
 20
424.85698463
 30
0.0
  0
LWPOLYLINE
  5
4FE
  8
0
 62
0
370
-1
  6
BYLAYER
100
AcDbEntity
100
AcDbPolyline
 90
2
 70
0
 43
0.01
 10
6412.07349138
 20
424.85698463
 30
0.0
 10
6407.26159478
 20
402.43397823
 30
0.0
  0
LWPOLYLINE
  5
4FF
  8
0
 62
0
370
-1
  6
BYLAYER
100
AcDbEntity
100
AcDbPolyline
 90
2
 70
0
 43
0.01
 10
6407.26159478
 20
402.43397823
 30
0.0
 10
6402.44969954
 20
380.01097218
 30
0.0
  0
LWPOLYLINE
  5
500
  8
0
 62
0
370
-1
  6
BYLAYER
100
AcDbEntity
100
AcDbPolyline
 90
2
 70
0
 43
0.01
 10
6402.44969954
 20
380.01097218
 30
0.0
 10
6397.63780498
 20
357.58796629
 30
0.0
  0
LWPOLYLINE
  5
501
  8
0
 62
0
370
-1
  6
BYLAYER
100
AcDbEntity
100
AcDbPolyline
 90
2
 70
0
 43
0.01
 10
6397.63780498
 20
357.58796629
 30
0.0
 10
6392.82591041
 20
335.1649604
 30
0.0
  0
LWPOLYLINE
  5
502
  8
0
 62
0
370
-1
  6
BYLAYER
100
AcDbEntity
100
AcDbPolyline
 90
2
 70
0
 43
0.01
 10
6392.82591041
 20
335.1649604
 30
0.0
 10
6388.01401517
 20
312.74195434
 30
0.0
  0
LWPOLYLINE
  5
503
  8
0
 62
0
370
-1
  6
BYLAYER
100
AcDbEntity
100
AcDbPolyline
 90
2
 70
0
 43
0.01
 10
6388.01401517
 20
312.74195434
 30
0.0
 10
6383.20211857
 20
290.31894794
 30
0.0
  0
LWPOLYLINE
  5
504
  8
0
 62
0
370
-1
  6
BYLAYER
100
AcDbEntity
100
AcDbPolyline
 90
2
 70
0
 43
0.01
 10
6383.20211857
 20
290.31894794
 30
0.0
 10
6378.39021994
 20
267.89594103
 30
0.0
  0
LWPOLYLINE
  5
505
  8
0
 62
0
370
-1
  6
BYLAYER
100
AcDbEntity
100
AcDbPolyline
 90
2
 70
0
 43
0.01
 10
6378.39021994
 20
267.89594103
 30
0.0
 10
6373.57831858
 20
245.47293345
 30
0.0
  0
LWPOLYLINE
  5
506
  8
0
 62
0
370
-1
  6
BYLAYER
100
AcDbEntity
100
AcDbPolyline
 90
2
 70
0
 43
0.01
 10
6373.57831858
 20
245.47293345
 30
0.0
 10
6368.76641384
 20
223.04992501
 30
0.0
  0
LWPOLYLINE
  5
507
  8
0
 62
0
370
-1
  6
BYLAYER
100
AcDbEntity
100
AcDbPolyline
 90
2
 70
0
 43
0.01
 10
6368.76641384
 20
223.04992501
 30
0.0
 10
6408.13649927
 20
223.16793629
 30
0.0
  0
LWPOLYLINE
  5
508
  8
0
 62
0
370
-1
  6
BYLAYER
100
AcDbEntity
100
AcDbPolyline
 90
2
 70
0
 43
0.01
 10
6408.13649927
 20
223.16793629
 30
0.0
 10
6447.50658437
 20
223.28594935
 30
0.0
  0
LWPOLYLINE
  5
509
  8
0
 62
0
370
-1
  6
BYLAYER
100
AcDbEntity
100
AcDbPolyline
 90
2
 70
0
 43
0.01
 10
6447.50658437
 20
223.28594935
 30
0.0
 10
6486.87666879
 20
223.40396394
 30
0.0
  0
LWPOLYLINE
  5
50A
  8
0
 62
0
370
-1
  6
BYLAYER
100
AcDbEntity
100
AcDbPolyline
 90
2
 70
0
 43
0.01
 10
6486.87666879
 20
223.40396394
 30
0.0
 10
6526.24675219
 20
223.52197981
 30
0.0
  0
LWPOLYLINE
  5
50B
  8
0
 62
0
370
-1
  6
BYLAYER
100
AcDbEntity
100
AcDbPolyline
 90
2
 70
0
 43
0.01
 10
6526.24675219
 20
223.52197981
 30
0.0
 10
6565.61683423
 20
223.63999669
 30
0.0
  0
LWPOLYLINE
  5
50C
  8
0
 62
0
370
-1
  6
BYLAYER
100
AcDbEntity
100
AcDbPolyline
 90
2
 70
0
 43
0.01
 10
6565.61683423
 20
223.63999669
 30
0.0
 10
6604.98691458
 20
223.75801434
 30
0.0
  0
LWPOLYLINE
  5
50D
  8
0
 62
0
370
-1
  6
BYLAYER
100
AcDbEntity
100
AcDbPolyline
 90
2
 70
0
 43
0.01
 10
6604.98691458
 20
223.75801434
 30
0.0
 10
6644.35699288
 20
223.87603249
 30
0.0
  0
LWPOLYLINE
  5
50E
  8
0
 62
0
370
-1
  6
BYLAYER
100
AcDbEntity
100
AcDbPolyline
 90
2
 70
0
 43
0.01
 10
6644.35699288
 20
223.87603249
 30
0.0
 10
6683.72706881
 20
223.9940509
 30
0.0
  0
LWPOLYLINE
  5
50F
  8
0
 62
0
370
-1
  6
BYLAYER
100
AcDbEntity
100
AcDbPolyline
 90
2
 70
0
 43
0.01
 10
6683.72706881
 20
223.9940509
 30
0.0
 10
6723.09714203
 20
224.11206931
 30
0.0
  0
LWPOLYLINE
  5
510
  8
0
 62
0
370
-1
  6
BYLAYER
100
AcDbEntity
100
AcDbPolyline
 90
2
 70
0
 43
0.01
 10
6723.09714203
 20
224.11206931
 30
0.0
 10
6762.46721219
 20
224.23008747
 30
0.0
  0
LWPOLYLINE
  5
511
  8
0
 62
0
370
-1
  6
BYLAYER
100
AcDbEntity
100
AcDbPolyline
 90
2
 70
0
 43
0.01
 10
6762.46721219
 20
224.23008747
 30
0.0
 10
6801.83727895
 20
224.34810511
 30
0.0
  0
LWPOLYLINE
  5
512
  8
0
 62
0
370
-1
  6
BYLAYER
100
AcDbEntity
100
AcDbPolyline
 90
2
 70
0
 43
0.01
 10
6801.83727895
 20
224.34810511
 30
0.0
 10
6841.20734198
 20
224.46612199
 30
0.0
  0
LWPOLYLINE
  5
513
  8
0
 62
0
370
-1
  6
BYLAYER
100
AcDbEntity
100
AcDbPolyline
 90
2
 70
0
 43
0.01
 10
6841.20734198
 20
224.46612199
 30
0.0
 10
6841.20734198
 20
185.99295957
 30
0.0
  0
LWPOLYLINE
  5
514
  8
0
 62
0
370
-1
  6
BYLAYER
100
AcDbEntity
100
AcDbPolyline
 90
2
 70
0
 43
0.01
 10
6841.20734198
 20
185.99295957
 30
0.0
 10
6841.20734198
 20
147.51979638
 30
0.0
  0
LWPOLYLINE
  5
515
  8
0
 62
0
370
-1
  6
BYLAYER
100
AcDbEntity
100
AcDbPolyline
 90
2
 70
0
 43
0.01
 10
6841.20734198
 20
147.51979638
 30
0.0
 10
6841.20734198
 20
109.04663268
 30
0.0
  0
LWPOLYLINE
  5
516
  8
0
 62
0
370
-1
  6
BYLAYER
100
AcDbEntity
100
AcDbPolyline
 90
2
 70
0
 43
0.01
 10
6841.20734198
 20
109.04663268
 30
0.0
 10
6841.20734198
 20
70.57346872
 30
0.0
  0
LWPOLYLINE
  5
517
  8
0
 62
0
370
-1
  6
BYLAYER
100
AcDbEntity
100
AcDbPolyline
 90
2
 70
0
 43
0.01
 10
6841.20734198
 20
70.57346872
 30
0.0
 10
6841.20734198
 20
32.10030477
 30
0.0
  0
LWPOLYLINE
  5
518
  8
0
 62
0
370
-1
  6
BYLAYER
100
AcDbEntity
100
AcDbPolyline
 90
2
 70
0
 43
0.01
 10
6841.20734198
 20
32.10030477
 30
0.0
 10
6841.20734198
 20
-6.37285893
 30
0.0
  0
LWPOLYLINE
  5
519
  8
0
 62
0
370
-1
  6
BYLAYER
100
AcDbEntity
100
AcDbPolyline
 90
2
 70
0
 43
0.01
 10
6841.20734198
 20
-6.37285893
 30
0.0
 10
6841.20734198
 20
-44.84602212
 30
0.0
  0
LWPOLYLINE
  5
51A
  8
0
 62
0
370
-1
  6
BYLAYER
100
AcDbEntity
100
AcDbPolyline
 90
2
 70
0
 43
0.01
 10
6841.20734198
 20
-44.84602212
 30
0.0
 10
6841.20734198
 20
-83.31918455
 30
0.0
  0
LWPOLYLINE
  5
51B
  8
0
 62
0
370
-1
  6
BYLAYER
100
AcDbEntity
100
AcDbPolyline
 90
2
 70
0
 43
0.01
 10
6841.20734198
 20
-83.31918455
 30
0.0
 10
6841.20734198
 20
-121.79234595
 30
0.0
  0
LWPOLYLINE
  5
51C
  8
0
 62
0
370
-1
  6
BYLAYER
100
AcDbEntity
100
AcDbPolyline
 90
2
 70
0
 43
0.01
 10
6841.20734198
 20
-121.79234595
 30
0.0
 10
6841.20734198
 20
-160.26550609
 30
0.0
  0
LWPOLYLINE
  5
51D
  8
0
 62
0
370
-1
  6
BYLAYER
100
AcDbEntity
100
AcDbPolyline
 90
2
 70
0
 43
0.01
 10
6841.20734198
 20
-160.26550609
 30
0.0
 10
6841.20734198
 20
-198.73866469
 30
0.0
  0
LWPOLYLINE
  5
51E
  8
0
 62
0
370
-1
  6
BYLAYER
100
AcDbEntity
100
AcDbPolyline
 90
2
 70
0
 43
0.01
 10
6841.20734198
 20
-198.73866469
 30
0.0
 10
6841.20734198
 20
-237.21182152
 30
0.0
  0
LWPOLYLINE
  5
51F
  8
0
 62
0
370
-1
  6
BYLAYER
100
AcDbEntity
100
AcDbPolyline
 90
2
 70
0
 43
0.01
 10
6841.20734198
 20
-237.21182152
 30
0.0
 10
6802.93088639
 20
-237.21182152
 30
0.0
  0
LWPOLYLINE
  5
520
  8
0
 62
0
370
-1
  6
BYLAYER
100
AcDbEntity
100
AcDbPolyline
 90
2
 70
0
 43
0.01
 10
6802.93088639
 20
-237.21182152
 30
0.0
 10
6764.65442739
 20
-237.21182152
 30
0.0
  0
LWPOLYLINE
  5
521
  8
0
 62
0
370
-1
  6
BYLAYER
100
AcDbEntity
100
AcDbPolyline
 90
2
 70
0
 43
0.01
 10
6764.65442739
 20
-237.21182152
 30
0.0
 10
6726.37796568
 20
-237.21182152
 30
0.0
  0
LWPOLYLINE
  5
522
  8
0
 62
0
370
-1
  6
BYLAYER
100
AcDbEntity
100
AcDbPolyline
 90
2
 70
0
 43
0.01
 10
6726.37796568
 20
-237.21182152
 30
0.0
 10
6688.10150194
 20
-237.21182152
 30
0.0
  0
LWPOLYLINE
  5
523
  8
0
 62
0
370
-1
  6
BYLAYER
100
AcDbEntity
100
AcDbPolyline
 90
2
 70
0
 43
0.01
 10
6688.10150194
 20
-237.21182152
 30
0.0
 10
6649.82503683
 20
-237.21182152
 30
0.0
  0
LWPOLYLINE
  5
524
  8
0
 62
0
370
-1
  6
BYLAYER
100
AcDbEntity
100
AcDbPolyline
 90
2
 70
0
 43
0.01
 10
6649.82503683
 20
-237.21182152
 30
0.0
 10
6611.54857105
 20
-237.21182152
 30
0.0
  0
LWPOLYLINE
  5
525
  8
0
 62
0
370
-1
  6
BYLAYER
100
AcDbEntity
100
AcDbPolyline
 90
2
 70
0
 43
0.01
 10
6611.54857105
 20
-237.21182152
 30
0.0
 10
6573.27210526
 20
-237.21182152
 30
0.0
  0
LWPOLYLINE
  5
526
  8
0
 62
0
370
-1
  6
BYLAYER
100
AcDbEntity
100
AcDbPolyline
 90
2
 70
0
 43
0.01
 10
6573.27210526
 20
-237.21182152
 30
0.0
 10
6534.99564016
 20
-237.21182152
 30
0.0
  0
LWPOLYLINE
  5
527
  8
0
 62
0
370
-1
  6
BYLAYER
100
AcDbEntity
100
AcDbPolyline
 90
2
 70
0
 43
0.01
 10
6534.99564016
 20
-237.21182152
 30
0.0
 10
6496.71917641
 20
-237.21182152
 30
0.0
  0
LWPOLYLINE
  5
528
  8
0
 62
0
370
-1
  6
BYLAYER
100
AcDbEntity
100
AcDbPolyline
 90
2
 70
0
 43
0.01
 10
6496.71917641
 20
-237.21182152
 30
0.0
 10
6458.4427147
 20
-237.21182152
 30
0.0
  0
LWPOLYLINE
  5
529
  8
0
 62
0
370
-1
  6
BYLAYER
100
AcDbEntity
100
AcDbPolyline
 90
2
 70
0
 43
0.01
 10
6458.4427147
 20
-237.21182152
 30
0.0
 10
6420.16625571
 20
-237.21182152
 30
0.0
  0
LWPOLYLINE
  5
52A
  8
0
 62
0
370
-1
  6
BYLAYER
100
AcDbEntity
100
AcDbPolyline
 90
2
 70
0
 43
0.01
 10
6420.16625571
 20
-237.21182152
 30
0.0
 10
6381.88980011
 20
-237.21182152
 30
0.0
  0
LWPOLYLINE
  5
52B
  8
0
 62
0
370
-1
  6
BYLAYER
100
AcDbEntity
100
AcDbPolyline
 90
2
 70
0
 43
0.01
 10
6381.88980011
 20
-237.21182152
 30
0.0
 10
6385.60807689
 20
-258.45466631
 30
0.0
  0
LWPOLYLINE
  5
52C
  8
0
 62
0
370
-1
  6
BYLAYER
100
AcDbEntity
100
AcDbPolyline
 90
2
 70
0
 43
0.01
 10
6385.60807689
 20
-258.45466631
 30
0.0
 10
6389.32635706
 20
-279.69751127
 30
0.0
  0
LWPOLYLINE
  5
52D
  8
0
 62
0
370
-1
  6
BYLAYER
100
AcDbEntity
100
AcDbPolyline
 90
2
 70
0
 43
0.01
 10
6389.32635706
 20
-279.69751127
 30
0.0
 10
6393.04463995
 20
-300.94035657
 30
0.0
  0
LWPOLYLINE
  5
52E
  8
0
 62
0
370
-1
  6
BYLAYER
100
AcDbEntity
100
AcDbPolyline
 90
2
 70
0
 43
0.01
 10
6393.04463995
 20
-300.94035657
 30
0.0
 10
6396.76292487
 20
-322.18320238
 30
0.0
  0
LWPOLYLINE
  5
52F
  8
0
 62
0
370
-1
  6
BYLAYER
100
AcDbEntity
100
AcDbPolyline
 90
2
 70
0
 43
0.01
 10
6396.76292487
 20
-322.18320238
 30
0.0
 10
6400.48121115
 20
-343.42604887
 30
0.0
  0
LWPOLYLINE
  5
530
  8
0
 62
0
370
-1
  6
BYLAYER
100
AcDbEntity
100
AcDbPolyline
 90
2
 70
0
 43
0.01
 10
6400.48121115
 20
-343.42604887
 30
0.0
 10
6404.19949811
 20
-364.66889621
 30
0.0
  0
LWPOLYLINE
  5
531
  8
0
 62
0
370
-1
  6
BYLAYER
100
AcDbEntity
100
AcDbPolyline
 90
2
 70
0
 43
0.01
 10
6404.19949811
 20
-364.66889621
 30
0.0
 10
6407.91778507
 20
-385.91174456
 30
0.0
  0
LWPOLYLINE
  5
532
  8
0
 62
0
370
-1
  6
BYLAYER
100
AcDbEntity
100
AcDbPolyline
 90
2
 70
0
 43
0.01
 10
6407.91778507
 20
-385.91174456
 30
0.0
 10
6411.63607136
 20
-407.15459411
 30
0.0
  0
LWPOLYLINE
  5
533
  8
0
 62
0
370
-1
  6
BYLAYER
100
AcDbEntity
100
AcDbPolyline
 90
2
 70
0
 43
0.01
 10
6411.63607136
 20
-407.15459411
 30
0.0
 10
6415.35435628
 20
-428.39744501
 30
0.0
  0
LWPOLYLINE
  5
534
  8
0
 62
0
370
-1
  6
BYLAYER
100
AcDbEntity
100
AcDbPolyline
 90
2
 70
0
 43
0.01
 10
6415.35435628
 20
-428.39744501
 30
0.0
 10
6419.07263917
 20
-449.64029744
 30
0.0
  0
LWPOLYLINE
  5
535
  8
0
 62
0
370
-1
  6
BYLAYER
100
AcDbEntity
100
AcDbPolyline
 90
2
 70
0
 43
0.01
 10
6419.07263917
 20
-449.64029744
 30
0.0
 10
6422.79091934
 20
-470.88315157
 30
0.0
  0
LWPOLYLINE
  5
536
  8
0
 62
0
370
-1
  6
BYLAYER
100
AcDbEntity
100
AcDbPolyline
 90
2
 70
0
 43
0.01
 10
6422.79091934
 20
-470.88315157
 30
0.0
 10
6426.50919611
 20
-492.12600756
 30
0.0
  0
LWPOLYLINE
  5
537
  8
0
 62
0
370
-1
  6
BYLAYER
100
AcDbEntity
100
AcDbPolyline
 90
2
 70
0
 43
0.01
 10
6426.50919611
 20
-492.12600756
 30
0.0
 10
6351.70603953
 20
-450.93847608
 30
0.0
  0
LWPOLYLINE
  5
538
  8
0
 62
0
370
-1
  6
BYLAYER
100
AcDbEntity
100
AcDbPolyline
 90
2
 70
0
 43
0.01
 10
6351.70603953
 20
-450.93847608
 30
0.0
 10
6276.90288464
 20
-409.750948
 30
0.0
  0
LWPOLYLINE
  5
539
  8
0
 62
0
370
-1
  6
BYLAYER
100
AcDbEntity
100
AcDbPolyline
 90
2
 70
0
 43
0.01
 10
6276.90288464
 20
-409.750948
 30
0.0
 10
6202.09973111
 20
-368.56342264
 30
0.0
  0
LWPOLYLINE
  5
53A
  8
0
 62
0
370
-1
  6
BYLAYER
100
AcDbEntity
100
AcDbPolyline
 90
2
 70
0
 43
0.01
 10
6202.09973111
 20
-368.56342264
 30
0.0
 10
6127.29657859
 20
-327.37589931
 30
0.0
  0
LWPOLYLINE
  5
53B
  8
0
 62
0
370
-1
  6
BYLAYER
100
AcDbEntity
100
AcDbPolyline
 90
2
 70
0
 43
0.01
 10
6127.29657859
 20
-327.37589931
 30
0.0
 10
6052.49342676
 20
-286.18837734
 30
0.0
  0
LWPOLYLINE
  5
53C
  8
0
 62
0
370
-1
  6
BYLAYER
100
AcDbEntity
100
AcDbPolyline
 90
2
 70
0
 43
0.01
 10
6052.49342676
 20
-286.18837734
 30
0.0
 10
5977.69027526
 20
-245.00085604
 30
0.0
  0
LWPOLYLINE
  5
53D
  8
0
 62
0
370
-1
  6
BYLAYER
100
AcDbEntity
100
AcDbPolyline
 90
2
 70
0
 43
0.01
 10
5977.69027526
 20
-245.00085604
 30
0.0
 10
5902.88712377
 20
-203.81333475
 30
0.0
  0
LWPOLYLINE
  5
53E
  8
0
 62
0
370
-1
  6
BYLAYER
100
AcDbEntity
100
AcDbPolyline
 90
2
 70
0
 43
0.01
 10
5902.88712377
 20
-203.81333475
 30
0.0
 10
5828.08397193
 20
-162.62581278
 30
0.0
  0
LWPOLYLINE
  5
53F
  8
0
 62
0
370
-1
  6
BYLAYER
100
AcDbEntity
100
AcDbPolyline
 90
2
 70
0
 43
0.01
 10
5828.08397193
 20
-162.62581278
 30
0.0
 10
5753.28081942
 20
-121.43828945
 30
0.0
  0
LWPOLYLINE
  5
540
  8
0
 62
0
370
-1
  6
BYLAYER
100
AcDbEntity
100
AcDbPolyline
 90
2
 70
0
 43
0.01
 10
5753.28081942
 20
-121.43828945
 30
0.0
 10
5678.47766589
 20
-80.25076408
 30
0.0
  0
LWPOLYLINE
  5
541
  8
0
 62
0
370
-1
  6
BYLAYER
100
AcDbEntity
100
AcDbPolyline
 90
2
 70
0
 43
0.01
 10
5678.47766589
 20
-80.25076408
 30
0.0
 10
5603.674511
 20
-39.063236
 30
0.0
  0
LWPOLYLINE
  5
542
  8
0
 62
0
370
-1
  6
BYLAYER
100
AcDbEntity
100
AcDbPolyline
 90
2
 70
0
 43
0.01
 10
5603.674511
 20
-39.063236
 30
0.0
 10
5528.87135441
 20
2.12429548
 30
0.0
  0
LWPOLYLINE
  5
543
  8
0
 62
0
370
-1
  6
BYLAYER
100
AcDbEntity
100
AcDbPolyline
 90
2
 70
0
 43
0.01
 10
5528.87135441
 20
2.12429548
 30
0.0
 10
5528.87135441
 20
2.12429548
 30
0.0
  0
LWPOLYLINE
  5
544
  8
0
 62
0
370
-1
  6
BYLAYER
100
AcDbEntity
100
AcDbPolyline
 90
2
 70
0
 43
0.01
 10
5528.87135441
 20
2.12429548
 30
0.0
 10
5528.87135441
 20
2.12429548
 30
0.0
  0
LWPOLYLINE
  5
545
  8
0
 62
0
370
-1
  6
BYLAYER
100
AcDbEntity
100
AcDbPolyline
 90
2
 70
0
 43
0.01
 10
5528.87135441
 20
2.12429548
 30
0.0
 10
5528.87135441
 20
2.12429548
 30
0.0
  0
LWPOLYLINE
  5
546
  8
0
 62
0
370
-1
  6
BYLAYER
100
AcDbEntity
100
AcDbPolyline
 90
2
 70
0
 43
0.01
 10
5528.87135441
 20
2.12429548
 30
0.0
 10
5528.87135441
 20
2.12429548
 30
0.0
  0
LWPOLYLINE
  5
547
  8
0
 62
0
370
-1
  6
BYLAYER
100
AcDbEntity
100
AcDbPolyline
 90
2
 70
0
 43
0.01
 10
5528.87135441
 20
2.12429548
 30
0.0
 10
5528.87135441
 20
2.12429548
 30
0.0
  0
LWPOLYLINE
  5
548
  8
0
 62
0
370
-1
  6
BYLAYER
100
AcDbEntity
100
AcDbPolyline
 90
2
 70
0
 43
0.01
 10
5528.87135441
 20
2.12429548
 30
0.0
 10
5528.87135441
 20
2.12429548
 30
0.0
  0
LWPOLYLINE
  5
549
  8
0
 62
0
370
-1
  6
BYLAYER
100
AcDbEntity
100
AcDbPolyline
 90
2
 70
0
 43
0.01
 10
5528.87135441
 20
2.12429548
 30
0.0
 10
5528.87135441
 20
2.12429548
 30
0.0
  0
LWPOLYLINE
  5
54A
  8
0
 62
0
370
-1
  6
BYLAYER
100
AcDbEntity
100
AcDbPolyline
 90
2
 70
0
 43
0.01
 10
5528.87135441
 20
2.12429548
 30
0.0
 10
5528.87135441
 20
2.12429548
 30
0.0
  0
LWPOLYLINE
  5
54B
  8
0
 62
0
370
-1
  6
BYLAYER
100
AcDbEntity
100
AcDbPolyline
 90
2
 70
0
 43
0.01
 10
5528.87135441
 20
2.12429548
 30
0.0
 10
5528.87135441
 20
2.12429548
 30
0.0
  0
LWPOLYLINE
  5
54C
  8
0
 62
0
370
-1
  6
BYLAYER
100
AcDbEntity
100
AcDbPolyline
 90
2
 70
0
 43
0.01
 10
5528.87135441
 20
2.12429548
 30
0.0
 10
5528.87135441
 20
2.12429548
 30
0.0
  0
LWPOLYLINE
  5
54D
  8
0
 62
0
370
-1
  6
BYLAYER
100
AcDbEntity
100
AcDbPolyline
 90
2
 70
0
 43
0.01
 10
5528.87135441
 20
2.12429548
 30
0.0
 10
5528.87135441
 20
2.12429548
 30
0.0
  0
LWPOLYLINE
  5
54E
  8
0
 62
0
370
-1
  6
BYLAYER
100
AcDbEntity
100
AcDbPolyline
 90
2
 70
0
 43
0.01
 10
5528.87135441
 20
2.12429548
 30
0.0
 10
5528.87135441
 20
2.12429548
 30
0.0
  0
LWPOLYLINE
  5
54F
  8
0
 62
0
370
-1
  6
BYLAYER
100
AcDbEntity
100
AcDbPolyline
 90
2
 70
0
 43
0.01
 10
5528.87135441
 20
2.12429548
 30
0.0
 10
5528.87135441
 20
2.12429548
 30
0.0
  0
LWPOLYLINE
  5
550
  8
0
 62
0
370
-1
  6
BYLAYER
100
AcDbEntity
100
AcDbPolyline
 90
2
 70
0
 43
0.01
 10
5528.87135441
 20
2.12429548
 30
0.0
 10
5528.87135441
 20
2.12429548
 30
0.0
  0
ENDBLK
  5
551
100
AcDbEntity
  8
0
100
AcDbBlockEnd
  0
BLOCK
  5
552
100
AcDbEntity
  8
0
100
AcDbBlockBegin
  2
F-0-1
 70
0
 10
0.0
 20
0.0
 30
0.0
  3
F-0-1
  1

  0
LWPOLYLINE
  5
553
  8
0
 62
0
370
-1
  6
BYLAYER
100
AcDbEntity
100
AcDbPolyline
 90
2
 70
0
 43
0.01
 10
-6160.00021504
 20
98.42520151
 30
0.0
 10
-6160.00021504
 20
98.42520151
 30
0.0
  0
LWPOLYLINE
  5
554
  8
0
 62
0
370
-1
  6
BYLAYER
100
AcDbEntity
100
AcDbPolyline
 90
2
 70
0
 43
0.01
 10
-6160.00021504
 20
98.42520151
 30
0.0
 10
-5133.3334381
 20
98.42520151
 30
0.0
  0
LWPOLYLINE
  5
555
  8
0
 62
0
370
-1
  6
BYLAYER
100
AcDbEntity
100
AcDbPolyline
 90
2
 70
0
 43
0.01
 10
-5133.3334381
 20
98.42520151
 30
0.0
 10
-4106.66666676
 20
98.42520151
 30
0.0
  0
LWPOLYLINE
  5
556
  8
0
 62
0
370
-1
  6
BYLAYER
100
AcDbEntity
100
AcDbPolyline
 90
2
 70
0
 43
0.01
 10
-4106.66666676
 20
98.42520151
 30
0.0
 10
-3079.99990051
 20
98.42520151
 30
0.0
  0
LWPOLYLINE
  5
557
  8
0
 62
0
370
-1
  6
BYLAYER
100
AcDbEntity
100
AcDbPolyline
 90
2
 70
0
 43
0.01
 10
-3079.99990051
 20
98.42520151
 30
0.0
 10
-2053.33313884
 20
98.42520151
 30
0.0
  0
LWPOLYLINE
  5
558
  8
0
 62
0
370
-1
  6
BYLAYER
100
AcDbEntity
100
AcDbPolyline
 90
2
 70
0
 43
0.01
 10
-2053.33313884
 20
98.42520151
 30
0.0
 10
-1026.66638125
 20
98.42520151
 30
0.0
  0
LWPOLYLINE
  5
559
  8
0
 62
0
370
-1
  6
BYLAYER
100
AcDbEntity
100
AcDbPolyline
 90
2
 70
0
 43
0.01
 10
-1026.66638125
 20
98.42520151
 30
0.0
 10
0.00037277
 20
98.42520151
 30
0.0
  0
LWPOLYLINE
  5
55A
  8
0
 62
0
370
-1
  6
BYLAYER
100
AcDbEntity
100
AcDbPolyline
 90
2
 70
0
 43
0.01
 10
0.00037277
 20
98.42520151
 30
0.0
 10
1026.66712374
 20
98.42520151
 30
0.0
  0
LWPOLYLINE
  5
55B
  8
0
 62
0
370
-1
  6
BYLAYER
100
AcDbEntity
100
AcDbPolyline
 90
2
 70
0
 43
0.01
 10
1026.66712374
 20
98.42520151
 30
0.0
 10
2053.33387217
 20
98.42520151
 30
0.0
  0
LWPOLYLINE
  5
55C
  8
0
 62
0
370
-1
  6
BYLAYER
100
AcDbEntity
100
AcDbPolyline
 90
2
 70
0
 43
0.01
 10
2053.33387217
 20
98.42520151
 30
0.0
 10
3080.00061855
 20
98.42520151
 30
0.0
  0
LWPOLYLINE
  5
55D
  8
0
 62
0
370
-1
  6
BYLAYER
100
AcDbEntity
100
AcDbPolyline
 90
2
 70
0
 43
0.01
 10
3080.00061855
 20
98.42520151
 30
0.0
 10
4106.66736341
 20
98.42520151
 30
0.0
  0
LWPOLYLINE
  5
55E
  8
0
 62
0
370
-1
  6
BYLAYER
100
AcDbEntity
100
AcDbPolyline
 90
2
 70
0
 43
0.01
 10
4106.66736341
 20
98.42520151
 30
0.0
 10
5133.33410726
 20
98.42520151
 30
0.0
  0
LWPOLYLINE
  5
55F
  8
0
 62
0
370
-1
  6
BYLAYER
100
AcDbEntity
100
AcDbPolyline
 90
2
 70
0
 43
0.01
 10
5133.33410726
 20
98.42520151
 30
0.0
 10
6160.00085059
 20
98.42520151
 30
0.0
  0
LWPOLYLINE
  5
560
  8
0
 62
0
370
-1
  6
BYLAYER
100
AcDbEntity
100
AcDbPolyline
 90
2
 70
0
 43
0.01
 10
6160.00085059
 20
98.42520151
 30
0.0
 10
6160.00085059
 20
82.02100228
 30
0.0
  0
LWPOLYLINE
  5
561
  8
0
 62
0
370
-1
  6
BYLAYER
100
AcDbEntity
100
AcDbPolyline
 90
2
 70
0
 43
0.01
 10
6160.00085059
 20
82.02100228
 30
0.0
 10
6160.00085059
 20
65.61680305
 30
0.0
  0
LWPOLYLINE
  5
562
  8
0
 62
0
370
-1
  6
BYLAYER
100
AcDbEntity
100
AcDbPolyline
 90
2
 70
0
 43
0.01
 10
6160.00085059
 20
65.61680305
 30
0.0
 10
6160.00085059
 20
49.21260381
 30
0.0
  0
LWPOLYLINE
  5
563
  8
0
 62
0
370
-1
  6
BYLAYER
100
AcDbEntity
100
AcDbPolyline
 90
2
 70
0
 43
0.01
 10
6160.00085059
 20
49.21260381
 30
0.0
 10
6160.00085059
 20
32.80840458
 30
0.0
  0
LWPOLYLINE
  5
564
  8
0
 62
0
370
-1
  6
BYLAYER
100
AcDbEntity
100
AcDbPolyline
 90
2
 70
0
 43
0.01
 10
6160.00085059
 20
32.80840458
 30
0.0
 10
6160.00085059
 20
16.40420534
 30
0.0
  0
LWPOLYLINE
  5
565
  8
0
 62
0
370
-1
  6
BYLAYER
100
AcDbEntity
100
AcDbPolyline
 90
2
 70
0
 43
0.01
 10
6160.00085059
 20
16.40420534
 30
0.0
 10
6160.00085059
 20
0.00000611
 30
0.0
  0
LWPOLYLINE
  5
566
  8
0
 62
0
370
-1
  6
BYLAYER
100
AcDbEntity
100
AcDbPolyline
 90
2
 70
0
 43
0.01
 10
6160.00085059
 20
0.00000611
 30
0.0
 10
6160.00085059
 20
-16.40419312
 30
0.0
  0
LWPOLYLINE
  5
567
  8
0
 62
0
370
-1
  6
BYLAYER
100
AcDbEntity
100
AcDbPolyline
 90
2
 70
0
 43
0.01
 10
6160.00085059
 20
-16.40419312
 30
0.0
 10
6160.00085059
 20
-32.80839236
 30
0.0
  0
LWPOLYLINE
  5
568
  8
0
 62
0
370
-1
  6
BYLAYER
100
AcDbEntity
100
AcDbPolyline
 90
2
 70
0
 43
0.01
 10
6160.00085059
 20
-32.80839236
 30
0.0
 10
6160.00085059
 20
-49.21259159
 30
0.0
  0
LWPOLYLINE
  5
569
  8
0
 62
0
370
-1
  6
BYLAYER
100
AcDbEntity
100
AcDbPolyline
 90
2
 70
0
 43
0.01
 10
6160.00085059
 20
-49.21259159
 30
0.0
 10
6160.00085059
 20
-65.61679082
 30
0.0
  0
LWPOLYLINE
  5
56A
  8
0
 62
0
370
-1
  6
BYLAYER
100
AcDbEntity
100
AcDbPolyline
 90
2
 70
0
 43
0.01
 10
6160.00085059
 20
-65.61679082
 30
0.0
 10
6160.00085059
 20
-82.02099006
 30
0.0
  0
LWPOLYLINE
  5
56B
  8
0
 62
0
370
-1
  6
BYLAYER
100
AcDbEntity
100
AcDbPolyline
 90
2
 70
0
 43
0.01
 10
6160.00085059
 20
-82.02099006
 30
0.0
 10
6160.00085059
 20
-98.42518929
 30
0.0
  0
LWPOLYLINE
  5
56C
  8
0
 62
0
370
-1
  6
BYLAYER
100
AcDbEntity
100
AcDbPolyline
 90
2
 70
0
 43
0.01
 10
6160.00085059
 20
-98.42518929
 30
0.0
 10
5133.33410726
 20
-98.42518929
 30
0.0
  0
LWPOLYLINE
  5
56D
  8
0
 62
0
370
-1
  6
BYLAYER
100
AcDbEntity
100
AcDbPolyline
 90
2
 70
0
 43
0.01
 10
5133.33410726
 20
-98.42518929
 30
0.0
 10
4106.66736341
 20
-98.42518929
 30
0.0
  0
LWPOLYLINE
  5
56E
  8
0
 62
0
370
-1
  6
BYLAYER
100
AcDbEntity
100
AcDbPolyline
 90
2
 70
0
 43
0.01
 10
4106.66736341
 20
-98.42518929
 30
0.0
 10
3080.00061855
 20
-98.42518929
 30
0.0
  0
LWPOLYLINE
  5
56F
  8
0
 62
0
370
-1
  6
BYLAYER
100
AcDbEntity
100
AcDbPolyline
 90
2
 70
0
 43
0.01
 10
3080.00061855
 20
-98.42518929
 30
0.0
 10
2053.33387217
 20
-98.42518929
 30
0.0
  0
LWPOLYLINE
  5
570
  8
0
 62
0
370
-1
  6
BYLAYER
100
AcDbEntity
100
AcDbPolyline
 90
2
 70
0
 43
0.01
 10
2053.33387217
 20
-98.42518929
 30
0.0
 10
1026.66712374
 20
-98.42518929
 30
0.0
  0
LWPOLYLINE
  5
571
  8
0
 62
0
370
-1
  6
BYLAYER
100
AcDbEntity
100
AcDbPolyline
 90
2
 70
0
 43
0.01
 10
1026.66712374
 20
-98.42518929
 30
0.0
 10
0.00037277
 20
-98.42518929
 30
0.0
  0
LWPOLYLINE
  5
572
  8
0
 62
0
370
-1
  6
BYLAYER
100
AcDbEntity
100
AcDbPolyline
 90
2
 70
0
 43
0.01
 10
0.00037277
 20
-98.42518929
 30
0.0
 10
-1026.66638125
 20
-98.42518929
 30
0.0
  0
LWPOLYLINE
  5
573
  8
0
 62
0
370
-1
  6
BYLAYER
100
AcDbEntity
100
AcDbPolyline
 90
2
 70
0
 43
0.01
 10
-1026.66638125
 20
-98.42518929
 30
0.0
 10
-2053.33313884
 20
-98.42518929
 30
0.0
  0
LWPOLYLINE
  5
574
  8
0
 62
0
370
-1
  6
BYLAYER
100
AcDbEntity
100
AcDbPolyline
 90
2
 70
0
 43
0.01
 10
-2053.33313884
 20
-98.42518929
 30
0.0
 10
-3079.99990051
 20
-98.42518929
 30
0.0
  0
LWPOLYLINE
  5
575
  8
0
 62
0
370
-1
  6
BYLAYER
100
AcDbEntity
100
AcDbPolyline
 90
2
 70
0
 43
0.01
 10
-3079.99990051
 20
-98.42518929
 30
0.0
 10
-4106.66666676
 20
-98.42518929
 30
0.0
  0
LWPOLYLINE
  5
576
  8
0
 62
0
370
-1
  6
BYLAYER
100
AcDbEntity
100
AcDbPolyline
 90
2
 70
0
 43
0.01
 10
-4106.66666676
 20
-98.42518929
 30
0.0
 10
-5133.3334381
 20
-98.42518929
 30
0.0
  0
LWPOLYLINE
  5
577
  8
0
 62
0
370
-1
  6
BYLAYER
100
AcDbEntity
100
AcDbPolyline
 90
2
 70
0
 43
0.01
 10
-5133.3334381
 20
-98.42518929
 30
0.0
 10
-6160.00021504
 20
-98.42518929
 30
0.0
  0
LWPOLYLINE
  5
578
  8
0
 62
0
370
-1
  6
BYLAYER
100
AcDbEntity
100
AcDbPolyline
 90
2
 70
0
 43
0.01
 10
-6160.00021504
 20
-98.42518929
 30
0.0
 10
-6160.00021504
 20
-82.02099006
 30
0.0
  0
LWPOLYLINE
  5
579
  8
0
 62
0
370
-1
  6
BYLAYER
100
AcDbEntity
100
AcDbPolyline
 90
2
 70
0
 43
0.01
 10
-6160.00021504
 20
-82.02099006
 30
0.0
 10
-6160.00021504
 20
-65.61679082
 30
0.0
  0
LWPOLYLINE
  5
57A
  8
0
 62
0
370
-1
  6
BYLAYER
100
AcDbEntity
100
AcDbPolyline
 90
2
 70
0
 43
0.01
 10
-6160.00021504
 20
-65.61679082
 30
0.0
 10
-6160.00021504
 20
-49.21259159
 30
0.0
  0
LWPOLYLINE
  5
57B
  8
0
 62
0
370
-1
  6
BYLAYER
100
AcDbEntity
100
AcDbPolyline
 90
2
 70
0
 43
0.01
 10
-6160.00021504
 20
-49.21259159
 30
0.0
 10
-6160.00021504
 20
-32.80839236
 30
0.0
  0
LWPOLYLINE
  5
57C
  8
0
 62
0
370
-1
  6
BYLAYER
100
AcDbEntity
100
AcDbPolyline
 90
2
 70
0
 43
0.01
 10
-6160.00021504
 20
-32.80839236
 30
0.0
 10
-6160.00021504
 20
-16.40419312
 30
0.0
  0
LWPOLYLINE
  5
57D
  8
0
 62
0
370
-1
  6
BYLAYER
100
AcDbEntity
100
AcDbPolyline
 90
2
 70
0
 43
0.01
 10
-6160.00021504
 20
-16.40419312
 30
0.0
 10
-6160.00021504
 20
0.00000611
 30
0.0
  0
LWPOLYLINE
  5
57E
  8
0
 62
0
370
-1
  6
BYLAYER
100
AcDbEntity
100
AcDbPolyline
 90
2
 70
0
 43
0.01
 10
-6160.00021504
 20
0.00000611
 30
0.0
 10
-6160.00021504
 20
16.40420534
 30
0.0
  0
LWPOLYLINE
  5
57F
  8
0
 62
0
370
-1
  6
BYLAYER
100
AcDbEntity
100
AcDbPolyline
 90
2
 70
0
 43
0.01
 10
-6160.00021504
 20
16.40420534
 30
0.0
 10
-6160.00021504
 20
32.80840458
 30
0.0
  0
LWPOLYLINE
  5
580
  8
0
 62
0
370
-1
  6
BYLAYER
100
AcDbEntity
100
AcDbPolyline
 90
2
 70
0
 43
0.01
 10
-6160.00021504
 20
32.80840458
 30
0.0
 10
-6160.00021504
 20
49.21260381
 30
0.0
  0
LWPOLYLINE
  5
581
  8
0
 62
0
370
-1
  6
BYLAYER
100
AcDbEntity
100
AcDbPolyline
 90
2
 70
0
 43
0.01
 10
-6160.00021504
 20
49.21260381
 30
0.0
 10
-6160.00021504
 20
65.61680305
 30
0.0
  0
LWPOLYLINE
  5
582
  8
0
 62
0
370
-1
  6
BYLAYER
100
AcDbEntity
100
AcDbPolyline
 90
2
 70
0
 43
0.01
 10
-6160.00021504
 20
65.61680305
 30
0.0
 10
-6160.00021504
 20
82.02100228
 30
0.0
  0
LWPOLYLINE
  5
583
  8
0
 62
0
370
-1
  6
BYLAYER
100
AcDbEntity
100
AcDbPolyline
 90
2
 70
0
 43
0.01
 10
-6160.00021504
 20
82.02100228
 30
0.0
 10
-6160.00021504
 20
98.42520151
 30
0.0
  0
LWPOLYLINE
  5
584
  8
0
 62
0
370
-1
  6
BYLAYER
100
AcDbEntity
100
AcDbPolyline
 90
2
 70
0
 43
0.01
 10
-6160.00021504
 20
98.42520151
 30
0.0
 10
-6160.00021504
 20
98.42520151
 30
0.0
  0
LWPOLYLINE
  5
585
  8
0
 62
0
370
-1
  6
BYLAYER
100
AcDbEntity
100
AcDbPolyline
 90
2
 70
0
 43
0.01
 10
-6160.00021504
 20
98.42520151
 30
0.0
 10
-6160.00021504
 20
98.42520151
 30
0.0
  0
LWPOLYLINE
  5
586
  8
0
 62
0
370
-1
  6
BYLAYER
100
AcDbEntity
100
AcDbPolyline
 90
2
 70
0
 43
0.03
 10
-6416.66690085
 20
164.04199845
 30
0.0
 10
-6416.66690085
 20
164.04199845
 30
0.0
  0
LWPOLYLINE
  5
587
  8
0
 62
0
370
-1
  6
BYLAYER
100
AcDbEntity
100
AcDbPolyline
 90
2
 70
0
 43
0.03
 10
-6416.66690085
 20
164.04199845
 30
0.0
 10
-6389.32656935
 20
164.04199845
 30
0.0
  0
LWPOLYLINE
  5
588
  8
0
 62
0
370
-1
  6
BYLAYER
100
AcDbEntity
100
AcDbPolyline
 90
2
 70
0
 43
0.03
 10
-6389.32656935
 20
164.04199845
 30
0.0
 10
-6361.98623708
 20
164.04199845
 30
0.0
  0
LWPOLYLINE
  5
589
  8
0
 62
0
370
-1
  6
BYLAYER
100
AcDbEntity
100
AcDbPolyline
 90
2
 70
0
 43
0.03
 10
-6361.98623708
 20
164.04199845
 30
0.0
 10
-6334.6459043
 20
164.04199845
 30
0.0
  0
LWPOLYLINE
  5
58A
  8
0
 62
0
370
-1
  6
BYLAYER
100
AcDbEntity
100
AcDbPolyline
 90
2
 70
0
 43
0.03
 10
-6334.6459043
 20
164.04199845
 30
0.0
 10
-6307.30557127
 20
164.04199845
 30
0.0
  0
LWPOLYLINE
  5
58B
  8
0
 62
0
370
-1
  6
BYLAYER
100
AcDbEntity
100
AcDbPolyline
 90
2
 70
0
 43
0.03
 10
-6307.30557127
 20
164.04199845
 30
0.0
 10
-6279.96523824
 20
164.04199845
 30
0.0
  0
LWPOLYLINE
  5
58C
  8
0
 62
0
370
-1
  6
BYLAYER
100
AcDbEntity
100
AcDbPolyline
 90
2
 70
0
 43
0.03
 10
-6279.96523824
 20
164.04199845
 30
0.0
 10
-6252.62490546
 20
164.04199845
 30
0.0
  0
LWPOLYLINE
  5
58D
  8
0
 62
0
370
-1
  6
BYLAYER
100
AcDbEntity
100
AcDbPolyline
 90
2
 70
0
 43
0.03
 10
-6252.62490546
 20
164.04199845
 30
0.0
 10
-6225.28457319
 20
164.04199845
 30
0.0
  0
LWPOLYLINE
  5
58E
  8
0
 62
0
370
-1
  6
BYLAYER
100
AcDbEntity
100
AcDbPolyline
 90
2
 70
0
 43
0.03
 10
-6225.28457319
 20
164.04199845
 30
0.0
 10
-6197.94424169
 20
164.04199845
 30
0.0
  0
LWPOLYLINE
  5
58F
  8
0
 62
0
370
-1
  6
BYLAYER
100
AcDbEntity
100
AcDbPolyline
 90
2
 70
0
 43
0.03
 10
-6197.94424169
 20
164.04199845
 30
0.0
 10
-6170.6039112
 20
164.04199845
 30
0.0
  0
LWPOLYLINE
  5
590
  8
0
 62
0
370
-1
  6
BYLAYER
100
AcDbEntity
100
AcDbPolyline
 90
2
 70
0
 43
0.03
 10
-6170.6039112
 20
164.04199845
 30
0.0
 10
-6143.26358199
 20
164.04199845
 30
0.0
  0
LWPOLYLINE
  5
591
  8
0
 62
0
370
-1
  6
BYLAYER
100
AcDbEntity
100
AcDbPolyline
 90
2
 70
0
 43
0.03
 10
-6143.26358199
 20
164.04199845
 30
0.0
 10
-6115.9232543
 20
164.04199845
 30
0.0
  0
LWPOLYLINE
  5
592
  8
0
 62
0
370
-1
  6
BYLAYER
100
AcDbEntity
100
AcDbPolyline
 90
2
 70
0
 43
0.03
 10
-6115.9232543
 20
164.04199845
 30
0.0
 10
-6088.5829284
 20
164.04199845
 30
0.0
  0
LWPOLYLINE
  5
593
  8
0
 62
0
370
-1
  6
BYLAYER
100
AcDbEntity
100
AcDbPolyline
 90
2
 70
0
 43
0.03
 10
-6088.5829284
 20
164.04199845
 30
0.0
 10
-6088.5829284
 20
136.70166694
 30
0.0
  0
LWPOLYLINE
  5
594
  8
0
 62
0
370
-1
  6
BYLAYER
100
AcDbEntity
100
AcDbPolyline
 90
2
 70
0
 43
0.03
 10
-6088.5829284
 20
136.70166694
 30
0.0
 10
-6088.5829284
 20
109.36133467
 30
0.0
  0
LWPOLYLINE
  5
595
  8
0
 62
0
370
-1
  6
BYLAYER
100
AcDbEntity
100
AcDbPolyline
 90
2
 70
0
 43
0.03
 10
-6088.5829284
 20
109.36133467
 30
0.0
 10
-6088.5829284
 20
82.0210019
 30
0.0
  0
LWPOLYLINE
  5
596
  8
0
 62
0
370
-1
  6
BYLAYER
100
AcDbEntity
100
AcDbPolyline
 90
2
 70
0
 43
0.03
 10
-6088.5829284
 20
82.0210019
 30
0.0
 10
-6088.5829284
 20
54.68066886
 30
0.0
  0
LWPOLYLINE
  5
597
  8
0
 62
0
370
-1
  6
BYLAYER
100
AcDbEntity
100
AcDbPolyline
 90
2
 70
0
 43
0.03
 10
-6088.5829284
 20
54.68066886
 30
0.0
 10
-6088.5829284
 20
27.34033583
 30
0.0
  0
LWPOLYLINE
  5
598
  8
0
 62
0
370
-1
  6
BYLAYER
100
AcDbEntity
100
AcDbPolyline
 90
2
 70
0
 43
0.03
 10
-6088.5829284
 20
27.34033583
 30
0.0
 10
-6088.5829284
 20
0.00000306
 30
0.0
  0
LWPOLYLINE
  5
599
  8
0
 62
0
370
-1
  6
BYLAYER
100
AcDbEntity
100
AcDbPolyline
 90
2
 70
0
 43
0.03
 10
-6088.5829284
 20
0.00000306
 30
0.0
 10
-6088.5829284
 20
-27.34032921
 30
0.0
  0
LWPOLYLINE
  5
59A
  8
0
 62
0
370
-1
  6
BYLAYER
100
AcDbEntity
100
AcDbPolyline
 90
2
 70
0
 43
0.03
 10
-6088.5829284
 20
-27.34032921
 30
0.0
 10
-6088.5829284
 20
-54.68066072
 30
0.0
  0
LWPOLYLINE
  5
59B
  8
0
 62
0
370
-1
  6
BYLAYER
100
AcDbEntity
100
AcDbPolyline
 90
2
 70
0
 43
0.03
 10
-6088.5829284
 20
-54.68066072
 30
0.0
 10
-6088.5829284
 20
-82.0209912
 30
0.0
  0
LWPOLYLINE
  5
59C
  8
0
 62
0
370
-1
  6
BYLAYER
100
AcDbEntity
100
AcDbPolyline
 90
2
 70
0
 43
0.03
 10
-6088.5829284
 20
-82.0209912
 30
0.0
 10
-6088.5829284
 20
-109.36132042
 30
0.0
  0
LWPOLYLINE
  5
59D
  8
0
 62
0
370
-1
  6
BYLAYER
100
AcDbEntity
100
AcDbPolyline
 90
2
 70
0
 43
0.03
 10
-6088.5829284
 20
-109.36132042
 30
0.0
 10
-6088.5829284
 20
-136.7016481
 30
0.0
  0
LWPOLYLINE
  5
59E
  8
0
 62
0
370
-1
  6
BYLAYER
100
AcDbEntity
100
AcDbPolyline
 90
2
 70
0
 43
0.03
 10
-6088.5829284
 20
-136.7016481
 30
0.0
 10
-6088.5829284
 20
-164.041974
 30
0.0
  0
LWPOLYLINE
  5
59F
  8
0
 62
0
370
-1
  6
BYLAYER
100
AcDbEntity
100
AcDbPolyline
 90
2
 70
0
 43
0.03
 10
-6088.5829284
 20
-164.041974
 30
0.0
 10
-6115.9232543
 20
-164.041974
 30
0.0
  0
LWPOLYLINE
  5
5A0
  8
0
 62
0
370
-1
  6
BYLAYER
100
AcDbEntity
100
AcDbPolyline
 90
2
 70
0
 43
0.03
 10
-6115.9232543
 20
-164.041974
 30
0.0
 10
-6143.26358199
 20
-164.041974
 30
0.0
  0
LWPOLYLINE
  5
5A1
  8
0
 62
0
370
-1
  6
BYLAYER
100
AcDbEntity
100
AcDbPolyline
 90
2
 70
0
 43
0.03
 10
-6143.26358199
 20
-164.041974
 30
0.0
 10
-6170.6039112
 20
-164.041974
 30
0.0
  0
LWPOLYLINE
  5
5A2
  8
0
 62
0
370
-1
  6
BYLAYER
100
AcDbEntity
100
AcDbPolyline
 90
2
 70
0
 43
0.03
 10
-6170.6039112
 20
-164.041974
 30
0.0
 10
-6197.94424169
 20
-164.041974
 30
0.0
  0
LWPOLYLINE
  5
5A3
  8
0
 62
0
370
-1
  6
BYLAYER
100
AcDbEntity
100
AcDbPolyline
 90
2
 70
0
 43
0.03
 10
-6197.94424169
 20
-164.041974
 30
0.0
 10
-6225.28457319
 20
-164.041974
 30
0.0
  0
LWPOLYLINE
  5
5A4
  8
0
 62
0
370
-1
  6
BYLAYER
100
AcDbEntity
100
AcDbPolyline
 90
2
 70
0
 43
0.03
 10
-6225.28457319
 20
-164.041974
 30
0.0
 10
-6252.62490546
 20
-164.041974
 30
0.0
  0
LWPOLYLINE
  5
5A5
  8
0
 62
0
370
-1
  6
BYLAYER
100
AcDbEntity
100
AcDbPolyline
 90
2
 70
0
 43
0.03
 10
-6252.62490546
 20
-164.041974
 30
0.0
 10
-6279.96523824
 20
-164.041974
 30
0.0
  0
LWPOLYLINE
  5
5A6
  8
0
 62
0
370
-1
  6
BYLAYER
100
AcDbEntity
100
AcDbPolyline
 90
2
 70
0
 43
0.03
 10
-6279.96523824
 20
-164.041974
 30
0.0
 10
-6307.30557127
 20
-164.041974
 30
0.0
  0
LWPOLYLINE
  5
5A7
  8
0
 62
0
370
-1
  6
BYLAYER
100
AcDbEntity
100
AcDbPolyline
 90
2
 70
0
 43
0.03
 10
-6307.30557127
 20
-164.041974
 30
0.0
 10
-6334.6459043
 20
-164.041974
 30
0.0
  0
LWPOLYLINE
  5
5A8
  8
0
 62
0
370
-1
  6
BYLAYER
100
AcDbEntity
100
AcDbPolyline
 90
2
 70
0
 43
0.03
 10
-6334.6459043
 20
-164.041974
 30
0.0
 10
-6361.98623708
 20
-164.041974
 30
0.0
  0
LWPOLYLINE
  5
5A9
  8
0
 62
0
370
-1
  6
BYLAYER
100
AcDbEntity
100
AcDbPolyline
 90
2
 70
0
 43
0.03
 10
-6361.98623708
 20
-164.041974
 30
0.0
 10
-6389.32656935
 20
-164.041974
 30
0.0
  0
LWPOLYLINE
  5
5AA
  8
0
 62
0
370
-1
  6
BYLAYER
100
AcDbEntity
100
AcDbPolyline
 90
2
 70
0
 43
0.03
 10
-6389.32656935
 20
-164.041974
 30
0.0
 10
-6416.66690085
 20
-164.041974
 30
0.0
  0
LWPOLYLINE
  5
5AB
  8
0
 62
0
370
-1
  6
BYLAYER
100
AcDbEntity
100
AcDbPolyline
 90
2
 70
0
 43
0.03
 10
-6416.66690085
 20
-164.041974
 30
0.0
 10
-6416.66690085
 20
-136.7016481
 30
0.0
  0
LWPOLYLINE
  5
5AC
  8
0
 62
0
370
-1
  6
BYLAYER
100
AcDbEntity
100
AcDbPolyline
 90
2
 70
0
 43
0.03
 10
-6416.66690085
 20
-136.7016481
 30
0.0
 10
-6416.66690085
 20
-109.36132042
 30
0.0
  0
LWPOLYLINE
  5
5AD
  8
0
 62
0
370
-1
  6
BYLAYER
100
AcDbEntity
100
AcDbPolyline
 90
2
 70
0
 43
0.03
 10
-6416.66690085
 20
-109.36132042
 30
0.0
 10
-6416.66690085
 20
-82.0209912
 30
0.0
  0
LWPOLYLINE
  5
5AE
  8
0
 62
0
370
-1
  6
BYLAYER
100
AcDbEntity
100
AcDbPolyline
 90
2
 70
0
 43
0.03
 10
-6416.66690085
 20
-82.0209912
 30
0.0
 10
-6416.66690085
 20
-54.68066072
 30
0.0
  0
LWPOLYLINE
  5
5AF
  8
0
 62
0
370
-1
  6
BYLAYER
100
AcDbEntity
100
AcDbPolyline
 90
2
 70
0
 43
0.03
 10
-6416.66690085
 20
-54.68066072
 30
0.0
 10
-6416.66690085
 20
-27.34032921
 30
0.0
  0
LWPOLYLINE
  5
5B0
  8
0
 62
0
370
-1
  6
BYLAYER
100
AcDbEntity
100
AcDbPolyline
 90
2
 70
0
 43
0.03
 10
-6416.66690085
 20
-27.34032921
 30
0.0
 10
-6416.66690085
 20
0.00000306
 30
0.0
  0
LWPOLYLINE
  5
5B1
  8
0
 62
0
370
-1
  6
BYLAYER
100
AcDbEntity
100
AcDbPolyline
 90
2
 70
0
 43
0.03
 10
-6416.66690085
 20
0.00000306
 30
0.0
 10
-6416.66690085
 20
27.34033583
 30
0.0
  0
LWPOLYLINE
  5
5B2
  8
0
 62
0
370
-1
  6
BYLAYER
100
AcDbEntity
100
AcDbPolyline
 90
2
 70
0
 43
0.03
 10
-6416.66690085
 20
27.34033583
 30
0.0
 10
-6416.66690085
 20
54.68066886
 30
0.0
  0
LWPOLYLINE
  5
5B3
  8
0
 62
0
370
-1
  6
BYLAYER
100
AcDbEntity
100
AcDbPolyline
 90
2
 70
0
 43
0.03
 10
-6416.66690085
 20
54.68066886
 30
0.0
 10
-6416.66690085
 20
82.0210019
 30
0.0
  0
LWPOLYLINE
  5
5B4
  8
0
 62
0
370
-1
  6
BYLAYER
100
AcDbEntity
100
AcDbPolyline
 90
2
 70
0
 43
0.03
 10
-6416.66690085
 20
82.0210019
 30
0.0
 10
-6416.66690085
 20
109.36133467
 30
0.0
  0
LWPOLYLINE
  5
5B5
  8
0
 62
0
370
-1
  6
BYLAYER
100
AcDbEntity
100
AcDbPolyline
 90
2
 70
0
 43
0.03
 10
-6416.66690085
 20
109.36133467
 30
0.0
 10
-6416.66690085
 20
136.70166694
 30
0.0
  0
LWPOLYLINE
  5
5B6
  8
0
 62
0
370
-1
  6
BYLAYER
100
AcDbEntity
100
AcDbPolyline
 90
2
 70
0
 43
0.03
 10
-6416.66690085
 20
136.70166694
 30
0.0
 10
-6416.66690085
 20
164.04199845
 30
0.0
  0
LWPOLYLINE
  5
5B7
  8
0
 62
0
370
-1
  6
BYLAYER
100
AcDbEntity
100
AcDbPolyline
 90
2
 70
0
 43
0.03
 10
-6416.66690085
 20
164.04199845
 30
0.0
 10
-6416.66690085
 20
164.04199845
 30
0.0
  0
LWPOLYLINE
  5
5B8
  8
0
 62
0
370
-1
  6
BYLAYER
100
AcDbEntity
100
AcDbPolyline
 90
2
 70
0
 43
0.03
 10
-6416.66690085
 20
164.04199845
 30
0.0
 10
-6416.66690085
 20
164.04199845
 30
0.0
  0
LWPOLYLINE
  5
5B9
  8
0
 62
0
370
-1
  6
BYLAYER
100
AcDbEntity
100
AcDbPolyline
 90
2
 70
0
 43
0.03
 10
-3502.92005347
 20
164.04199845
 30
0.0
 10
-3502.92005347
 20
164.04199845
 30
0.0
  0
LWPOLYLINE
  5
5BA
  8
0
 62
0
370
-1
  6
BYLAYER
100
AcDbEntity
100
AcDbPolyline
 90
2
 70
0
 43
0.03
 10
-3502.92005347
 20
164.04199845
 30
0.0
 10
-3475.63710069
 20
164.04199845
 30
0.0
  0
LWPOLYLINE
  5
5BB
  8
0
 62
0
370
-1
  6
BYLAYER
100
AcDbEntity
100
AcDbPolyline
 90
2
 70
0
 43
0.03
 10
-3475.63710069
 20
164.04199845
 30
0.0
 10
-3448.35416217
 20
164.04199845
 30
0.0
  0
LWPOLYLINE
  5
5BC
  8
0
 62
0
370
-1
  6
BYLAYER
100
AcDbEntity
100
AcDbPolyline
 90
2
 70
0
 43
0.03
 10
-3448.35416217
 20
164.04199845
 30
0.0
 10
-3421.07123587
 20
164.04199845
 30
0.0
  0
LWPOLYLINE
  5
5BD
  8
0
 62
0
370
-1
  6
BYLAYER
100
AcDbEntity
100
AcDbPolyline
 90
2
 70
0
 43
0.03
 10
-3421.07123587
 20
164.04199845
 30
0.0
 10
-3393.78831976
 20
164.04199845
 30
0.0
  0
LWPOLYLINE
  5
5BE
  8
0
 62
0
370
-1
  6
BYLAYER
100
AcDbEntity
100
AcDbPolyline
 90
2
 70
0
 43
0.03
 10
-3393.78831976
 20
164.04199845
 30
0.0
 10
-3366.50541179
 20
164.04199845
 30
0.0
  0
LWPOLYLINE
  5
5BF
  8
0
 62
0
370
-1
  6
BYLAYER
100
AcDbEntity
100
AcDbPolyline
 90
2
 70
0
 43
0.03
 10
-3366.50541179
 20
164.04199845
 30
0.0
 10
-3339.22250994
 20
164.04199845
 30
0.0
  0
LWPOLYLINE
  5
5C0
  8
0
 62
0
370
-1
  6
BYLAYER
100
AcDbEntity
100
AcDbPolyline
 90
2
 70
0
 43
0.03
 10
-3339.22250994
 20
164.04199845
 30
0.0
 10
-3311.93961216
 20
164.04199845
 30
0.0
  0
LWPOLYLINE
  5
5C1
  8
0
 62
0
370
-1
  6
BYLAYER
100
AcDbEntity
100
AcDbPolyline
 90
2
 70
0
 43
0.03
 10
-3311.93961216
 20
164.04199845
 30
0.0
 10
-3284.65671641
 20
164.04199845
 30
0.0
  0
LWPOLYLINE
  5
5C2
  8
0
 62
0
370
-1
  6
BYLAYER
100
AcDbEntity
100
AcDbPolyline
 90
2
 70
0
 43
0.03
 10
-3284.65671641
 20
164.04199845
 30
0.0
 10
-3257.37382067
 20
164.04199845
 30
0.0
  0
LWPOLYLINE
  5
5C3
  8
0
 62
0
370
-1
  6
BYLAYER
100
AcDbEntity
100
AcDbPolyline
 90
2
 70
0
 43
0.03
 10
-3257.37382067
 20
164.04199845
 30
0.0
 10
-3230.09092289
 20
164.04199845
 30
0.0
  0
LWPOLYLINE
  5
5C4
  8
0
 62
0
370
-1
  6
BYLAYER
100
AcDbEntity
100
AcDbPolyline
 90
2
 70
0
 43
0.03
 10
-3230.09092289
 20
164.04199845
 30
0.0
 10
-3202.80802103
 20
164.04199845
 30
0.0
  0
LWPOLYLINE
  5
5C5
  8
0
 62
0
370
-1
  6
BYLAYER
100
AcDbEntity
100
AcDbPolyline
 90
2
 70
0
 43
0.03
 10
-3202.80802103
 20
164.04199845
 30
0.0
 10
-3175.52511307
 20
164.04199845
 30
0.0
  0
LWPOLYLINE
  5
5C6
  8
0
 62
0
370
-1
  6
BYLAYER
100
AcDbEntity
100
AcDbPolyline
 90
2
 70
0
 43
0.03
 10
-3175.52511307
 20
164.04199845
 30
0.0
 10
-3175.52511307
 20
136.70166694
 30
0.0
  0
LWPOLYLINE
  5
5C7
  8
0
 62
0
370
-1
  6
BYLAYER
100
AcDbEntity
100
AcDbPolyline
 90
2
 70
0
 43
0.03
 10
-3175.52511307
 20
136.70166694
 30
0.0
 10
-3175.52511307
 20
109.36133467
 30
0.0
  0
LWPOLYLINE
  5
5C8
  8
0
 62
0
370
-1
  6
BYLAYER
100
AcDbEntity
100
AcDbPolyline
 90
2
 70
0
 43
0.03
 10
-3175.52511307
 20
109.36133467
 30
0.0
 10
-3175.52511307
 20
82.0210019
 30
0.0
  0
LWPOLYLINE
  5
5C9
  8
0
 62
0
370
-1
  6
BYLAYER
100
AcDbEntity
100
AcDbPolyline
 90
2
 70
0
 43
0.03
 10
-3175.52511307
 20
82.0210019
 30
0.0
 10
-3175.52511307
 20
54.68066886
 30
0.0
  0
LWPOLYLINE
  5
5CA
  8
0
 62
0
370
-1
  6
BYLAYER
100
AcDbEntity
100
AcDbPolyline
 90
2
 70
0
 43
0.03
 10
-3175.52511307
 20
54.68066886
 30
0.0
 10
-3175.52511307
 20
27.34033583
 30
0.0
  0
LWPOLYLINE
  5
5CB
  8
0
 62
0
370
-1
  6
BYLAYER
100
AcDbEntity
100
AcDbPolyline
 90
2
 70
0
 43
0.03
 10
-3175.52511307
 20
27.34033583
 30
0.0
 10
-3175.52511307
 20
0.00000306
 30
0.0
  0
LWPOLYLINE
  5
5CC
  8
0
 62
0
370
-1
  6
BYLAYER
100
AcDbEntity
100
AcDbPolyline
 90
2
 70
0
 43
0.03
 10
-3175.52511307
 20
0.00000306
 30
0.0
 10
-3175.52511307
 20
-27.34032921
 30
0.0
  0
LWPOLYLINE
  5
5CD
  8
0
 62
0
370
-1
  6
BYLAYER
100
AcDbEntity
100
AcDbPolyline
 90
2
 70
0
 43
0.03
 10
-3175.52511307
 20
-27.34032921
 30
0.0
 10
-3175.52511307
 20
-54.68066072
 30
0.0
  0
LWPOLYLINE
  5
5CE
  8
0
 62
0
370
-1
  6
BYLAYER
100
AcDbEntity
100
AcDbPolyline
 90
2
 70
0
 43
0.03
 10
-3175.52511307
 20
-54.68066072
 30
0.0
 10
-3175.52511307
 20
-82.0209912
 30
0.0
  0
LWPOLYLINE
  5
5CF
  8
0
 62
0
370
-1
  6
BYLAYER
100
AcDbEntity
100
AcDbPolyline
 90
2
 70
0
 43
0.03
 10
-3175.52511307
 20
-82.0209912
 30
0.0
 10
-3175.52511307
 20
-109.36132042
 30
0.0
  0
LWPOLYLINE
  5
5D0
  8
0
 62
0
370
-1
  6
BYLAYER
100
AcDbEntity
100
AcDbPolyline
 90
2
 70
0
 43
0.03
 10
-3175.52511307
 20
-109.36132042
 30
0.0
 10
-3175.52511307
 20
-136.7016481
 30
0.0
  0
LWPOLYLINE
  5
5D1
  8
0
 62
0
370
-1
  6
BYLAYER
100
AcDbEntity
100
AcDbPolyline
 90
2
 70
0
 43
0.03
 10
-3175.52511307
 20
-136.7016481
 30
0.0
 10
-3175.52511307
 20
-164.041974
 30
0.0
  0
LWPOLYLINE
  5
5D2
  8
0
 62
0
370
-1
  6
BYLAYER
100
AcDbEntity
100
AcDbPolyline
 90
2
 70
0
 43
0.03
 10
-3175.52511307
 20
-164.041974
 30
0.0
 10
-3202.80802103
 20
-164.041974
 30
0.0
  0
LWPOLYLINE
  5
5D3
  8
0
 62
0
370
-1
  6
BYLAYER
100
AcDbEntity
100
AcDbPolyline
 90
2
 70
0
 43
0.03
 10
-3202.80802103
 20
-164.041974
 30
0.0
 10
-3230.09092289
 20
-164.041974
 30
0.0
  0
LWPOLYLINE
  5
5D4
  8
0
 62
0
370
-1
  6
BYLAYER
100
AcDbEntity
100
AcDbPolyline
 90
2
 70
0
 43
0.03
 10
-3230.09092289
 20
-164.041974
 30
0.0
 10
-3257.37382067
 20
-164.041974
 30
0.0
  0
LWPOLYLINE
  5
5D5
  8
0
 62
0
370
-1
  6
BYLAYER
100
AcDbEntity
100
AcDbPolyline
 90
2
 70
0
 43
0.03
 10
-3257.37382067
 20
-164.041974
 30
0.0
 10
-3284.65671641
 20
-164.041974
 30
0.0
  0
LWPOLYLINE
  5
5D6
  8
0
 62
0
370
-1
  6
BYLAYER
100
AcDbEntity
100
AcDbPolyline
 90
2
 70
0
 43
0.03
 10
-3284.65671641
 20
-164.041974
 30
0.0
 10
-3311.93961216
 20
-164.041974
 30
0.0
  0
LWPOLYLINE
  5
5D7
  8
0
 62
0
370
-1
  6
BYLAYER
100
AcDbEntity
100
AcDbPolyline
 90
2
 70
0
 43
0.03
 10
-3311.93961216
 20
-164.041974
 30
0.0
 10
-3339.22250994
 20
-164.041974
 30
0.0
  0
LWPOLYLINE
  5
5D8
  8
0
 62
0
370
-1
  6
BYLAYER
100
AcDbEntity
100
AcDbPolyline
 90
2
 70
0
 43
0.03
 10
-3339.22250994
 20
-164.041974
 30
0.0
 10
-3366.50541179
 20
-164.041974
 30
0.0
  0
LWPOLYLINE
  5
5D9
  8
0
 62
0
370
-1
  6
BYLAYER
100
AcDbEntity
100
AcDbPolyline
 90
2
 70
0
 43
0.03
 10
-3366.50541179
 20
-164.041974
 30
0.0
 10
-3393.78831976
 20
-164.041974
 30
0.0
  0
LWPOLYLINE
  5
5DA
  8
0
 62
0
370
-1
  6
BYLAYER
100
AcDbEntity
100
AcDbPolyline
 90
2
 70
0
 43
0.03
 10
-3393.78831976
 20
-164.041974
 30
0.0
 10
-3421.07123587
 20
-164.041974
 30
0.0
  0
LWPOLYLINE
  5
5DB
  8
0
 62
0
370
-1
  6
BYLAYER
100
AcDbEntity
100
AcDbPolyline
 90
2
 70
0
 43
0.03
 10
-3421.07123587
 20
-164.041974
 30
0.0
 10
-3448.35416217
 20
-164.041974
 30
0.0
  0
LWPOLYLINE
  5
5DC
  8
0
 62
0
370
-1
  6
BYLAYER
100
AcDbEntity
100
AcDbPolyline
 90
2
 70
0
 43
0.03
 10
-3448.35416217
 20
-164.041974
 30
0.0
 10
-3475.63710069
 20
-164.041974
 30
0.0
  0
LWPOLYLINE
  5
5DD
  8
0
 62
0
370
-1
  6
BYLAYER
100
AcDbEntity
100
AcDbPolyline
 90
2
 70
0
 43
0.03
 10
-3475.63710069
 20
-164.041974
 30
0.0
 10
-3502.92005347
 20
-164.041974
 30
0.0
  0
LWPOLYLINE
  5
5DE
  8
0
 62
0
370
-1
  6
BYLAYER
100
AcDbEntity
100
AcDbPolyline
 90
2
 70
0
 43
0.03
 10
-3502.92005347
 20
-164.041974
 30
0.0
 10
-3502.92005347
 20
-136.7016481
 30
0.0
  0
LWPOLYLINE
  5
5DF
  8
0
 62
0
370
-1
  6
BYLAYER
100
AcDbEntity
100
AcDbPolyline
 90
2
 70
0
 43
0.03
 10
-3502.92005347
 20
-136.7016481
 30
0.0
 10
-3502.92005347
 20
-109.36132042
 30
0.0
  0
LWPOLYLINE
  5
5E0
  8
0
 62
0
370
-1
  6
BYLAYER
100
AcDbEntity
100
AcDbPolyline
 90
2
 70
0
 43
0.03
 10
-3502.92005347
 20
-109.36132042
 30
0.0
 10
-3502.92005347
 20
-82.0209912
 30
0.0
  0
LWPOLYLINE
  5
5E1
  8
0
 62
0
370
-1
  6
BYLAYER
100
AcDbEntity
100
AcDbPolyline
 90
2
 70
0
 43
0.03
 10
-3502.92005347
 20
-82.0209912
 30
0.0
 10
-3502.92005347
 20
-54.68066072
 30
0.0
  0
LWPOLYLINE
  5
5E2
  8
0
 62
0
370
-1
  6
BYLAYER
100
AcDbEntity
100
AcDbPolyline
 90
2
 70
0
 43
0.03
 10
-3502.92005347
 20
-54.68066072
 30
0.0
 10
-3502.92005347
 20
-27.34032921
 30
0.0
  0
LWPOLYLINE
  5
5E3
  8
0
 62
0
370
-1
  6
BYLAYER
100
AcDbEntity
100
AcDbPolyline
 90
2
 70
0
 43
0.03
 10
-3502.92005347
 20
-27.34032921
 30
0.0
 10
-3502.92005347
 20
0.00000306
 30
0.0
  0
LWPOLYLINE
  5
5E4
  8
0
 62
0
370
-1
  6
BYLAYER
100
AcDbEntity
100
AcDbPolyline
 90
2
 70
0
 43
0.03
 10
-3502.92005347
 20
0.00000306
 30
0.0
 10
-3502.92005347
 20
27.34033583
 30
0.0
  0
LWPOLYLINE
  5
5E5
  8
0
 62
0
370
-1
  6
BYLAYER
100
AcDbEntity
100
AcDbPolyline
 90
2
 70
0
 43
0.03
 10
-3502.92005347
 20
27.34033583
 30
0.0
 10
-3502.92005347
 20
54.68066886
 30
0.0
  0
LWPOLYLINE
  5
5E6
  8
0
 62
0
370
-1
  6
BYLAYER
100
AcDbEntity
100
AcDbPolyline
 90
2
 70
0
 43
0.03
 10
-3502.92005347
 20
54.68066886
 30
0.0
 10
-3502.92005347
 20
82.0210019
 30
0.0
  0
LWPOLYLINE
  5
5E7
  8
0
 62
0
370
-1
  6
BYLAYER
100
AcDbEntity
100
AcDbPolyline
 90
2
 70
0
 43
0.03
 10
-3502.92005347
 20
82.0210019
 30
0.0
 10
-3502.92005347
 20
109.36133467
 30
0.0
  0
LWPOLYLINE
  5
5E8
  8
0
 62
0
370
-1
  6
BYLAYER
100
AcDbEntity
100
AcDbPolyline
 90
2
 70
0
 43
0.03
 10
-3502.92005347
 20
109.36133467
 30
0.0
 10
-3502.92005347
 20
136.70166694
 30
0.0
  0
LWPOLYLINE
  5
5E9
  8
0
 62
0
370
-1
  6
BYLAYER
100
AcDbEntity
100
AcDbPolyline
 90
2
 70
0
 43
0.03
 10
-3502.92005347
 20
136.70166694
 30
0.0
 10
-3502.92005347
 20
164.04199845
 30
0.0
  0
LWPOLYLINE
  5
5EA
  8
0
 62
0
370
-1
  6
BYLAYER
100
AcDbEntity
100
AcDbPolyline
 90
2
 70
0
 43
0.03
 10
-3502.92005347
 20
164.04199845
 30
0.0
 10
-3502.92005347
 20
164.04199845
 30
0.0
  0
LWPOLYLINE
  5
5EB
  8
0
 62
0
370
-1
  6
BYLAYER
100
AcDbEntity
100
AcDbPolyline
 90
2
 70
0
 43
0.03
 10
-3502.92005347
 20
164.04199845
 30
0.0
 10
-3502.92005347
 20
164.04199845
 30
0.0
  0
LWPOLYLINE
  5
5EC
  8
0
 62
0
370
-1
  6
BYLAYER
100
AcDbEntity
100
AcDbPolyline
 90
2
 70
0
 43
0.03
 10
-294.58676804
 20
164.04199845
 30
0.0
 10
-294.58676804
 20
164.04199845
 30
0.0
  0
LWPOLYLINE
  5
5ED
  8
0
 62
0
370
-1
  6
BYLAYER
100
AcDbEntity
100
AcDbPolyline
 90
2
 70
0
 43
0.03
 10
-294.58676804
 20
164.04199845
 30
0.0
 10
-267.30381526
 20
164.04199845
 30
0.0
  0
LWPOLYLINE
  5
5EE
  8
0
 62
0
370
-1
  6
BYLAYER
100
AcDbEntity
100
AcDbPolyline
 90
2
 70
0
 43
0.03
 10
-267.30381526
 20
164.04199845
 30
0.0
 10
-240.02087674
 20
164.04199845
 30
0.0
  0
LWPOLYLINE
  5
5EF
  8
0
 62
0
370
-1
  6
BYLAYER
100
AcDbEntity
100
AcDbPolyline
 90
2
 70
0
 43
0.03
 10
-240.02087674
 20
164.04199845
 30
0.0
 10
-212.73795045
 20
164.04199845
 30
0.0
  0
LWPOLYLINE
  5
5F0
  8
0
 62
0
370
-1
  6
BYLAYER
100
AcDbEntity
100
AcDbPolyline
 90
2
 70
0
 43
0.03
 10
-212.73795045
 20
164.04199845
 30
0.0
 10
-185.45503433
 20
164.04199845
 30
0.0
  0
LWPOLYLINE
  5
5F1
  8
0
 62
0
370
-1
  6
BYLAYER
100
AcDbEntity
100
AcDbPolyline
 90
2
 70
0
 43
0.03
 10
-185.45503433
 20
164.04199845
 30
0.0
 10
-158.17212637
 20
164.04199845
 30
0.0
  0
LWPOLYLINE
  5
5F2
  8
0
 62
0
370
-1
  6
BYLAYER
100
AcDbEntity
100
AcDbPolyline
 90
2
 70
0
 43
0.03
 10
-158.17212637
 20
164.04199845
 30
0.0
 10
-130.88922451
 20
164.04199845
 30
0.0
  0
LWPOLYLINE
  5
5F3
  8
0
 62
0
370
-1
  6
BYLAYER
100
AcDbEntity
100
AcDbPolyline
 90
2
 70
0
 43
0.03
 10
-130.88922451
 20
164.04199845
 30
0.0
 10
-103.60632673
 20
164.04199845
 30
0.0
  0
LWPOLYLINE
  5
5F4
  8
0
 62
0
370
-1
  6
BYLAYER
100
AcDbEntity
100
AcDbPolyline
 90
2
 70
0
 43
0.03
 10
-103.60632673
 20
164.04199845
 30
0.0
 10
-76.32343099
 20
164.04199845
 30
0.0
  0
LWPOLYLINE
  5
5F5
  8
0
 62
0
370
-1
  6
BYLAYER
100
AcDbEntity
100
AcDbPolyline
 90
2
 70
0
 43
0.03
 10
-76.32343099
 20
164.04199845
 30
0.0
 10
-49.04053524
 20
164.04199845
 30
0.0
  0
LWPOLYLINE
  5
5F6
  8
0
 62
0
370
-1
  6
BYLAYER
100
AcDbEntity
100
AcDbPolyline
 90
2
 70
0
 43
0.03
 10
-49.04053524
 20
164.04199845
 30
0.0
 10
-21.75763746
 20
164.04199845
 30
0.0
  0
LWPOLYLINE
  5
5F7
  8
0
 62
0
370
-1
  6
BYLAYER
100
AcDbEntity
100
AcDbPolyline
 90
2
 70
0
 43
0.03
 10
-21.75763746
 20
164.04199845
 30
0.0
 10
5.52526439
 20
164.04199845
 30
0.0
  0
LWPOLYLINE
  5
5F8
  8
0
 62
0
370
-1
  6
BYLAYER
100
AcDbEntity
100
AcDbPolyline
 90
2
 70
0
 43
0.03
 10
5.52526439
 20
164.04199845
 30
0.0
 10
32.80817236
 20
164.04199845
 30
0.0
  0
LWPOLYLINE
  5
5F9
  8
0
 62
0
370
-1
  6
BYLAYER
100
AcDbEntity
100
AcDbPolyline
 90
2
 70
0
 43
0.03
 10
32.80817236
 20
164.04199845
 30
0.0
 10
32.80817236
 20
136.70166694
 30
0.0
  0
LWPOLYLINE
  5
5FA
  8
0
 62
0
370
-1
  6
BYLAYER
100
AcDbEntity
100
AcDbPolyline
 90
2
 70
0
 43
0.03
 10
32.80817236
 20
136.70166694
 30
0.0
 10
32.80817236
 20
109.36133467
 30
0.0
  0
LWPOLYLINE
  5
5FB
  8
0
 62
0
370
-1
  6
BYLAYER
100
AcDbEntity
100
AcDbPolyline
 90
2
 70
0
 43
0.03
 10
32.80817236
 20
109.36133467
 30
0.0
 10
32.80817236
 20
82.0210019
 30
0.0
  0
LWPOLYLINE
  5
5FC
  8
0
 62
0
370
-1
  6
BYLAYER
100
AcDbEntity
100
AcDbPolyline
 90
2
 70
0
 43
0.03
 10
32.80817236
 20
82.0210019
 30
0.0
 10
32.80817236
 20
54.68066886
 30
0.0
  0
LWPOLYLINE
  5
5FD
  8
0
 62
0
370
-1
  6
BYLAYER
100
AcDbEntity
100
AcDbPolyline
 90
2
 70
0
 43
0.03
 10
32.80817236
 20
54.68066886
 30
0.0
 10
32.80817236
 20
27.34033583
 30
0.0
  0
LWPOLYLINE
  5
5FE
  8
0
 62
0
370
-1
  6
BYLAYER
100
AcDbEntity
100
AcDbPolyline
 90
2
 70
0
 43
0.03
 10
32.80817236
 20
27.34033583
 30
0.0
 10
32.80817236
 20
0.00000306
 30
0.0
  0
LWPOLYLINE
  5
5FF
  8
0
 62
0
370
-1
  6
BYLAYER
100
AcDbEntity
100
AcDbPolyline
 90
2
 70
0
 43
0.03
 10
32.80817236
 20
0.00000306
 30
0.0
 10
32.80817236
 20
-27.34032921
 30
0.0
  0
LWPOLYLINE
  5
600
  8
0
 62
0
370
-1
  6
BYLAYER
100
AcDbEntity
100
AcDbPolyline
 90
2
 70
0
 43
0.03
 10
32.80817236
 20
-27.34032921
 30
0.0
 10
32.80817236
 20
-54.68066072
 30
0.0
  0
LWPOLYLINE
  5
601
  8
0
 62
0
370
-1
  6
BYLAYER
100
AcDbEntity
100
AcDbPolyline
 90
2
 70
0
 43
0.03
 10
32.80817236
 20
-54.68066072
 30
0.0
 10
32.80817236
 20
-82.0209912
 30
0.0
  0
LWPOLYLINE
  5
602
  8
0
 62
0
370
-1
  6
BYLAYER
100
AcDbEntity
100
AcDbPolyline
 90
2
 70
0
 43
0.03
 10
32.80817236
 20
-82.0209912
 30
0.0
 10
32.80817236
 20
-109.36132042
 30
0.0
  0
LWPOLYLINE
  5
603
  8
0
 62
0
370
-1
  6
BYLAYER
100
AcDbEntity
100
AcDbPolyline
 90
2
 70
0
 43
0.03
 10
32.80817236
 20
-109.36132042
 30
0.0
 10
32.80817236
 20
-136.7016481
 30
0.0
  0
LWPOLYLINE
  5
604
  8
0
 62
0
370
-1
  6
BYLAYER
100
AcDbEntity
100
AcDbPolyline
 90
2
 70
0
 43
0.03
 10
32.80817236
 20
-136.7016481
 30
0.0
 10
32.80817236
 20
-164.041974
 30
0.0
  0
LWPOLYLINE
  5
605
  8
0
 62
0
370
-1
  6
BYLAYER
100
AcDbEntity
100
AcDbPolyline
 90
2
 70
0
 43
0.03
 10
32.80817236
 20
-164.041974
 30
0.0
 10
5.52526439
 20
-164.041974
 30
0.0
  0
LWPOLYLINE
  5
606
  8
0
 62
0
370
-1
  6
BYLAYER
100
AcDbEntity
100
AcDbPolyline
 90
2
 70
0
 43
0.03
 10
5.52526439
 20
-164.041974
 30
0.0
 10
-21.75763746
 20
-164.041974
 30
0.0
  0
LWPOLYLINE
  5
607
  8
0
 62
0
370
-1
  6
BYLAYER
100
AcDbEntity
100
AcDbPolyline
 90
2
 70
0
 43
0.03
 10
-21.75763746
 20
-164.041974
 30
0.0
 10
-49.04053524
 20
-164.041974
 30
0.0
  0
LWPOLYLINE
  5
608
  8
0
 62
0
370
-1
  6
BYLAYER
100
AcDbEntity
100
AcDbPolyline
 90
2
 70
0
 43
0.03
 10
-49.04053524
 20
-164.041974
 30
0.0
 10
-76.32343099
 20
-164.041974
 30
0.0
  0
LWPOLYLINE
  5
609
  8
0
 62
0
370
-1
  6
BYLAYER
100
AcDbEntity
100
AcDbPolyline
 90
2
 70
0
 43
0.03
 10
-76.32343099
 20
-164.041974
 30
0.0
 10
-103.60632673
 20
-164.041974
 30
0.0
  0
LWPOLYLINE
  5
60A
  8
0
 62
0
370
-1
  6
BYLAYER
100
AcDbEntity
100
AcDbPolyline
 90
2
 70
0
 43
0.03
 10
-103.60632673
 20
-164.041974
 30
0.0
 10
-130.88922451
 20
-164.041974
 30
0.0
  0
LWPOLYLINE
  5
60B
  8
0
 62
0
370
-1
  6
BYLAYER
100
AcDbEntity
100
AcDbPolyline
 90
2
 70
0
 43
0.03
 10
-130.88922451
 20
-164.041974
 30
0.0
 10
-158.17212637
 20
-164.041974
 30
0.0
  0
LWPOLYLINE
  5
60C
  8
0
 62
0
370
-1
  6
BYLAYER
100
AcDbEntity
100
AcDbPolyline
 90
2
 70
0
 43
0.03
 10
-158.17212637
 20
-164.041974
 30
0.0
 10
-185.45503433
 20
-164.041974
 30
0.0
  0
LWPOLYLINE
  5
60D
  8
0
 62
0
370
-1
  6
BYLAYER
100
AcDbEntity
100
AcDbPolyline
 90
2
 70
0
 43
0.03
 10
-185.45503433
 20
-164.041974
 30
0.0
 10
-212.73795045
 20
-164.041974
 30
0.0
  0
LWPOLYLINE
  5
60E
  8
0
 62
0
370
-1
  6
BYLAYER
100
AcDbEntity
100
AcDbPolyline
 90
2
 70
0
 43
0.03
 10
-212.73795045
 20
-164.041974
 30
0.0
 10
-240.02087674
 20
-164.041974
 30
0.0
  0
LWPOLYLINE
  5
60F
  8
0
 62
0
370
-1
  6
BYLAYER
100
AcDbEntity
100
AcDbPolyline
 90
2
 70
0
 43
0.03
 10
-240.02087674
 20
-164.041974
 30
0.0
 10
-267.30381526
 20
-164.041974
 30
0.0
  0
LWPOLYLINE
  5
610
  8
0
 62
0
370
-1
  6
BYLAYER
100
AcDbEntity
100
AcDbPolyline
 90
2
 70
0
 43
0.03
 10
-267.30381526
 20
-164.041974
 30
0.0
 10
-294.58676804
 20
-164.041974
 30
0.0
  0
LWPOLYLINE
  5
611
  8
0
 62
0
370
-1
  6
BYLAYER
100
AcDbEntity
100
AcDbPolyline
 90
2
 70
0
 43
0.03
 10
-294.58676804
 20
-164.041974
 30
0.0
 10
-294.58676804
 20
-136.7016481
 30
0.0
  0
LWPOLYLINE
  5
612
  8
0
 62
0
370
-1
  6
BYLAYER
100
AcDbEntity
100
AcDbPolyline
 90
2
 70
0
 43
0.03
 10
-294.58676804
 20
-136.7016481
 30
0.0
 10
-294.58676804
 20
-109.36132042
 30
0.0
  0
LWPOLYLINE
  5
613
  8
0
 62
0
370
-1
  6
BYLAYER
100
AcDbEntity
100
AcDbPolyline
 90
2
 70
0
 43
0.03
 10
-294.58676804
 20
-109.36132042
 30
0.0
 10
-294.58676804
 20
-82.0209912
 30
0.0
  0
LWPOLYLINE
  5
614
  8
0
 62
0
370
-1
  6
BYLAYER
100
AcDbEntity
100
AcDbPolyline
 90
2
 70
0
 43
0.03
 10
-294.58676804
 20
-82.0209912
 30
0.0
 10
-294.58676804
 20
-54.68066072
 30
0.0
  0
LWPOLYLINE
  5
615
  8
0
 62
0
370
-1
  6
BYLAYER
100
AcDbEntity
100
AcDbPolyline
 90
2
 70
0
 43
0.03
 10
-294.58676804
 20
-54.68066072
 30
0.0
 10
-294.58676804
 20
-27.34032921
 30
0.0
  0
LWPOLYLINE
  5
616
  8
0
 62
0
370
-1
  6
BYLAYER
100
AcDbEntity
100
AcDbPolyline
 90
2
 70
0
 43
0.03
 10
-294.58676804
 20
-27.34032921
 30
0.0
 10
-294.58676804
 20
0.00000306
 30
0.0
  0
LWPOLYLINE
  5
617
  8
0
 62
0
370
-1
  6
BYLAYER
100
AcDbEntity
100
AcDbPolyline
 90
2
 70
0
 43
0.03
 10
-294.58676804
 20
0.00000306
 30
0.0
 10
-294.58676804
 20
27.34033583
 30
0.0
  0
LWPOLYLINE
  5
618
  8
0
 62
0
370
-1
  6
BYLAYER
100
AcDbEntity
100
AcDbPolyline
 90
2
 70
0
 43
0.03
 10
-294.58676804
 20
27.34033583
 30
0.0
 10
-294.58676804
 20
54.68066886
 30
0.0
  0
LWPOLYLINE
  5
619
  8
0
 62
0
370
-1
  6
BYLAYER
100
AcDbEntity
100
AcDbPolyline
 90
2
 70
0
 43
0.03
 10
-294.58676804
 20
54.68066886
 30
0.0
 10
-294.58676804
 20
82.0210019
 30
0.0
  0
LWPOLYLINE
  5
61A
  8
0
 62
0
370
-1
  6
BYLAYER
100
AcDbEntity
100
AcDbPolyline
 90
2
 70
0
 43
0.03
 10
-294.58676804
 20
82.0210019
 30
0.0
 10
-294.58676804
 20
109.36133467
 30
0.0
  0
LWPOLYLINE
  5
61B
  8
0
 62
0
370
-1
  6
BYLAYER
100
AcDbEntity
100
AcDbPolyline
 90
2
 70
0
 43
0.03
 10
-294.58676804
 20
109.36133467
 30
0.0
 10
-294.58676804
 20
136.70166694
 30
0.0
  0
LWPOLYLINE
  5
61C
  8
0
 62
0
370
-1
  6
BYLAYER
100
AcDbEntity
100
AcDbPolyline
 90
2
 70
0
 43
0.03
 10
-294.58676804
 20
136.70166694
 30
0.0
 10
-294.58676804
 20
164.04199845
 30
0.0
  0
LWPOLYLINE
  5
61D
  8
0
 62
0
370
-1
  6
BYLAYER
100
AcDbEntity
100
AcDbPolyline
 90
2
 70
0
 43
0.03
 10
-294.58676804
 20
164.04199845
 30
0.0
 10
-294.58676804
 20
164.04199845
 30
0.0
  0
LWPOLYLINE
  5
61E
  8
0
 62
0
370
-1
  6
BYLAYER
100
AcDbEntity
100
AcDbPolyline
 90
2
 70
0
 43
0.03
 10
-294.58676804
 20
164.04199845
 30
0.0
 10
-294.58676804
 20
164.04199845
 30
0.0
  0
LWPOLYLINE
  5
61F
  8
0
 62
0
370
-1
  6
BYLAYER
100
AcDbEntity
100
AcDbPolyline
 90
2
 70
0
 43
0.03
 10
2913.74648683
 20
164.04199845
 30
0.0
 10
2913.74648683
 20
164.04199845
 30
0.0
  0
LWPOLYLINE
  5
620
  8
0
 62
0
370
-1
  6
BYLAYER
100
AcDbEntity
100
AcDbPolyline
 90
2
 70
0
 43
0.03
 10
2913.74648683
 20
164.04199845
 30
0.0
 10
2941.02943961
 20
164.04199845
 30
0.0
  0
LWPOLYLINE
  5
621
  8
0
 62
0
370
-1
  6
BYLAYER
100
AcDbEntity
100
AcDbPolyline
 90
2
 70
0
 43
0.03
 10
2941.02943961
 20
164.04199845
 30
0.0
 10
2968.31237813
 20
164.04199845
 30
0.0
  0
LWPOLYLINE
  5
622
  8
0
 62
0
370
-1
  6
BYLAYER
100
AcDbEntity
100
AcDbPolyline
 90
2
 70
0
 43
0.03
 10
2968.31237813
 20
164.04199845
 30
0.0
 10
2995.59530443
 20
164.04199845
 30
0.0
  0
LWPOLYLINE
  5
623
  8
0
 62
0
370
-1
  6
BYLAYER
100
AcDbEntity
100
AcDbPolyline
 90
2
 70
0
 43
0.03
 10
2995.59530443
 20
164.04199845
 30
0.0
 10
3022.87822054
 20
164.04199845
 30
0.0
  0
LWPOLYLINE
  5
624
  8
0
 62
0
370
-1
  6
BYLAYER
100
AcDbEntity
100
AcDbPolyline
 90
2
 70
0
 43
0.03
 10
3022.87822054
 20
164.04199845
 30
0.0
 10
3050.16112851
 20
164.04199845
 30
0.0
  0
LWPOLYLINE
  5
625
  8
0
 62
0
370
-1
  6
BYLAYER
100
AcDbEntity
100
AcDbPolyline
 90
2
 70
0
 43
0.03
 10
3050.16112851
 20
164.04199845
 30
0.0
 10
3077.44403036
 20
164.04199845
 30
0.0
  0
LWPOLYLINE
  5
626
  8
0
 62
0
370
-1
  6
BYLAYER
100
AcDbEntity
100
AcDbPolyline
 90
2
 70
0
 43
0.03
 10
3077.44403036
 20
164.04199845
 30
0.0
 10
3104.72692814
 20
164.04199845
 30
0.0
  0
LWPOLYLINE
  5
627
  8
0
 62
0
370
-1
  6
BYLAYER
100
AcDbEntity
100
AcDbPolyline
 90
2
 70
0
 43
0.03
 10
3104.72692814
 20
164.04199845
 30
0.0
 10
3132.00982389
 20
164.04199845
 30
0.0
  0
LWPOLYLINE
  5
628
  8
0
 62
0
370
-1
  6
BYLAYER
100
AcDbEntity
100
AcDbPolyline
 90
2
 70
0
 43
0.03
 10
3132.00982389
 20
164.04199845
 30
0.0
 10
3159.29271963
 20
164.04199845
 30
0.0
  0
LWPOLYLINE
  5
629
  8
0
 62
0
370
-1
  6
BYLAYER
100
AcDbEntity
100
AcDbPolyline
 90
2
 70
0
 43
0.03
 10
3159.29271963
 20
164.04199845
 30
0.0
 10
3186.57561741
 20
164.04199845
 30
0.0
  0
LWPOLYLINE
  5
62A
  8
0
 62
0
370
-1
  6
BYLAYER
100
AcDbEntity
100
AcDbPolyline
 90
2
 70
0
 43
0.03
 10
3186.57561741
 20
164.04199845
 30
0.0
 10
3213.85851926
 20
164.04199845
 30
0.0
  0
LWPOLYLINE
  5
62B
  8
0
 62
0
370
-1
  6
BYLAYER
100
AcDbEntity
100
AcDbPolyline
 90
2
 70
0
 43
0.03
 10
3213.85851926
 20
164.04199845
 30
0.0
 10
3241.14142723
 20
164.04199845
 30
0.0
  0
LWPOLYLINE
  5
62C
  8
0
 62
0
370
-1
  6
BYLAYER
100
AcDbEntity
100
AcDbPolyline
 90
2
 70
0
 43
0.03
 10
3241.14142723
 20
164.04199845
 30
0.0
 10
3241.14142723
 20
136.70166694
 30
0.0
  0
LWPOLYLINE
  5
62D
  8
0
 62
0
370
-1
  6
BYLAYER
100
AcDbEntity
100
AcDbPolyline
 90
2
 70
0
 43
0.03
 10
3241.14142723
 20
136.70166694
 30
0.0
 10
3241.14142723
 20
109.36133467
 30
0.0
  0
LWPOLYLINE
  5
62E
  8
0
 62
0
370
-1
  6
BYLAYER
100
AcDbEntity
100
AcDbPolyline
 90
2
 70
0
 43
0.03
 10
3241.14142723
 20
109.36133467
 30
0.0
 10
3241.14142723
 20
82.0210019
 30
0.0
  0
LWPOLYLINE
  5
62F
  8
0
 62
0
370
-1
  6
BYLAYER
100
AcDbEntity
100
AcDbPolyline
 90
2
 70
0
 43
0.03
 10
3241.14142723
 20
82.0210019
 30
0.0
 10
3241.14142723
 20
54.68066886
 30
0.0
  0
LWPOLYLINE
  5
630
  8
0
 62
0
370
-1
  6
BYLAYER
100
AcDbEntity
100
AcDbPolyline
 90
2
 70
0
 43
0.03
 10
3241.14142723
 20
54.68066886
 30
0.0
 10
3241.14142723
 20
27.34033583
 30
0.0
  0
LWPOLYLINE
  5
631
  8
0
 62
0
370
-1
  6
BYLAYER
100
AcDbEntity
100
AcDbPolyline
 90
2
 70
0
 43
0.03
 10
3241.14142723
 20
27.34033583
 30
0.0
 10
3241.14142723
 20
0.00000306
 30
0.0
  0
LWPOLYLINE
  5
632
  8
0
 62
0
370
-1
  6
BYLAYER
100
AcDbEntity
100
AcDbPolyline
 90
2
 70
0
 43
0.03
 10
3241.14142723
 20
0.00000306
 30
0.0
 10
3241.14142723
 20
-27.34032921
 30
0.0
  0
LWPOLYLINE
  5
633
  8
0
 62
0
370
-1
  6
BYLAYER
100
AcDbEntity
100
AcDbPolyline
 90
2
 70
0
 43
0.03
 10
3241.14142723
 20
-27.34032921
 30
0.0
 10
3241.14142723
 20
-54.68066072
 30
0.0
  0
LWPOLYLINE
  5
634
  8
0
 62
0
370
-1
  6
BYLAYER
100
AcDbEntity
100
AcDbPolyline
 90
2
 70
0
 43
0.03
 10
3241.14142723
 20
-54.68066072
 30
0.0
 10
3241.14142723
 20
-82.0209912
 30
0.0
  0
LWPOLYLINE
  5
635
  8
0
 62
0
370
-1
  6
BYLAYER
100
AcDbEntity
100
AcDbPolyline
 90
2
 70
0
 43
0.03
 10
3241.14142723
 20
-82.0209912
 30
0.0
 10
3241.14142723
 20
-109.36132042
 30
0.0
  0
LWPOLYLINE
  5
636
  8
0
 62
0
370
-1
  6
BYLAYER
100
AcDbEntity
100
AcDbPolyline
 90
2
 70
0
 43
0.03
 10
3241.14142723
 20
-109.36132042
 30
0.0
 10
3241.14142723
 20
-136.7016481
 30
0.0
  0
LWPOLYLINE
  5
637
  8
0
 62
0
370
-1
  6
BYLAYER
100
AcDbEntity
100
AcDbPolyline
 90
2
 70
0
 43
0.03
 10
3241.14142723
 20
-136.7016481
 30
0.0
 10
3241.14142723
 20
-164.041974
 30
0.0
  0
LWPOLYLINE
  5
638
  8
0
 62
0
370
-1
  6
BYLAYER
100
AcDbEntity
100
AcDbPolyline
 90
2
 70
0
 43
0.03
 10
3241.14142723
 20
-164.041974
 30
0.0
 10
3213.85851926
 20
-164.041974
 30
0.0
  0
LWPOLYLINE
  5
639
  8
0
 62
0
370
-1
  6
BYLAYER
100
AcDbEntity
100
AcDbPolyline
 90
2
 70
0
 43
0.03
 10
3213.85851926
 20
-164.041974
 30
0.0
 10
3186.57561741
 20
-164.041974
 30
0.0
  0
LWPOLYLINE
  5
63A
  8
0
 62
0
370
-1
  6
BYLAYER
100
AcDbEntity
100
AcDbPolyline
 90
2
 70
0
 43
0.03
 10
3186.57561741
 20
-164.041974
 30
0.0
 10
3159.29271963
 20
-164.041974
 30
0.0
  0
LWPOLYLINE
  5
63B
  8
0
 62
0
370
-1
  6
BYLAYER
100
AcDbEntity
100
AcDbPolyline
 90
2
 70
0
 43
0.03
 10
3159.29271963
 20
-164.041974
 30
0.0
 10
3132.00982389
 20
-164.041974
 30
0.0
  0
LWPOLYLINE
  5
63C
  8
0
 62
0
370
-1
  6
BYLAYER
100
AcDbEntity
100
AcDbPolyline
 90
2
 70
0
 43
0.03
 10
3132.00982389
 20
-164.041974
 30
0.0
 10
3104.72692814
 20
-164.041974
 30
0.0
  0
LWPOLYLINE
  5
63D
  8
0
 62
0
370
-1
  6
BYLAYER
100
AcDbEntity
100
AcDbPolyline
 90
2
 70
0
 43
0.03
 10
3104.72692814
 20
-164.041974
 30
0.0
 10
3077.44403036
 20
-164.041974
 30
0.0
  0
LWPOLYLINE
  5
63E
  8
0
 62
0
370
-1
  6
BYLAYER
100
AcDbEntity
100
AcDbPolyline
 90
2
 70
0
 43
0.03
 10
3077.44403036
 20
-164.041974
 30
0.0
 10
3050.16112851
 20
-164.041974
 30
0.0
  0
LWPOLYLINE
  5
63F
  8
0
 62
0
370
-1
  6
BYLAYER
100
AcDbEntity
100
AcDbPolyline
 90
2
 70
0
 43
0.03
 10
3050.16112851
 20
-164.041974
 30
0.0
 10
3022.87822054
 20
-164.041974
 30
0.0
  0
LWPOLYLINE
  5
640
  8
0
 62
0
370
-1
  6
BYLAYER
100
AcDbEntity
100
AcDbPolyline
 90
2
 70
0
 43
0.03
 10
3022.87822054
 20
-164.041974
 30
0.0
 10
2995.59530443
 20
-164.041974
 30
0.0
  0
LWPOLYLINE
  5
641
  8
0
 62
0
370
-1
  6
BYLAYER
100
AcDbEntity
100
AcDbPolyline
 90
2
 70
0
 43
0.03
 10
2995.59530443
 20
-164.041974
 30
0.0
 10
2968.31237813
 20
-164.041974
 30
0.0
  0
LWPOLYLINE
  5
642
  8
0
 62
0
370
-1
  6
BYLAYER
100
AcDbEntity
100
AcDbPolyline
 90
2
 70
0
 43
0.03
 10
2968.31237813
 20
-164.041974
 30
0.0
 10
2941.02943961
 20
-164.041974
 30
0.0
  0
LWPOLYLINE
  5
643
  8
0
 62
0
370
-1
  6
BYLAYER
100
AcDbEntity
100
AcDbPolyline
 90
2
 70
0
 43
0.03
 10
2941.02943961
 20
-164.041974
 30
0.0
 10
2913.74648683
 20
-164.041974
 30
0.0
  0
LWPOLYLINE
  5
644
  8
0
 62
0
370
-1
  6
BYLAYER
100
AcDbEntity
100
AcDbPolyline
 90
2
 70
0
 43
0.03
 10
2913.74648683
 20
-164.041974
 30
0.0
 10
2913.74648683
 20
-136.7016481
 30
0.0
  0
LWPOLYLINE
  5
645
  8
0
 62
0
370
-1
  6
BYLAYER
100
AcDbEntity
100
AcDbPolyline
 90
2
 70
0
 43
0.03
 10
2913.74648683
 20
-136.7016481
 30
0.0
 10
2913.74648683
 20
-109.36132042
 30
0.0
  0
LWPOLYLINE
  5
646
  8
0
 62
0
370
-1
  6
BYLAYER
100
AcDbEntity
100
AcDbPolyline
 90
2
 70
0
 43
0.03
 10
2913.74648683
 20
-109.36132042
 30
0.0
 10
2913.74648683
 20
-82.0209912
 30
0.0
  0
LWPOLYLINE
  5
647
  8
0
 62
0
370
-1
  6
BYLAYER
100
AcDbEntity
100
AcDbPolyline
 90
2
 70
0
 43
0.03
 10
2913.74648683
 20
-82.0209912
 30
0.0
 10
2913.74648683
 20
-54.68066072
 30
0.0
  0
LWPOLYLINE
  5
648
  8
0
 62
0
370
-1
  6
BYLAYER
100
AcDbEntity
100
AcDbPolyline
 90
2
 70
0
 43
0.03
 10
2913.74648683
 20
-54.68066072
 30
0.0
 10
2913.74648683
 20
-27.34032921
 30
0.0
  0
LWPOLYLINE
  5
649
  8
0
 62
0
370
-1
  6
BYLAYER
100
AcDbEntity
100
AcDbPolyline
 90
2
 70
0
 43
0.03
 10
2913.74648683
 20
-27.34032921
 30
0.0
 10
2913.74648683
 20
0.00000306
 30
0.0
  0
LWPOLYLINE
  5
64A
  8
0
 62
0
370
-1
  6
BYLAYER
100
AcDbEntity
100
AcDbPolyline
 90
2
 70
0
 43
0.03
 10
2913.74648683
 20
0.00000306
 30
0.0
 10
2913.74648683
 20
27.34033583
 30
0.0
  0
LWPOLYLINE
  5
64B
  8
0
 62
0
370
-1
  6
BYLAYER
100
AcDbEntity
100
AcDbPolyline
 90
2
 70
0
 43
0.03
 10
2913.74648683
 20
27.34033583
 30
0.0
 10
2913.74648683
 20
54.68066886
 30
0.0
  0
LWPOLYLINE
  5
64C
  8
0
 62
0
370
-1
  6
BYLAYER
100
AcDbEntity
100
AcDbPolyline
 90
2
 70
0
 43
0.03
 10
2913.74648683
 20
54.68066886
 30
0.0
 10
2913.74648683
 20
82.0210019
 30
0.0
  0
LWPOLYLINE
  5
64D
  8
0
 62
0
370
-1
  6
BYLAYER
100
AcDbEntity
100
AcDbPolyline
 90
2
 70
0
 43
0.03
 10
2913.74648683
 20
82.0210019
 30
0.0
 10
2913.74648683
 20
109.36133467
 30
0.0
  0
LWPOLYLINE
  5
64E
  8
0
 62
0
370
-1
  6
BYLAYER
100
AcDbEntity
100
AcDbPolyline
 90
2
 70
0
 43
0.03
 10
2913.74648683
 20
109.36133467
 30
0.0
 10
2913.74648683
 20
136.70166694
 30
0.0
  0
LWPOLYLINE
  5
64F
  8
0
 62
0
370
-1
  6
BYLAYER
100
AcDbEntity
100
AcDbPolyline
 90
2
 70
0
 43
0.03
 10
2913.74648683
 20
136.70166694
 30
0.0
 10
2913.74648683
 20
164.04199845
 30
0.0
  0
LWPOLYLINE
  5
650
  8
0
 62
0
370
-1
  6
BYLAYER
100
AcDbEntity
100
AcDbPolyline
 90
2
 70
0
 43
0.03
 10
2913.74648683
 20
164.04199845
 30
0.0
 10
2913.74648683
 20
164.04199845
 30
0.0
  0
LWPOLYLINE
  5
651
  8
0
 62
0
370
-1
  6
BYLAYER
100
AcDbEntity
100
AcDbPolyline
 90
2
 70
0
 43
0.03
 10
2913.74648683
 20
164.04199845
 30
0.0
 10
2913.74648683
 20
164.04199845
 30
0.0
  0
LWPOLYLINE
  5
652
  8
0
 62
0
370
-1
  6
BYLAYER
100
AcDbEntity
100
AcDbPolyline
 90
2
 70
0
 43
0.03
 10
6122.08032836
 20
164.04199845
 30
0.0
 10
6122.08032836
 20
164.04199845
 30
0.0
  0
LWPOLYLINE
  5
653
  8
0
 62
0
370
-1
  6
BYLAYER
100
AcDbEntity
100
AcDbPolyline
 90
2
 70
0
 43
0.03
 10
6122.08032836
 20
164.04199845
 30
0.0
 10
6149.36328114
 20
164.04199845
 30
0.0
  0
LWPOLYLINE
  5
654
  8
0
 62
0
370
-1
  6
BYLAYER
100
AcDbEntity
100
AcDbPolyline
 90
2
 70
0
 43
0.03
 10
6149.36328114
 20
164.04199845
 30
0.0
 10
6176.64621966
 20
164.04199845
 30
0.0
  0
LWPOLYLINE
  5
655
  8
0
 62
0
370
-1
  6
BYLAYER
100
AcDbEntity
100
AcDbPolyline
 90
2
 70
0
 43
0.03
 10
6176.64621966
 20
164.04199845
 30
0.0
 10
6203.92914596
 20
164.04199845
 30
0.0
  0
LWPOLYLINE
  5
656
  8
0
 62
0
370
-1
  6
BYLAYER
100
AcDbEntity
100
AcDbPolyline
 90
2
 70
0
 43
0.03
 10
6203.92914596
 20
164.04199845
 30
0.0
 10
6231.21206207
 20
164.04199845
 30
0.0
  0
LWPOLYLINE
  5
657
  8
0
 62
0
370
-1
  6
BYLAYER
100
AcDbEntity
100
AcDbPolyline
 90
2
 70
0
 43
0.03
 10
6231.21206207
 20
164.04199845
 30
0.0
 10
6258.49497004
 20
164.04199845
 30
0.0
  0
LWPOLYLINE
  5
658
  8
0
 62
0
370
-1
  6
BYLAYER
100
AcDbEntity
100
AcDbPolyline
 90
2
 70
0
 43
0.03
 10
6258.49497004
 20
164.04199845
 30
0.0
 10
6285.77787189
 20
164.04199845
 30
0.0
  0
LWPOLYLINE
  5
659
  8
0
 62
0
370
-1
  6
BYLAYER
100
AcDbEntity
100
AcDbPolyline
 90
2
 70
0
 43
0.03
 10
6285.77787189
 20
164.04199845
 30
0.0
 10
6313.06076967
 20
164.04199845
 30
0.0
  0
LWPOLYLINE
  5
65A
  8
0
 62
0
370
-1
  6
BYLAYER
100
AcDbEntity
100
AcDbPolyline
 90
2
 70
0
 43
0.03
 10
6313.06076967
 20
164.04199845
 30
0.0
 10
6340.34366542
 20
164.04199845
 30
0.0
  0
LWPOLYLINE
  5
65B
  8
0
 62
0
370
-1
  6
BYLAYER
100
AcDbEntity
100
AcDbPolyline
 90
2
 70
0
 43
0.03
 10
6340.34366542
 20
164.04199845
 30
0.0
 10
6367.62656116
 20
164.04199845
 30
0.0
  0
LWPOLYLINE
  5
65C
  8
0
 62
0
370
-1
  6
BYLAYER
100
AcDbEntity
100
AcDbPolyline
 90
2
 70
0
 43
0.03
 10
6367.62656116
 20
164.04199845
 30
0.0
 10
6394.90945894
 20
164.04199845
 30
0.0
  0
LWPOLYLINE
  5
65D
  8
0
 62
0
370
-1
  6
BYLAYER
100
AcDbEntity
100
AcDbPolyline
 90
2
 70
0
 43
0.03
 10
6394.90945894
 20
164.04199845
 30
0.0
 10
6422.1923608
 20
164.04199845
 30
0.0
  0
LWPOLYLINE
  5
65E
  8
0
 62
0
370
-1
  6
BYLAYER
100
AcDbEntity
100
AcDbPolyline
 90
2
 70
0
 43
0.03
 10
6422.1923608
 20
164.04199845
 30
0.0
 10
6449.47526876
 20
164.04199845
 30
0.0
  0
LWPOLYLINE
  5
65F
  8
0
 62
0
370
-1
  6
BYLAYER
100
AcDbEntity
100
AcDbPolyline
 90
2
 70
0
 43
0.03
 10
6449.47526876
 20
164.04199845
 30
0.0
 10
6449.47526876
 20
136.70166694
 30
0.0
  0
LWPOLYLINE
  5
660
  8
0
 62
0
370
-1
  6
BYLAYER
100
AcDbEntity
100
AcDbPolyline
 90
2
 70
0
 43
0.03
 10
6449.47526876
 20
136.70166694
 30
0.0
 10
6449.47526876
 20
109.36133467
 30
0.0
  0
LWPOLYLINE
  5
661
  8
0
 62
0
370
-1
  6
BYLAYER
100
AcDbEntity
100
AcDbPolyline
 90
2
 70
0
 43
0.03
 10
6449.47526876
 20
109.36133467
 30
0.0
 10
6449.47526876
 20
82.0210019
 30
0.0
  0
LWPOLYLINE
  5
662
  8
0
 62
0
370
-1
  6
BYLAYER
100
AcDbEntity
100
AcDbPolyline
 90
2
 70
0
 43
0.03
 10
6449.47526876
 20
82.0210019
 30
0.0
 10
6449.47526876
 20
54.68066886
 30
0.0
  0
LWPOLYLINE
  5
663
  8
0
 62
0
370
-1
  6
BYLAYER
100
AcDbEntity
100
AcDbPolyline
 90
2
 70
0
 43
0.03
 10
6449.47526876
 20
54.68066886
 30
0.0
 10
6449.47526876
 20
27.34033583
 30
0.0
  0
LWPOLYLINE
  5
664
  8
0
 62
0
370
-1
  6
BYLAYER
100
AcDbEntity
100
AcDbPolyline
 90
2
 70
0
 43
0.03
 10
6449.47526876
 20
27.34033583
 30
0.0
 10
6449.47526876
 20
0.00000306
 30
0.0
  0
LWPOLYLINE
  5
665
  8
0
 62
0
370
-1
  6
BYLAYER
100
AcDbEntity
100
AcDbPolyline
 90
2
 70
0
 43
0.03
 10
6449.47526876
 20
0.00000306
 30
0.0
 10
6449.47526876
 20
-27.34032921
 30
0.0
  0
LWPOLYLINE
  5
666
  8
0
 62
0
370
-1
  6
BYLAYER
100
AcDbEntity
100
AcDbPolyline
 90
2
 70
0
 43
0.03
 10
6449.47526876
 20
-27.34032921
 30
0.0
 10
6449.47526876
 20
-54.68066072
 30
0.0
  0
LWPOLYLINE
  5
667
  8
0
 62
0
370
-1
  6
BYLAYER
100
AcDbEntity
100
AcDbPolyline
 90
2
 70
0
 43
0.03
 10
6449.47526876
 20
-54.68066072
 30
0.0
 10
6449.47526876
 20
-82.0209912
 30
0.0
  0
LWPOLYLINE
  5
668
  8
0
 62
0
370
-1
  6
BYLAYER
100
AcDbEntity
100
AcDbPolyline
 90
2
 70
0
 43
0.03
 10
6449.47526876
 20
-82.0209912
 30
0.0
 10
6449.47526876
 20
-109.36132042
 30
0.0
  0
LWPOLYLINE
  5
669
  8
0
 62
0
370
-1
  6
BYLAYER
100
AcDbEntity
100
AcDbPolyline
 90
2
 70
0
 43
0.03
 10
6449.47526876
 20
-109.36132042
 30
0.0
 10
6449.47526876
 20
-136.7016481
 30
0.0
  0
LWPOLYLINE
  5
66A
  8
0
 62
0
370
-1
  6
BYLAYER
100
AcDbEntity
100
AcDbPolyline
 90
2
 70
0
 43
0.03
 10
6449.47526876
 20
-136.7016481
 30
0.0
 10
6449.47526876
 20
-164.041974
 30
0.0
  0
LWPOLYLINE
  5
66B
  8
0
 62
0
370
-1
  6
BYLAYER
100
AcDbEntity
100
AcDbPolyline
 90
2
 70
0
 43
0.03
 10
6449.47526876
 20
-164.041974
 30
0.0
 10
6422.1923608
 20
-164.041974
 30
0.0
  0
LWPOLYLINE
  5
66C
  8
0
 62
0
370
-1
  6
BYLAYER
100
AcDbEntity
100
AcDbPolyline
 90
2
 70
0
 43
0.03
 10
6422.1923608
 20
-164.041974
 30
0.0
 10
6394.90945894
 20
-164.041974
 30
0.0
  0
LWPOLYLINE
  5
66D
  8
0
 62
0
370
-1
  6
BYLAYER
100
AcDbEntity
100
AcDbPolyline
 90
2
 70
0
 43
0.03
 10
6394.90945894
 20
-164.041974
 30
0.0
 10
6367.62656116
 20
-164.041974
 30
0.0
  0
LWPOLYLINE
  5
66E
  8
0
 62
0
370
-1
  6
BYLAYER
100
AcDbEntity
100
AcDbPolyline
 90
2
 70
0
 43
0.03
 10
6367.62656116
 20
-164.041974
 30
0.0
 10
6340.34366542
 20
-164.041974
 30
0.0
  0
LWPOLYLINE
  5
66F
  8
0
 62
0
370
-1
  6
BYLAYER
100
AcDbEntity
100
AcDbPolyline
 90
2
 70
0
 43
0.03
 10
6340.34366542
 20
-164.041974
 30
0.0
 10
6313.06076967
 20
-164.041974
 30
0.0
  0
LWPOLYLINE
  5
670
  8
0
 62
0
370
-1
  6
BYLAYER
100
AcDbEntity
100
AcDbPolyline
 90
2
 70
0
 43
0.03
 10
6313.06076967
 20
-164.041974
 30
0.0
 10
6285.77787189
 20
-164.041974
 30
0.0
  0
LWPOLYLINE
  5
671
  8
0
 62
0
370
-1
  6
BYLAYER
100
AcDbEntity
100
AcDbPolyline
 90
2
 70
0
 43
0.03
 10
6285.77787189
 20
-164.041974
 30
0.0
 10
6258.49497004
 20
-164.041974
 30
0.0
  0
LWPOLYLINE
  5
672
  8
0
 62
0
370
-1
  6
BYLAYER
100
AcDbEntity
100
AcDbPolyline
 90
2
 70
0
 43
0.03
 10
6258.49497004
 20
-164.041974
 30
0.0
 10
6231.21206207
 20
-164.041974
 30
0.0
  0
LWPOLYLINE
  5
673
  8
0
 62
0
370
-1
  6
BYLAYER
100
AcDbEntity
100
AcDbPolyline
 90
2
 70
0
 43
0.03
 10
6231.21206207
 20
-164.041974
 30
0.0
 10
6203.92914596
 20
-164.041974
 30
0.0
  0
LWPOLYLINE
  5
674
  8
0
 62
0
370
-1
  6
BYLAYER
100
AcDbEntity
100
AcDbPolyline
 90
2
 70
0
 43
0.03
 10
6203.92914596
 20
-164.041974
 30
0.0
 10
6176.64621966
 20
-164.041974
 30
0.0
  0
LWPOLYLINE
  5
675
  8
0
 62
0
370
-1
  6
BYLAYER
100
AcDbEntity
100
AcDbPolyline
 90
2
 70
0
 43
0.03
 10
6176.64621966
 20
-164.041974
 30
0.0
 10
6149.36328114
 20
-164.041974
 30
0.0
  0
LWPOLYLINE
  5
676
  8
0
 62
0
370
-1
  6
BYLAYER
100
AcDbEntity
100
AcDbPolyline
 90
2
 70
0
 43
0.03
 10
6149.36328114
 20
-164.041974
 30
0.0
 10
6122.08032836
 20
-164.041974
 30
0.0
  0
LWPOLYLINE
  5
677
  8
0
 62
0
370
-1
  6
BYLAYER
100
AcDbEntity
100
AcDbPolyline
 90
2
 70
0
 43
0.03
 10
6122.08032836
 20
-164.041974
 30
0.0
 10
6122.08032836
 20
-136.7016481
 30
0.0
  0
LWPOLYLINE
  5
678
  8
0
 62
0
370
-1
  6
BYLAYER
100
AcDbEntity
100
AcDbPolyline
 90
2
 70
0
 43
0.03
 10
6122.08032836
 20
-136.7016481
 30
0.0
 10
6122.08032836
 20
-109.36132042
 30
0.0
  0
LWPOLYLINE
  5
679
  8
0
 62
0
370
-1
  6
BYLAYER
100
AcDbEntity
100
AcDbPolyline
 90
2
 70
0
 43
0.03
 10
6122.08032836
 20
-109.36132042
 30
0.0
 10
6122.08032836
 20
-82.0209912
 30
0.0
  0
LWPOLYLINE
  5
67A
  8
0
 62
0
370
-1
  6
BYLAYER
100
AcDbEntity
100
AcDbPolyline
 90
2
 70
0
 43
0.03
 10
6122.08032836
 20
-82.0209912
 30
0.0
 10
6122.08032836
 20
-54.68066072
 30
0.0
  0
LWPOLYLINE
  5
67B
  8
0
 62
0
370
-1
  6
BYLAYER
100
AcDbEntity
100
AcDbPolyline
 90
2
 70
0
 43
0.03
 10
6122.08032836
 20
-54.68066072
 30
0.0
 10
6122.08032836
 20
-27.34032921
 30
0.0
  0
LWPOLYLINE
  5
67C
  8
0
 62
0
370
-1
  6
BYLAYER
100
AcDbEntity
100
AcDbPolyline
 90
2
 70
0
 43
0.03
 10
6122.08032836
 20
-27.34032921
 30
0.0
 10
6122.08032836
 20
0.00000306
 30
0.0
  0
LWPOLYLINE
  5
67D
  8
0
 62
0
370
-1
  6
BYLAYER
100
AcDbEntity
100
AcDbPolyline
 90
2
 70
0
 43
0.03
 10
6122.08032836
 20
0.00000306
 30
0.0
 10
6122.08032836
 20
27.34033583
 30
0.0
  0
LWPOLYLINE
  5
67E
  8
0
 62
0
370
-1
  6
BYLAYER
100
AcDbEntity
100
AcDbPolyline
 90
2
 70
0
 43
0.03
 10
6122.08032836
 20
27.34033583
 30
0.0
 10
6122.08032836
 20
54.68066886
 30
0.0
  0
LWPOLYLINE
  5
67F
  8
0
 62
0
370
-1
  6
BYLAYER
100
AcDbEntity
100
AcDbPolyline
 90
2
 70
0
 43
0.03
 10
6122.08032836
 20
54.68066886
 30
0.0
 10
6122.08032836
 20
82.0210019
 30
0.0
  0
LWPOLYLINE
  5
680
  8
0
 62
0
370
-1
  6
BYLAYER
100
AcDbEntity
100
AcDbPolyline
 90
2
 70
0
 43
0.03
 10
6122.08032836
 20
82.0210019
 30
0.0
 10
6122.08032836
 20
109.36133467
 30
0.0
  0
LWPOLYLINE
  5
681
  8
0
 62
0
370
-1
  6
BYLAYER
100
AcDbEntity
100
AcDbPolyline
 90
2
 70
0
 43
0.03
 10
6122.08032836
 20
109.36133467
 30
0.0
 10
6122.08032836
 20
136.70166694
 30
0.0
  0
LWPOLYLINE
  5
682
  8
0
 62
0
370
-1
  6
BYLAYER
100
AcDbEntity
100
AcDbPolyline
 90
2
 70
0
 43
0.03
 10
6122.08032836
 20
136.70166694
 30
0.0
 10
6122.08032836
 20
164.04199845
 30
0.0
  0
LWPOLYLINE
  5
683
  8
0
 62
0
370
-1
  6
BYLAYER
100
AcDbEntity
100
AcDbPolyline
 90
2
 70
0
 43
0.03
 10
6122.08032836
 20
164.04199845
 30
0.0
 10
6122.08032836
 20
164.04199845
 30
0.0
  0
LWPOLYLINE
  5
684
  8
0
 62
0
370
-1
  6
BYLAYER
100
AcDbEntity
100
AcDbPolyline
 90
2
 70
0
 43
0.03
 10
6122.08032836
 20
164.04199845
 30
0.0
 10
6122.08032836
 20
164.04199845
 30
0.0
  0
ENDBLK
  5
685
100
AcDbEntity
  8
0
100
AcDbBlockEnd
  0
BLOCK
  5
686
100
AcDbEntity
  8
0
100
AcDbBlockBegin
  2
W-1-1
 70
0
 10
0.0
 20
0.0
 30
0.0
  3
W-1-1
  1

  0
LWPOLYLINE
  5
687
  8
0
 62
0
370
-1
  6
BYLAYER
100
AcDbEntity
100
AcDbPolyline
 90
2
 70
0
 43
0.01
 10
-1312.33579202
 20
-0.00019555
 30
0.0
 10
-1312.33579202
 20
-0.00019555
 30
0.0
  0
LWPOLYLINE
  5
688
  8
0
 62
0
370
-1
  6
BYLAYER
100
AcDbEntity
100
AcDbPolyline
 90
2
 70
0
 43
0.01
 10
-1312.33579202
 20
-0.00019555
 30
0.0
 10
-1288.38642324
 20
-356.27128862
 30
0.0
  0
LWPOLYLINE
  5
689
  8
0
 62
0
370
-1
  6
BYLAYER
100
AcDbEntity
100
AcDbPolyline
 90
2
 70
0
 43
0.01
 10
-1288.38642324
 20
-356.27128862
 30
0.0
 10
-1218.61921924
 20
-697.93808861
 30
0.0
  0
LWPOLYLINE
  5
68A
  8
0
 62
0
370
-1
  6
BYLAYER
100
AcDbEntity
100
AcDbPolyline
 90
2
 70
0
 43
0.01
 10
-1218.61921924
 20
-697.93808861
 30
0.0
 10
-1106.15553351
 20
-1021.87924102
 30
0.0
  0
LWPOLYLINE
  5
68B
  8
0
 62
0
370
-1
  6
BYLAYER
100
AcDbEntity
100
AcDbPolyline
 90
2
 70
0
 43
0.01
 10
-1106.15553351
 20
-1021.87924102
 30
0.0
 10
-954.11671956
 20
-1324.97339131
 30
0.0
  0
LWPOLYLINE
  5
68C
  8
0
 62
0
370
-1
  6
BYLAYER
100
AcDbEntity
100
AcDbPolyline
 90
2
 70
0
 43
0.01
 10
-954.11671956
 20
-1324.97339131
 30
0.0
 10
-765.6241309
 20
-1604.09918497
 30
0.0
  0
LWPOLYLINE
  5
68D
  8
0
 62
0
370
-1
  6
BYLAYER
100
AcDbEntity
100
AcDbPolyline
 90
2
 70
0
 43
0.01
 10
-765.6241309
 20
-1604.09918497
 30
0.0
 10
-543.79912102
 20
-1856.13526748
 30
0.0
  0
LWPOLYLINE
  5
68E
  8
0
 62
0
370
-1
  6
BYLAYER
100
AcDbEntity
100
AcDbPolyline
 90
2
 70
0
 43
0.01
 10
-543.79912102
 20
-1856.13526748
 30
0.0
 10
-291.76304344
 20
-2077.96028432
 30
0.0
  0
LWPOLYLINE
  5
68F
  8
0
 62
0
370
-1
  6
BYLAYER
100
AcDbEntity
100
AcDbPolyline
 90
2
 70
0
 43
0.01
 10
-291.76304344
 20
-2077.96028432
 30
0.0
 10
-12.63725164
 20
-2266.45288096
 30
0.0
  0
LWPOLYLINE
  5
690
  8
0
 62
0
370
-1
  6
BYLAYER
100
AcDbEntity
100
AcDbPolyline
 90
2
 70
0
 43
0.01
 10
-12.63725164
 20
-2266.45288096
 30
0.0
 10
290.45690086
 20
-2418.49170288
 30
0.0
  0
LWPOLYLINE
  5
691
  8
0
 62
0
370
-1
  6
BYLAYER
100
AcDbEntity
100
AcDbPolyline
 90
2
 70
0
 43
0.01
 10
290.45690086
 20
-2418.49170288
 30
0.0
 10
614.39806057
 20
-2530.95539557
 30
0.0
  0
LWPOLYLINE
  5
692
  8
0
 62
0
370
-1
  6
BYLAYER
100
AcDbEntity
100
AcDbPolyline
 90
2
 70
0
 43
0.01
 10
614.39806057
 20
-2530.95539557
 30
0.0
 10
956.06487397
 20
-2600.7226045
 30
0.0
  0
LWPOLYLINE
  5
693
  8
0
 62
0
370
-1
  6
BYLAYER
100
AcDbEntity
100
AcDbPolyline
 90
2
 70
0
 43
0.01
 10
956.06487397
 20
-2600.7226045
 30
0.0
 10
1312.33598757
 20
-2624.67197515
 30
0.0
  0
LWPOLYLINE
  5
694
  8
0
 62
0
370
-1
  6
BYLAYER
100
AcDbEntity
100
AcDbPolyline
 90
2
 70
0
 43
0.01
 10
1312.33598757
 20
-2624.67197515
 30
0.0
 10
1312.33598757
 20
-2405.94932311
 30
0.0
  0
LWPOLYLINE
  5
695
  8
0
 62
0
370
-1
  6
BYLAYER
100
AcDbEntity
100
AcDbPolyline
 90
2
 70
0
 43
0.01
 10
1312.33598757
 20
-2405.94932311
 30
0.0
 10
1312.33598757
 20
-2187.22666497
 30
0.0
  0
LWPOLYLINE
  5
696
  8
0
 62
0
370
-1
  6
BYLAYER
100
AcDbEntity
100
AcDbPolyline
 90
2
 70
0
 43
0.01
 10
1312.33598757
 20
-2187.22666497
 30
0.0
 10
1312.33598757
 20
-1968.50400275
 30
0.0
  0
LWPOLYLINE
  5
697
  8
0
 62
0
370
-1
  6
BYLAYER
100
AcDbEntity
100
AcDbPolyline
 90
2
 70
0
 43
0.01
 10
1312.33598757
 20
-1968.50400275
 30
0.0
 10
1312.33598757
 20
-1749.78133849
 30
0.0
  0
LWPOLYLINE
  5
698
  8
0
 62
0
370
-1
  6
BYLAYER
100
AcDbEntity
100
AcDbPolyline
 90
2
 70
0
 43
0.01
 10
1312.33598757
 20
-1749.78133849
 30
0.0
 10
1312.33598757
 20
-1531.05867424
 30
0.0
  0
LWPOLYLINE
  5
699
  8
0
 62
0
370
-1
  6
BYLAYER
100
AcDbEntity
100
AcDbPolyline
 90
2
 70
0
 43
0.01
 10
1312.33598757
 20
-1531.05867424
 30
0.0
 10
1312.33598757
 20
-1312.33601202
 30
0.0
  0
LWPOLYLINE
  5
69A
  8
0
 62
0
370
-1
  6
BYLAYER
100
AcDbEntity
100
AcDbPolyline
 90
2
 70
0
 43
0.01
 10
1312.33598757
 20
-1312.33601202
 30
0.0
 10
1312.33598757
 20
-1093.61335387
 30
0.0
  0
LWPOLYLINE
  5
69B
  8
0
 62
0
370
-1
  6
BYLAYER
100
AcDbEntity
100
AcDbPolyline
 90
2
 70
0
 43
0.01
 10
1312.33598757
 20
-1093.61335387
 30
0.0
 10
1312.33598757
 20
-874.89070184
 30
0.0
  0
LWPOLYLINE
  5
69C
  8
0
 62
0
370
-1
  6
BYLAYER
100
AcDbEntity
100
AcDbPolyline
 90
2
 70
0
 43
0.01
 10
1312.33598757
 20
-874.89070184
 30
0.0
 10
1312.33598757
 20
-656.16805795
 30
0.0
  0
LWPOLYLINE
  5
69D
  8
0
 62
0
370
-1
  6
BYLAYER
100
AcDbEntity
100
AcDbPolyline
 90
2
 70
0
 43
0.01
 10
1312.33598757
 20
-656.16805795
 30
0.0
 10
1312.33598757
 20
-437.44542425
 30
0.0
  0
LWPOLYLINE
  5
69E
  8
0
 62
0
370
-1
  6
BYLAYER
100
AcDbEntity
100
AcDbPolyline
 90
2
 70
0
 43
0.01
 10
1312.33598757
 20
-437.44542425
 30
0.0
 10
1312.33598757
 20
-218.72280277
 30
0.0
  0
LWPOLYLINE
  5
69F
  8
0
 62
0
370
-1
  6
BYLAYER
100
AcDbEntity
100
AcDbPolyline
 90
2
 70
0
 43
0.01
 10
1312.33598757
 20
-218.72280277
 30
0.0
 10
1312.33598757
 20
-0.00019555
 30
0.0
  0
ENDBLK
  5
6A0
100
AcDbEntity
  8
0
100
AcDbBlockEnd
  0
BLOCK
  5
6A1
100
AcDbEntity
  8
0
100
AcDbBlockBegin
  2
W-1-0
 70
0
 10
0.0
 20
0.0
 30
0.0
  3
W-1-0
  1

  0
LWPOLYLINE
  5
6A2
  8
0
 62
0
370
-1
  6
BYLAYER
100
AcDbEntity
100
AcDbPolyline
 90
2
 70
0
 43
0.01
 10
-1312.33579202
 20
0.00019555
 30
0.0
 10
-1312.33579202
 20
0.00019555
 30
0.0
  0
LWPOLYLINE
  5
6A3
  8
0
 62
0
370
-1
  6
BYLAYER
100
AcDbEntity
100
AcDbPolyline
 90
2
 70
0
 43
0.01
 10
-1312.33579202
 20
0.00019555
 30
0.0
 10
-1288.38642324
 20
356.27128862
 30
0.0
  0
LWPOLYLINE
  5
6A4
  8
0
 62
0
370
-1
  6
BYLAYER
100
AcDbEntity
100
AcDbPolyline
 90
2
 70
0
 43
0.01
 10
-1288.38642324
 20
356.27128862
 30
0.0
 10
-1218.61921924
 20
697.93808861
 30
0.0
  0
LWPOLYLINE
  5
6A5
  8
0
 62
0
370
-1
  6
BYLAYER
100
AcDbEntity
100
AcDbPolyline
 90
2
 70
0
 43
0.01
 10
-1218.61921924
 20
697.93808861
 30
0.0
 10
-1106.15553351
 20
1021.87924102
 30
0.0
  0
LWPOLYLINE
  5
6A6
  8
0
 62
0
370
-1
  6
BYLAYER
100
AcDbEntity
100
AcDbPolyline
 90
2
 70
0
 43
0.01
 10
-1106.15553351
 20
1021.87924102
 30
0.0
 10
-954.11671956
 20
1324.97339131
 30
0.0
  0
LWPOLYLINE
  5
6A7
  8
0
 62
0
370
-1
  6
BYLAYER
100
AcDbEntity
100
AcDbPolyline
 90
2
 70
0
 43
0.01
 10
-954.11671956
 20
1324.97339131
 30
0.0
 10
-765.6241309
 20
1604.09918497
 30
0.0
  0
LWPOLYLINE
  5
6A8
  8
0
 62
0
370
-1
  6
BYLAYER
100
AcDbEntity
100
AcDbPolyline
 90
2
 70
0
 43
0.01
 10
-765.6241309
 20
1604.09918497
 30
0.0
 10
-543.79912102
 20
1856.13526748
 30
0.0
  0
LWPOLYLINE
  5
6A9
  8
0
 62
0
370
-1
  6
BYLAYER
100
AcDbEntity
100
AcDbPolyline
 90
2
 70
0
 43
0.01
 10
-543.79912102
 20
1856.13526748
 30
0.0
 10
-291.76304344
 20
2077.96028432
 30
0.0
  0
LWPOLYLINE
  5
6AA
  8
0
 62
0
370
-1
  6
BYLAYER
100
AcDbEntity
100
AcDbPolyline
 90
2
 70
0
 43
0.01
 10
-291.76304344
 20
2077.96028432
 30
0.0
 10
-12.63725164
 20
2266.45288096
 30
0.0
  0
LWPOLYLINE
  5
6AB
  8
0
 62
0
370
-1
  6
BYLAYER
100
AcDbEntity
100
AcDbPolyline
 90
2
 70
0
 43
0.01
 10
-12.63725164
 20
2266.45288096
 30
0.0
 10
290.45690086
 20
2418.49170288
 30
0.0
  0
LWPOLYLINE
  5
6AC
  8
0
 62
0
370
-1
  6
BYLAYER
100
AcDbEntity
100
AcDbPolyline
 90
2
 70
0
 43
0.01
 10
290.45690086
 20
2418.49170288
 30
0.0
 10
614.39806057
 20
2530.95539557
 30
0.0
  0
LWPOLYLINE
  5
6AD
  8
0
 62
0
370
-1
  6
BYLAYER
100
AcDbEntity
100
AcDbPolyline
 90
2
 70
0
 43
0.01
 10
614.39806057
 20
2530.95539557
 30
0.0
 10
956.06487397
 20
2600.7226045
 30
0.0
  0
LWPOLYLINE
  5
6AE
  8
0
 62
0
370
-1
  6
BYLAYER
100
AcDbEntity
100
AcDbPolyline
 90
2
 70
0
 43
0.01
 10
956.06487397
 20
2600.7226045
 30
0.0
 10
1312.33598757
 20
2624.67197515
 30
0.0
  0
LWPOLYLINE
  5
6AF
  8
0
 62
0
370
-1
  6
BYLAYER
100
AcDbEntity
100
AcDbPolyline
 90
2
 70
0
 43
0.01
 10
1312.33598757
 20
2624.67197515
 30
0.0
 10
1312.33598757
 20
2405.94932311
 30
0.0
  0
LWPOLYLINE
  5
6B0
  8
0
 62
0
370
-1
  6
BYLAYER
100
AcDbEntity
100
AcDbPolyline
 90
2
 70
0
 43
0.01
 10
1312.33598757
 20
2405.94932311
 30
0.0
 10
1312.33598757
 20
2187.22666497
 30
0.0
  0
LWPOLYLINE
  5
6B1
  8
0
 62
0
370
-1
  6
BYLAYER
100
AcDbEntity
100
AcDbPolyline
 90
2
 70
0
 43
0.01
 10
1312.33598757
 20
2187.22666497
 30
0.0
 10
1312.33598757
 20
1968.50400275
 30
0.0
  0
LWPOLYLINE
  5
6B2
  8
0
 62
0
370
-1
  6
BYLAYER
100
AcDbEntity
100
AcDbPolyline
 90
2
 70
0
 43
0.01
 10
1312.33598757
 20
1968.50400275
 30
0.0
 10
1312.33598757
 20
1749.78133849
 30
0.0
  0
LWPOLYLINE
  5
6B3
  8
0
 62
0
370
-1
  6
BYLAYER
100
AcDbEntity
100
AcDbPolyline
 90
2
 70
0
 43
0.01
 10
1312.33598757
 20
1749.78133849
 30
0.0
 10
1312.33598757
 20
1531.05867424
 30
0.0
  0
LWPOLYLINE
  5
6B4
  8
0
 62
0
370
-1
  6
BYLAYER
100
AcDbEntity
100
AcDbPolyline
 90
2
 70
0
 43
0.01
 10
1312.33598757
 20
1531.05867424
 30
0.0
 10
1312.33598757
 20
1312.33601202
 30
0.0
  0
LWPOLYLINE
  5
6B5
  8
0
 62
0
370
-1
  6
BYLAYER
100
AcDbEntity
100
AcDbPolyline
 90
2
 70
0
 43
0.01
 10
1312.33598757
 20
1312.33601202
 30
0.0
 10
1312.33598757
 20
1093.61335387
 30
0.0
  0
LWPOLYLINE
  5
6B6
  8
0
 62
0
370
-1
  6
BYLAYER
100
AcDbEntity
100
AcDbPolyline
 90
2
 70
0
 43
0.01
 10
1312.33598757
 20
1093.61335387
 30
0.0
 10
1312.33598757
 20
874.89070184
 30
0.0
  0
LWPOLYLINE
  5
6B7
  8
0
 62
0
370
-1
  6
BYLAYER
100
AcDbEntity
100
AcDbPolyline
 90
2
 70
0
 43
0.01
 10
1312.33598757
 20
874.89070184
 30
0.0
 10
1312.33598757
 20
656.16805795
 30
0.0
  0
LWPOLYLINE
  5
6B8
  8
0
 62
0
370
-1
  6
BYLAYER
100
AcDbEntity
100
AcDbPolyline
 90
2
 70
0
 43
0.01
 10
1312.33598757
 20
656.16805795
 30
0.0
 10
1312.33598757
 20
437.44542425
 30
0.0
  0
LWPOLYLINE
  5
6B9
  8
0
 62
0
370
-1
  6
BYLAYER
100
AcDbEntity
100
AcDbPolyline
 90
2
 70
0
 43
0.01
 10
1312.33598757
 20
437.44542425
 30
0.0
 10
1312.33598757
 20
218.72280277
 30
0.0
  0
LWPOLYLINE
  5
6BA
  8
0
 62
0
370
-1
  6
BYLAYER
100
AcDbEntity
100
AcDbPolyline
 90
2
 70
0
 43
0.01
 10
1312.33598757
 20
218.72280277
 30
0.0
 10
1312.33598757
 20
0.00019555
 30
0.0
  0
ENDBLK
  5
6BB
100
AcDbEntity
  8
0
100
AcDbBlockEnd
  0
BLOCK
  5
6BC
100
AcDbEntity
  8
0
100
AcDbBlockBegin
  2
W-2-0
 70
0
 10
0.0
 20
0.0
 30
0.0
  3
W-2-0
  1

  0
LWPOLYLINE
  5
6BD
  8
0
 62
0
370
-1
  6
BYLAYER
100
AcDbEntity
100
AcDbPolyline
 90
2
 70
0
 43
0.01
 10
1312.33579202
 20
-0.00019555
 30
0.0
 10
1312.33579202
 20
-0.00019555
 30
0.0
  0
LWPOLYLINE
  5
6BE
  8
0
 62
0
370
-1
  6
BYLAYER
100
AcDbEntity
100
AcDbPolyline
 90
2
 70
0
 43
0.01
 10
1312.33579202
 20
-0.00019555
 30
0.0
 10
1288.38642324
 20
-356.27128862
 30
0.0
  0
LWPOLYLINE
  5
6BF
  8
0
 62
0
370
-1
  6
BYLAYER
100
AcDbEntity
100
AcDbPolyline
 90
2
 70
0
 43
0.01
 10
1288.38642324
 20
-356.27128862
 30
0.0
 10
1218.61921924
 20
-697.93808861
 30
0.0
  0
LWPOLYLINE
  5
6C0
  8
0
 62
0
370
-1
  6
BYLAYER
100
AcDbEntity
100
AcDbPolyline
 90
2
 70
0
 43
0.01
 10
1218.61921924
 20
-697.93808861
 30
0.0
 10
1106.15553351
 20
-1021.87924102
 30
0.0
  0
LWPOLYLINE
  5
6C1
  8
0
 62
0
370
-1
  6
BYLAYER
100
AcDbEntity
100
AcDbPolyline
 90
2
 70
0
 43
0.01
 10
1106.15553351
 20
-1021.87924102
 30
0.0
 10
954.11671956
 20
-1324.97339131
 30
0.0
  0
LWPOLYLINE
  5
6C2
  8
0
 62
0
370
-1
  6
BYLAYER
100
AcDbEntity
100
AcDbPolyline
 90
2
 70
0
 43
0.01
 10
954.11671956
 20
-1324.97339131
 30
0.0
 10
765.6241309
 20
-1604.09918497
 30
0.0
  0
LWPOLYLINE
  5
6C3
  8
0
 62
0
370
-1
  6
BYLAYER
100
AcDbEntity
100
AcDbPolyline
 90
2
 70
0
 43
0.01
 10
765.6241309
 20
-1604.09918497
 30
0.0
 10
543.79912102
 20
-1856.13526748
 30
0.0
  0
LWPOLYLINE
  5
6C4
  8
0
 62
0
370
-1
  6
BYLAYER
100
AcDbEntity
100
AcDbPolyline
 90
2
 70
0
 43
0.01
 10
543.79912102
 20
-1856.13526748
 30
0.0
 10
291.76304344
 20
-2077.96028432
 30
0.0
  0
LWPOLYLINE
  5
6C5
  8
0
 62
0
370
-1
  6
BYLAYER
100
AcDbEntity
100
AcDbPolyline
 90
2
 70
0
 43
0.01
 10
291.76304344
 20
-2077.96028432
 30
0.0
 10
12.63725164
 20
-2266.45288096
 30
0.0
  0
LWPOLYLINE
  5
6C6
  8
0
 62
0
370
-1
  6
BYLAYER
100
AcDbEntity
100
AcDbPolyline
 90
2
 70
0
 43
0.01
 10
12.63725164
 20
-2266.45288096
 30
0.0
 10
-290.45690086
 20
-2418.49170288
 30
0.0
  0
LWPOLYLINE
  5
6C7
  8
0
 62
0
370
-1
  6
BYLAYER
100
AcDbEntity
100
AcDbPolyline
 90
2
 70
0
 43
0.01
 10
-290.45690086
 20
-2418.49170288
 30
0.0
 10
-614.39806057
 20
-2530.95539557
 30
0.0
  0
LWPOLYLINE
  5
6C8
  8
0
 62
0
370
-1
  6
BYLAYER
100
AcDbEntity
100
AcDbPolyline
 90
2
 70
0
 43
0.01
 10
-614.39806057
 20
-2530.95539557
 30
0.0
 10
-956.06487397
 20
-2600.7226045
 30
0.0
  0
LWPOLYLINE
  5
6C9
  8
0
 62
0
370
-1
  6
BYLAYER
100
AcDbEntity
100
AcDbPolyline
 90
2
 70
0
 43
0.01
 10
-956.06487397
 20
-2600.7226045
 30
0.0
 10
-1312.33598757
 20
-2624.67197515
 30
0.0
  0
LWPOLYLINE
  5
6CA
  8
0
 62
0
370
-1
  6
BYLAYER
100
AcDbEntity
100
AcDbPolyline
 90
2
 70
0
 43
0.01
 10
-1312.33598757
 20
-2624.67197515
 30
0.0
 10
-1312.33598757
 20
-2405.94932311
 30
0.0
  0
LWPOLYLINE
  5
6CB
  8
0
 62
0
370
-1
  6
BYLAYER
100
AcDbEntity
100
AcDbPolyline
 90
2
 70
0
 43
0.01
 10
-1312.33598757
 20
-2405.94932311
 30
0.0
 10
-1312.33598757
 20
-2187.22666497
 30
0.0
  0
LWPOLYLINE
  5
6CC
  8
0
 62
0
370
-1
  6
BYLAYER
100
AcDbEntity
100
AcDbPolyline
 90
2
 70
0
 43
0.01
 10
-1312.33598757
 20
-2187.22666497
 30
0.0
 10
-1312.33598757
 20
-1968.50400275
 30
0.0
  0
LWPOLYLINE
  5
6CD
  8
0
 62
0
370
-1
  6
BYLAYER
100
AcDbEntity
100
AcDbPolyline
 90
2
 70
0
 43
0.01
 10
-1312.33598757
 20
-1968.50400275
 30
0.0
 10
-1312.33598757
 20
-1749.78133849
 30
0.0
  0
LWPOLYLINE
  5
6CE
  8
0
 62
0
370
-1
  6
BYLAYER
100
AcDbEntity
100
AcDbPolyline
 90
2
 70
0
 43
0.01
 10
-1312.33598757
 20
-1749.78133849
 30
0.0
 10
-1312.33598757
 20
-1531.05867424
 30
0.0
  0
LWPOLYLINE
  5
6CF
  8
0
 62
0
370
-1
  6
BYLAYER
100
AcDbEntity
100
AcDbPolyline
 90
2
 70
0
 43
0.01
 10
-1312.33598757
 20
-1531.05867424
 30
0.0
 10
-1312.33598757
 20
-1312.33601202
 30
0.0
  0
LWPOLYLINE
  5
6D0
  8
0
 62
0
370
-1
  6
BYLAYER
100
AcDbEntity
100
AcDbPolyline
 90
2
 70
0
 43
0.01
 10
-1312.33598757
 20
-1312.33601202
 30
0.0
 10
-1312.33598757
 20
-1093.61335387
 30
0.0
  0
LWPOLYLINE
  5
6D1
  8
0
 62
0
370
-1
  6
BYLAYER
100
AcDbEntity
100
AcDbPolyline
 90
2
 70
0
 43
0.01
 10
-1312.33598757
 20
-1093.61335387
 30
0.0
 10
-1312.33598757
 20
-874.89070184
 30
0.0
  0
LWPOLYLINE
  5
6D2
  8
0
 62
0
370
-1
  6
BYLAYER
100
AcDbEntity
100
AcDbPolyline
 90
2
 70
0
 43
0.01
 10
-1312.33598757
 20
-874.89070184
 30
0.0
 10
-1312.33598757
 20
-656.16805795
 30
0.0
  0
LWPOLYLINE
  5
6D3
  8
0
 62
0
370
-1
  6
BYLAYER
100
AcDbEntity
100
AcDbPolyline
 90
2
 70
0
 43
0.01
 10
-1312.33598757
 20
-656.16805795
 30
0.0
 10
-1312.33598757
 20
-437.44542425
 30
0.0
  0
LWPOLYLINE
  5
6D4
  8
0
 62
0
370
-1
  6
BYLAYER
100
AcDbEntity
100
AcDbPolyline
 90
2
 70
0
 43
0.01
 10
-1312.33598757
 20
-437.44542425
 30
0.0
 10
-1312.33598757
 20
-218.72280277
 30
0.0
  0
LWPOLYLINE
  5
6D5
  8
0
 62
0
370
-1
  6
BYLAYER
100
AcDbEntity
100
AcDbPolyline
 90
2
 70
0
 43
0.01
 10
-1312.33598757
 20
-218.72280277
 30
0.0
 10
-1312.33598757
 20
-0.00019555
 30
0.0
  0
ENDBLK
  5
6D6
100
AcDbEntity
  8
0
100
AcDbBlockEnd
  0
BLOCK
  5
6D7
100
AcDbEntity
  8
0
100
AcDbBlockBegin
  2
W-2-1
 70
0
 10
0.0
 20
0.0
 30
0.0
  3
W-2-1
  1

  0
LWPOLYLINE
  5
6D8
  8
0
 62
0
370
-1
  6
BYLAYER
100
AcDbEntity
100
AcDbPolyline
 90
2
 70
0
 43
0.01
 10
-1312.33579202
 20
0.00019555
 30
0.0
 10
-1312.33579202
 20
0.00019555
 30
0.0
  0
LWPOLYLINE
  5
6D9
  8
0
 62
0
370
-1
  6
BYLAYER
100
AcDbEntity
100
AcDbPolyline
 90
2
 70
0
 43
0.01
 10
-1312.33579202
 20
0.00019555
 30
0.0
 10
-1288.38642324
 20
356.27128862
 30
0.0
  0
LWPOLYLINE
  5
6DA
  8
0
 62
0
370
-1
  6
BYLAYER
100
AcDbEntity
100
AcDbPolyline
 90
2
 70
0
 43
0.01
 10
-1288.38642324
 20
356.27128862
 30
0.0
 10
-1218.61921924
 20
697.93808861
 30
0.0
  0
LWPOLYLINE
  5
6DB
  8
0
 62
0
370
-1
  6
BYLAYER
100
AcDbEntity
100
AcDbPolyline
 90
2
 70
0
 43
0.01
 10
-1218.61921924
 20
697.93808861
 30
0.0
 10
-1106.15553351
 20
1021.87924102
 30
0.0
  0
LWPOLYLINE
  5
6DC
  8
0
 62
0
370
-1
  6
BYLAYER
100
AcDbEntity
100
AcDbPolyline
 90
2
 70
0
 43
0.01
 10
-1106.15553351
 20
1021.87924102
 30
0.0
 10
-954.11671956
 20
1324.97339131
 30
0.0
  0
LWPOLYLINE
  5
6DD
  8
0
 62
0
370
-1
  6
BYLAYER
100
AcDbEntity
100
AcDbPolyline
 90
2
 70
0
 43
0.01
 10
-954.11671956
 20
1324.97339131
 30
0.0
 10
-765.6241309
 20
1604.09918497
 30
0.0
  0
LWPOLYLINE
  5
6DE
  8
0
 62
0
370
-1
  6
BYLAYER
100
AcDbEntity
100
AcDbPolyline
 90
2
 70
0
 43
0.01
 10
-765.6241309
 20
1604.09918497
 30
0.0
 10
-543.79912102
 20
1856.13526748
 30
0.0
  0
LWPOLYLINE
  5
6DF
  8
0
 62
0
370
-1
  6
BYLAYER
100
AcDbEntity
100
AcDbPolyline
 90
2
 70
0
 43
0.01
 10
-543.79912102
 20
1856.13526748
 30
0.0
 10
-291.76304344
 20
2077.96028432
 30
0.0
  0
LWPOLYLINE
  5
6E0
  8
0
 62
0
370
-1
  6
BYLAYER
100
AcDbEntity
100
AcDbPolyline
 90
2
 70
0
 43
0.01
 10
-291.76304344
 20
2077.96028432
 30
0.0
 10
-12.63725164
 20
2266.45288096
 30
0.0
  0
LWPOLYLINE
  5
6E1
  8
0
 62
0
370
-1
  6
BYLAYER
100
AcDbEntity
100
AcDbPolyline
 90
2
 70
0
 43
0.01
 10
-12.63725164
 20
2266.45288096
 30
0.0
 10
290.45690086
 20
2418.49170288
 30
0.0
  0
LWPOLYLINE
  5
6E2
  8
0
 62
0
370
-1
  6
BYLAYER
100
AcDbEntity
100
AcDbPolyline
 90
2
 70
0
 43
0.01
 10
290.45690086
 20
2418.49170288
 30
0.0
 10
614.39806057
 20
2530.95539557
 30
0.0
  0
LWPOLYLINE
  5
6E3
  8
0
 62
0
370
-1
  6
BYLAYER
100
AcDbEntity
100
AcDbPolyline
 90
2
 70
0
 43
0.01
 10
614.39806057
 20
2530.95539557
 30
0.0
 10
956.06487397
 20
2600.7226045
 30
0.0
  0
LWPOLYLINE
  5
6E4
  8
0
 62
0
370
-1
  6
BYLAYER
100
AcDbEntity
100
AcDbPolyline
 90
2
 70
0
 43
0.01
 10
956.06487397
 20
2600.7226045
 30
0.0
 10
1312.33598757
 20
2624.67197515
 30
0.0
  0
LWPOLYLINE
  5
6E5
  8
0
 62
0
370
-1
  6
BYLAYER
100
AcDbEntity
100
AcDbPolyline
 90
2
 70
0
 43
0.01
 10
1312.33598757
 20
2624.67197515
 30
0.0
 10
1312.33598757
 20
2405.94932311
 30
0.0
  0
LWPOLYLINE
  5
6E6
  8
0
 62
0
370
-1
  6
BYLAYER
100
AcDbEntity
100
AcDbPolyline
 90
2
 70
0
 43
0.01
 10
1312.33598757
 20
2405.94932311
 30
0.0
 10
1312.33598757
 20
2187.22666497
 30
0.0
  0
LWPOLYLINE
  5
6E7
  8
0
 62
0
370
-1
  6
BYLAYER
100
AcDbEntity
100
AcDbPolyline
 90
2
 70
0
 43
0.01
 10
1312.33598757
 20
2187.22666497
 30
0.0
 10
1312.33598757
 20
1968.50400275
 30
0.0
  0
LWPOLYLINE
  5
6E8
  8
0
 62
0
370
-1
  6
BYLAYER
100
AcDbEntity
100
AcDbPolyline
 90
2
 70
0
 43
0.01
 10
1312.33598757
 20
1968.50400275
 30
0.0
 10
1312.33598757
 20
1749.78133849
 30
0.0
  0
LWPOLYLINE
  5
6E9
  8
0
 62
0
370
-1
  6
BYLAYER
100
AcDbEntity
100
AcDbPolyline
 90
2
 70
0
 43
0.01
 10
1312.33598757
 20
1749.78133849
 30
0.0
 10
1312.33598757
 20
1531.05867424
 30
0.0
  0
LWPOLYLINE
  5
6EA
  8
0
 62
0
370
-1
  6
BYLAYER
100
AcDbEntity
100
AcDbPolyline
 90
2
 70
0
 43
0.01
 10
1312.33598757
 20
1531.05867424
 30
0.0
 10
1312.33598757
 20
1312.33601202
 30
0.0
  0
LWPOLYLINE
  5
6EB
  8
0
 62
0
370
-1
  6
BYLAYER
100
AcDbEntity
100
AcDbPolyline
 90
2
 70
0
 43
0.01
 10
1312.33598757
 20
1312.33601202
 30
0.0
 10
1312.33598757
 20
1093.61335387
 30
0.0
  0
LWPOLYLINE
  5
6EC
  8
0
 62
0
370
-1
  6
BYLAYER
100
AcDbEntity
100
AcDbPolyline
 90
2
 70
0
 43
0.01
 10
1312.33598757
 20
1093.61335387
 30
0.0
 10
1312.33598757
 20
874.89070184
 30
0.0
  0
LWPOLYLINE
  5
6ED
  8
0
 62
0
370
-1
  6
BYLAYER
100
AcDbEntity
100
AcDbPolyline
 90
2
 70
0
 43
0.01
 10
1312.33598757
 20
874.89070184
 30
0.0
 10
1312.33598757
 20
656.16805795
 30
0.0
  0
LWPOLYLINE
  5
6EE
  8
0
 62
0
370
-1
  6
BYLAYER
100
AcDbEntity
100
AcDbPolyline
 90
2
 70
0
 43
0.01
 10
1312.33598757
 20
656.16805795
 30
0.0
 10
1312.33598757
 20
437.44542425
 30
0.0
  0
LWPOLYLINE
  5
6EF
  8
0
 62
0
370
-1
  6
BYLAYER
100
AcDbEntity
100
AcDbPolyline
 90
2
 70
0
 43
0.01
 10
1312.33598757
 20
437.44542425
 30
0.0
 10
1312.33598757
 20
218.72280277
 30
0.0
  0
LWPOLYLINE
  5
6F0
  8
0
 62
0
370
-1
  6
BYLAYER
100
AcDbEntity
100
AcDbPolyline
 90
2
 70
0
 43
0.01
 10
1312.33598757
 20
218.72280277
 30
0.0
 10
1312.33598757
 20
0.00019555
 30
0.0
  0
ENDBLK
  5
6F1
100
AcDbEntity
  8
0
100
AcDbBlockEnd
  0
BLOCK
  5
6F2
100
AcDbEntity
  8
0
100
AcDbBlockBegin
  2
W-2-2
 70
0
 10
0.0
 20
0.0
 30
0.0
  3
W-2-2
  1

  0
LWPOLYLINE
  5
6F3
  8
0
 62
0
370
-1
  6
BYLAYER
100
AcDbEntity
100
AcDbPolyline
 90
2
 70
0
 43
0.01
 10
-2000.00003998
 20
-112.45078515
 30
0.0
 10
-2000.00003998
 20
-112.45078515
 30
0.0
  0
LWPOLYLINE
  5
6F4
  8
0
 62
0
370
-1
  6
BYLAYER
100
AcDbEntity
100
AcDbPolyline
 90
2
 70
0
 43
0.01
 10
-2000.00003998
 20
-112.45078515
 30
0.0
 10
-1666.66670434
 20
-112.45078515
 30
0.0
  0
LWPOLYLINE
  5
6F5
  8
0
 62
0
370
-1
  6
BYLAYER
100
AcDbEntity
100
AcDbPolyline
 90
2
 70
0
 43
0.01
 10
-1666.66670434
 20
-112.45078515
 30
0.0
 10
-1333.33336225
 20
-112.45078515
 30
0.0
  0
LWPOLYLINE
  5
6F6
  8
0
 62
0
370
-1
  6
BYLAYER
100
AcDbEntity
100
AcDbPolyline
 90
2
 70
0
 43
0.01
 10
-1333.33336225
 20
-112.45078515
 30
0.0
 10
-1000.00001541
 20
-112.45078515
 30
0.0
  0
LWPOLYLINE
  5
6F7
  8
0
 62
0
370
-1
  6
BYLAYER
100
AcDbEntity
100
AcDbPolyline
 90
2
 70
0
 43
0.01
 10
-1000.00001541
 20
-112.45078515
 30
0.0
 10
-666.66666551
 20
-112.45078515
 30
0.0
  0
LWPOLYLINE
  5
6F8
  8
0
 62
0
370
-1
  6
BYLAYER
100
AcDbEntity
100
AcDbPolyline
 90
2
 70
0
 43
0.01
 10
-666.66666551
 20
-112.45078515
 30
0.0
 10
-333.33331425
 20
-112.45078515
 30
0.0
  0
LWPOLYLINE
  5
6F9
  8
0
 62
0
370
-1
  6
BYLAYER
100
AcDbEntity
100
AcDbPolyline
 90
2
 70
0
 43
0.01
 10
-333.33331425
 20
-112.45078515
 30
0.0
 10
0.00003667
 20
-112.45078515
 30
0.0
  0
LWPOLYLINE
  5
6FA
  8
0
 62
0
370
-1
  6
BYLAYER
100
AcDbEntity
100
AcDbPolyline
 90
2
 70
0
 43
0.01
 10
0.00003667
 20
-112.45078515
 30
0.0
 10
333.33338555
 20
-112.45078515
 30
0.0
  0
LWPOLYLINE
  5
6FB
  8
0
 62
0
370
-1
  6
BYLAYER
100
AcDbEntity
100
AcDbPolyline
 90
2
 70
0
 43
0.01
 10
333.33338555
 20
-112.45078515
 30
0.0
 10
666.66673069
 20
-112.45078515
 30
0.0
  0
LWPOLYLINE
  5
6FC
  8
0
 62
0
370
-1
  6
BYLAYER
100
AcDbEntity
100
AcDbPolyline
 90
2
 70
0
 43
0.01
 10
666.66673069
 20
-112.45078515
 30
0.0
 10
1000.0000704
 20
-112.45078515
 30
0.0
  0
LWPOLYLINE
  5
6FD
  8
0
 62
0
370
-1
  6
BYLAYER
100
AcDbEntity
100
AcDbPolyline
 90
2
 70
0
 43
0.01
 10
1000.0000704
 20
-112.45078515
 30
0.0
 10
1333.33340299
 20
-112.45078515
 30
0.0
  0
LWPOLYLINE
  5
6FE
  8
0
 62
0
370
-1
  6
BYLAYER
100
AcDbEntity
100
AcDbPolyline
 90
2
 70
0
 43
0.01
 10
1333.33340299
 20
-112.45078515
 30
0.0
 10
1666.66672674
 20
-112.45078515
 30
0.0
  0
LWPOLYLINE
  5
6FF
  8
0
 62
0
370
-1
  6
BYLAYER
100
AcDbEntity
100
AcDbPolyline
 90
2
 70
0
 43
0.01
 10
1666.66672674
 20
-112.45078515
 30
0.0
 10
2000.00003998
 20
-112.45078515
 30
0.0
  0
LWPOLYLINE
  5
700
  8
0
 62
0
370
-1
  6
BYLAYER
100
AcDbEntity
100
AcDbPolyline
 90
2
 70
0
 43
0.01
 10
2000.00003998
 20
-112.45078515
 30
0.0
 10
2000.00003998
 20
-79.64238668
 30
0.0
  0
LWPOLYLINE
  5
701
  8
0
 62
0
370
-1
  6
BYLAYER
100
AcDbEntity
100
AcDbPolyline
 90
2
 70
0
 43
0.01
 10
2000.00003998
 20
-79.64238668
 30
0.0
 10
2000.00003998
 20
-46.83398822
 30
0.0
  0
LWPOLYLINE
  5
702
  8
0
 62
0
370
-1
  6
BYLAYER
100
AcDbEntity
100
AcDbPolyline
 90
2
 70
0
 43
0.01
 10
2000.00003998
 20
-46.83398822
 30
0.0
 10
2000.00003998
 20
-14.02558975
 30
0.0
  0
LWPOLYLINE
  5
703
  8
0
 62
0
370
-1
  6
BYLAYER
100
AcDbEntity
100
AcDbPolyline
 90
2
 70
0
 43
0.01
 10
2000.00003998
 20
-14.02558975
 30
0.0
 10
2000.00003998
 20
18.78280872
 30
0.0
  0
LWPOLYLINE
  5
704
  8
0
 62
0
370
-1
  6
BYLAYER
100
AcDbEntity
100
AcDbPolyline
 90
2
 70
0
 43
0.01
 10
2000.00003998
 20
18.78280872
 30
0.0
 10
2000.00003998
 20
51.59120719
 30
0.0
  0
LWPOLYLINE
  5
705
  8
0
 62
0
370
-1
  6
BYLAYER
100
AcDbEntity
100
AcDbPolyline
 90
2
 70
0
 43
0.01
 10
2000.00003998
 20
51.59120719
 30
0.0
 10
2000.00003998
 20
84.39960565
 30
0.0
  0
LWPOLYLINE
  5
706
  8
0
 62
0
370
-1
  6
BYLAYER
100
AcDbEntity
100
AcDbPolyline
 90
2
 70
0
 43
0.01
 10
2000.00003998
 20
84.39960565
 30
0.0
 10
2000.00003998
 20
117.20800412
 30
0.0
  0
LWPOLYLINE
  5
707
  8
0
 62
0
370
-1
  6
BYLAYER
100
AcDbEntity
100
AcDbPolyline
 90
2
 70
0
 43
0.01
 10
2000.00003998
 20
117.20800412
 30
0.0
 10
2000.00003998
 20
150.01640259
 30
0.0
  0
LWPOLYLINE
  5
708
  8
0
 62
0
370
-1
  6
BYLAYER
100
AcDbEntity
100
AcDbPolyline
 90
2
 70
0
 43
0.01
 10
2000.00003998
 20
150.01640259
 30
0.0
 10
2000.00003998
 20
182.82480105
 30
0.0
  0
LWPOLYLINE
  5
709
  8
0
 62
0
370
-1
  6
BYLAYER
100
AcDbEntity
100
AcDbPolyline
 90
2
 70
0
 43
0.01
 10
2000.00003998
 20
182.82480105
 30
0.0
 10
2000.00003998
 20
215.63319952
 30
0.0
  0
LWPOLYLINE
  5
70A
  8
0
 62
0
370
-1
  6
BYLAYER
100
AcDbEntity
100
AcDbPolyline
 90
2
 70
0
 43
0.01
 10
2000.00003998
 20
215.63319952
 30
0.0
 10
2000.00003998
 20
248.44159799
 30
0.0
  0
LWPOLYLINE
  5
70B
  8
0
 62
0
370
-1
  6
BYLAYER
100
AcDbEntity
100
AcDbPolyline
 90
2
 70
0
 43
0.01
 10
2000.00003998
 20
248.44159799
 30
0.0
 10
2000.00003998
 20
281.24999646
 30
0.0
  0
LWPOLYLINE
  5
70C
  8
0
 62
0
370
-1
  6
BYLAYER
100
AcDbEntity
100
AcDbPolyline
 90
2
 70
0
 43
0.01
 10
2000.00003998
 20
281.24999646
 30
0.0
 10
1666.66672674
 20
281.24999646
 30
0.0
  0
LWPOLYLINE
  5
70D
  8
0
 62
0
370
-1
  6
BYLAYER
100
AcDbEntity
100
AcDbPolyline
 90
2
 70
0
 43
0.01
 10
1666.66672674
 20
281.24999646
 30
0.0
 10
1333.33340299
 20
281.24999646
 30
0.0
  0
LWPOLYLINE
  5
70E
  8
0
 62
0
370
-1
  6
BYLAYER
100
AcDbEntity
100
AcDbPolyline
 90
2
 70
0
 43
0.01
 10
1333.33340299
 20
281.24999646
 30
0.0
 10
1000.0000704
 20
281.24999646
 30
0.0
  0
LWPOLYLINE
  5
70F
  8
0
 62
0
370
-1
  6
BYLAYER
100
AcDbEntity
100
AcDbPolyline
 90
2
 70
0
 43
0.01
 10
1000.0000704
 20
281.24999646
 30
0.0
 10
666.66673069
 20
281.24999646
 30
0.0
  0
LWPOLYLINE
  5
710
  8
0
 62
0
370
-1
  6
BYLAYER
100
AcDbEntity
100
AcDbPolyline
 90
2
 70
0
 43
0.01
 10
666.66673069
 20
281.24999646
 30
0.0
 10
333.33338555
 20
281.24999646
 30
0.0
  0
LWPOLYLINE
  5
711
  8
0
 62
0
370
-1
  6
BYLAYER
100
AcDbEntity
100
AcDbPolyline
 90
2
 70
0
 43
0.01
 10
333.33338555
 20
281.24999646
 30
0.0
 10
0.00003667
 20
281.24999646
 30
0.0
  0
LWPOLYLINE
  5
712
  8
0
 62
0
370
-1
  6
BYLAYER
100
AcDbEntity
100
AcDbPolyline
 90
2
 70
0
 43
0.01
 10
0.00003667
 20
281.24999646
 30
0.0
 10
-333.33331425
 20
281.24999646
 30
0.0
  0
LWPOLYLINE
  5
713
  8
0
 62
0
370
-1
  6
BYLAYER
100
AcDbEntity
100
AcDbPolyline
 90
2
 70
0
 43
0.01
 10
-333.33331425
 20
281.24999646
 30
0.0
 10
-666.66666551
 20
281.24999646
 30
0.0
  0
LWPOLYLINE
  5
714
  8
0
 62
0
370
-1
  6
BYLAYER
100
AcDbEntity
100
AcDbPolyline
 90
2
 70
0
 43
0.01
 10
-666.66666551
 20
281.24999646
 30
0.0
 10
-1000.00001541
 20
281.24999646
 30
0.0
  0
LWPOLYLINE
  5
715
  8
0
 62
0
370
-1
  6
BYLAYER
100
AcDbEntity
100
AcDbPolyline
 90
2
 70
0
 43
0.01
 10
-1000.00001541
 20
281.24999646
 30
0.0
 10
-1333.33336225
 20
281.24999646
 30
0.0
  0
LWPOLYLINE
  5
716
  8
0
 62
0
370
-1
  6
BYLAYER
100
AcDbEntity
100
AcDbPolyline
 90
2
 70
0
 43
0.01
 10
-1333.33336225
 20
281.24999646
 30
0.0
 10
-1666.66670434
 20
281.24999646
 30
0.0
  0
LWPOLYLINE
  5
717
  8
0
 62
0
370
-1
  6
BYLAYER
100
AcDbEntity
100
AcDbPolyline
 90
2
 70
0
 43
0.01
 10
-1666.66670434
 20
281.24999646
 30
0.0
 10
-2000.00003998
 20
281.24999646
 30
0.0
  0
LWPOLYLINE
  5
718
  8
0
 62
0
370
-1
  6
BYLAYER
100
AcDbEntity
100
AcDbPolyline
 90
2
 70
0
 43
0.01
 10
-2000.00003998
 20
281.24999646
 30
0.0
 10
-2000.00003998
 20
248.44159799
 30
0.0
  0
LWPOLYLINE
  5
719
  8
0
 62
0
370
-1
  6
BYLAYER
100
AcDbEntity
100
AcDbPolyline
 90
2
 70
0
 43
0.01
 10
-2000.00003998
 20
248.44159799
 30
0.0
 10
-2000.00003998
 20
215.63319952
 30
0.0
  0
LWPOLYLINE
  5
71A
  8
0
 62
0
370
-1
  6
BYLAYER
100
AcDbEntity
100
AcDbPolyline
 90
2
 70
0
 43
0.01
 10
-2000.00003998
 20
215.63319952
 30
0.0
 10
-2000.00003998
 20
182.82480105
 30
0.0
  0
LWPOLYLINE
  5
71B
  8
0
 62
0
370
-1
  6
BYLAYER
100
AcDbEntity
100
AcDbPolyline
 90
2
 70
0
 43
0.01
 10
-2000.00003998
 20
182.82480105
 30
0.0
 10
-2000.00003998
 20
150.01640259
 30
0.0
  0
LWPOLYLINE
  5
71C
  8
0
 62
0
370
-1
  6
BYLAYER
100
AcDbEntity
100
AcDbPolyline
 90
2
 70
0
 43
0.01
 10
-2000.00003998
 20
150.01640259
 30
0.0
 10
-2000.00003998
 20
117.20800412
 30
0.0
  0
LWPOLYLINE
  5
71D
  8
0
 62
0
370
-1
  6
BYLAYER
100
AcDbEntity
100
AcDbPolyline
 90
2
 70
0
 43
0.01
 10
-2000.00003998
 20
117.20800412
 30
0.0
 10
-2000.00003998
 20
84.39960565
 30
0.0
  0
LWPOLYLINE
  5
71E
  8
0
 62
0
370
-1
  6
BYLAYER
100
AcDbEntity
100
AcDbPolyline
 90
2
 70
0
 43
0.01
 10
-2000.00003998
 20
84.39960565
 30
0.0
 10
-2000.00003998
 20
51.59120719
 30
0.0
  0
LWPOLYLINE
  5
71F
  8
0
 62
0
370
-1
  6
BYLAYER
100
AcDbEntity
100
AcDbPolyline
 90
2
 70
0
 43
0.01
 10
-2000.00003998
 20
51.59120719
 30
0.0
 10
-2000.00003998
 20
18.78280872
 30
0.0
  0
LWPOLYLINE
  5
720
  8
0
 62
0
370
-1
  6
BYLAYER
100
AcDbEntity
100
AcDbPolyline
 90
2
 70
0
 43
0.01
 10
-2000.00003998
 20
18.78280872
 30
0.0
 10
-2000.00003998
 20
-14.02558975
 30
0.0
  0
LWPOLYLINE
  5
721
  8
0
 62
0
370
-1
  6
BYLAYER
100
AcDbEntity
100
AcDbPolyline
 90
2
 70
0
 43
0.01
 10
-2000.00003998
 20
-14.02558975
 30
0.0
 10
-2000.00003998
 20
-46.83398822
 30
0.0
  0
LWPOLYLINE
  5
722
  8
0
 62
0
370
-1
  6
BYLAYER
100
AcDbEntity
100
AcDbPolyline
 90
2
 70
0
 43
0.01
 10
-2000.00003998
 20
-46.83398822
 30
0.0
 10
-2000.00003998
 20
-79.64238668
 30
0.0
  0
LWPOLYLINE
  5
723
  8
0
 62
0
370
-1
  6
BYLAYER
100
AcDbEntity
100
AcDbPolyline
 90
2
 70
0
 43
0.01
 10
-2000.00003998
 20
-79.64238668
 30
0.0
 10
-2000.00003998
 20
-112.45078515
 30
0.0
  0
LWPOLYLINE
  5
724
  8
0
 62
0
370
-1
  6
BYLAYER
100
AcDbEntity
100
AcDbPolyline
 90
2
 70
0
 43
0.01
 10
-2000.00003998
 20
-112.45078515
 30
0.0
 10
-2000.00003998
 20
-112.45078515
 30
0.0
  0
LWPOLYLINE
  5
725
  8
0
 62
0
370
-1
  6
BYLAYER
100
AcDbEntity
100
AcDbPolyline
 90
2
 70
0
 43
0.01
 10
-2000.00003998
 20
-112.45078515
 30
0.0
 10
-2000.00003998
 20
-112.45078515
 30
0.0
  0
LWPOLYLINE
  5
726
  8
0
 62
0
370
-1
  6
BYLAYER
100
AcDbEntity
100
AcDbPolyline
 90
2
 70
0
 43
0.01
 10
-2000.00003998
 20
-112.45078515
 30
0.0
 10
-2000.00003998
 20
-112.45078515
 30
0.0
  0
LWPOLYLINE
  5
727
  8
0
 62
0
370
-1
  6
BYLAYER
100
AcDbEntity
100
AcDbPolyline
 90
2
 70
0
 43
0.01
 10
-2000.00003998
 20
-112.45078515
 30
0.0
 10
-2000.00003998
 20
-112.45078515
 30
0.0
  0
LWPOLYLINE
  5
728
  8
0
 62
0
370
-1
  6
BYLAYER
100
AcDbEntity
100
AcDbPolyline
 90
2
 70
0
 43
0.01
 10
-2000.00003998
 20
-112.45078515
 30
0.0
 10
-2000.00003998
 20
-112.45078515
 30
0.0
  0
LWPOLYLINE
  5
729
  8
0
 62
0
370
-1
  6
BYLAYER
100
AcDbEntity
100
AcDbPolyline
 90
2
 70
0
 43
0.01
 10
-2000.00003998
 20
-112.45078515
 30
0.0
 10
-2000.00003998
 20
-112.45078515
 30
0.0
  0
LWPOLYLINE
  5
72A
  8
0
 62
0
370
-1
  6
BYLAYER
100
AcDbEntity
100
AcDbPolyline
 90
2
 70
0
 43
0.01
 10
-2000.00003998
 20
-112.45078515
 30
0.0
 10
-2000.00003998
 20
-112.45078515
 30
0.0
  0
LWPOLYLINE
  5
72B
  8
0
 62
0
370
-1
  6
BYLAYER
100
AcDbEntity
100
AcDbPolyline
 90
2
 70
0
 43
0.01
 10
-2000.00003998
 20
-112.45078515
 30
0.0
 10
-2000.00003998
 20
-112.45078515
 30
0.0
  0
LWPOLYLINE
  5
72C
  8
0
 62
0
370
-1
  6
BYLAYER
100
AcDbEntity
100
AcDbPolyline
 90
2
 70
0
 43
0.01
 10
-2000.00003998
 20
-112.45078515
 30
0.0
 10
-2000.00003998
 20
-112.45078515
 30
0.0
  0
LWPOLYLINE
  5
72D
  8
0
 62
0
370
-1
  6
BYLAYER
100
AcDbEntity
100
AcDbPolyline
 90
2
 70
0
 43
0.01
 10
-2000.00003998
 20
-112.45078515
 30
0.0
 10
-2000.00003998
 20
-112.45078515
 30
0.0
  0
LWPOLYLINE
  5
72E
  8
0
 62
0
370
-1
  6
BYLAYER
100
AcDbEntity
100
AcDbPolyline
 90
2
 70
0
 43
0.01
 10
-2000.00003998
 20
-112.45078515
 30
0.0
 10
-2000.00003998
 20
-112.45078515
 30
0.0
  0
LWPOLYLINE
  5
72F
  8
0
 62
0
370
-1
  6
BYLAYER
100
AcDbEntity
100
AcDbPolyline
 90
2
 70
0
 43
0.01
 10
-2000.00003998
 20
-112.45078515
 30
0.0
 10
-2000.00003998
 20
-112.45078515
 30
0.0
  0
LWPOLYLINE
  5
730
  8
0
 62
0
370
-1
  6
BYLAYER
100
AcDbEntity
100
AcDbPolyline
 90
2
 70
0
 43
0.01
 10
-2000.00003998
 20
-112.45078515
 30
0.0
 10
-2000.00003998
 20
-112.45078515
 30
0.0
  0
LWPOLYLINE
  5
731
  8
0
 62
0
370
-1
  6
BYLAYER
100
AcDbEntity
100
AcDbPolyline
 90
2
 70
0
 43
0.01
 10
-2000.00003998
 20
-112.45078515
 30
0.0
 10
-2000.00003998
 20
-112.45078515
 30
0.0
  0
LWPOLYLINE
  5
732
  8
0
 62
0
370
-1
  6
BYLAYER
100
AcDbEntity
100
AcDbPolyline
 90
2
 70
0
 43
0.01
 10
-2000.00003998
 20
-112.45078515
 30
0.0
 10
-2000.00003998
 20
-112.45078515
 30
0.0
  0
LWPOLYLINE
  5
733
  8
0
 62
0
370
-1
  6
BYLAYER
100
AcDbEntity
100
AcDbPolyline
 90
2
 70
0
 43
0.01
 10
-2000.00003998
 20
-112.45078515
 30
0.0
 10
-1666.66670434
 20
-112.45078515
 30
0.0
  0
LWPOLYLINE
  5
734
  8
0
 62
0
370
-1
  6
BYLAYER
100
AcDbEntity
100
AcDbPolyline
 90
2
 70
0
 43
0.01
 10
-1666.66670434
 20
-112.45078515
 30
0.0
 10
-1333.33336225
 20
-112.45078515
 30
0.0
  0
LWPOLYLINE
  5
735
  8
0
 62
0
370
-1
  6
BYLAYER
100
AcDbEntity
100
AcDbPolyline
 90
2
 70
0
 43
0.01
 10
-1333.33336225
 20
-112.45078515
 30
0.0
 10
-1000.00001541
 20
-112.45078515
 30
0.0
  0
LWPOLYLINE
  5
736
  8
0
 62
0
370
-1
  6
BYLAYER
100
AcDbEntity
100
AcDbPolyline
 90
2
 70
0
 43
0.01
 10
-1000.00001541
 20
-112.45078515
 30
0.0
 10
-666.66666551
 20
-112.45078515
 30
0.0
  0
LWPOLYLINE
  5
737
  8
0
 62
0
370
-1
  6
BYLAYER
100
AcDbEntity
100
AcDbPolyline
 90
2
 70
0
 43
0.01
 10
-666.66666551
 20
-112.45078515
 30
0.0
 10
-333.33331425
 20
-112.45078515
 30
0.0
  0
LWPOLYLINE
  5
738
  8
0
 62
0
370
-1
  6
BYLAYER
100
AcDbEntity
100
AcDbPolyline
 90
2
 70
0
 43
0.01
 10
-333.33331425
 20
-112.45078515
 30
0.0
 10
0.00003667
 20
-112.45078515
 30
0.0
  0
LWPOLYLINE
  5
739
  8
0
 62
0
370
-1
  6
BYLAYER
100
AcDbEntity
100
AcDbPolyline
 90
2
 70
0
 43
0.01
 10
0.00003667
 20
-112.45078515
 30
0.0
 10
333.33338555
 20
-112.45078515
 30
0.0
  0
LWPOLYLINE
  5
73A
  8
0
 62
0
370
-1
  6
BYLAYER
100
AcDbEntity
100
AcDbPolyline
 90
2
 70
0
 43
0.01
 10
333.33338555
 20
-112.45078515
 30
0.0
 10
666.66673069
 20
-112.45078515
 30
0.0
  0
LWPOLYLINE
  5
73B
  8
0
 62
0
370
-1
  6
BYLAYER
100
AcDbEntity
100
AcDbPolyline
 90
2
 70
0
 43
0.01
 10
666.66673069
 20
-112.45078515
 30
0.0
 10
1000.0000704
 20
-112.45078515
 30
0.0
  0
LWPOLYLINE
  5
73C
  8
0
 62
0
370
-1
  6
BYLAYER
100
AcDbEntity
100
AcDbPolyline
 90
2
 70
0
 43
0.01
 10
1000.0000704
 20
-112.45078515
 30
0.0
 10
1333.33340299
 20
-112.45078515
 30
0.0
  0
LWPOLYLINE
  5
73D
  8
0
 62
0
370
-1
  6
BYLAYER
100
AcDbEntity
100
AcDbPolyline
 90
2
 70
0
 43
0.01
 10
1333.33340299
 20
-112.45078515
 30
0.0
 10
1666.66672674
 20
-112.45078515
 30
0.0
  0
LWPOLYLINE
  5
73E
  8
0
 62
0
370
-1
  6
BYLAYER
100
AcDbEntity
100
AcDbPolyline
 90
2
 70
0
 43
0.01
 10
1666.66672674
 20
-112.45078515
 30
0.0
 10
2000.00003998
 20
-112.45078515
 30
0.0
  0
LWPOLYLINE
  5
73F
  8
0
 62
0
370
-1
  6
BYLAYER
100
AcDbEntity
100
AcDbPolyline
 90
2
 70
0
 43
0.01
 10
2000.00003998
 20
281.24999646
 30
0.0
 10
2000.00003998
 20
281.24999646
 30
0.0
  0
LWPOLYLINE
  5
740
  8
0
 62
0
370
-1
  6
BYLAYER
100
AcDbEntity
100
AcDbPolyline
 90
2
 70
0
 43
0.01
 10
2000.00003998
 20
281.24999646
 30
0.0
 10
1666.66672674
 20
281.24999646
 30
0.0
  0
LWPOLYLINE
  5
741
  8
0
 62
0
370
-1
  6
BYLAYER
100
AcDbEntity
100
AcDbPolyline
 90
2
 70
0
 43
0.01
 10
1666.66672674
 20
281.24999646
 30
0.0
 10
1333.33340299
 20
281.24999646
 30
0.0
  0
LWPOLYLINE
  5
742
  8
0
 62
0
370
-1
  6
BYLAYER
100
AcDbEntity
100
AcDbPolyline
 90
2
 70
0
 43
0.01
 10
1333.33340299
 20
281.24999646
 30
0.0
 10
1000.0000704
 20
281.24999646
 30
0.0
  0
LWPOLYLINE
  5
743
  8
0
 62
0
370
-1
  6
BYLAYER
100
AcDbEntity
100
AcDbPolyline
 90
2
 70
0
 43
0.01
 10
1000.0000704
 20
281.24999646
 30
0.0
 10
666.66673069
 20
281.24999646
 30
0.0
  0
LWPOLYLINE
  5
744
  8
0
 62
0
370
-1
  6
BYLAYER
100
AcDbEntity
100
AcDbPolyline
 90
2
 70
0
 43
0.01
 10
666.66673069
 20
281.24999646
 30
0.0
 10
333.33338555
 20
281.24999646
 30
0.0
  0
LWPOLYLINE
  5
745
  8
0
 62
0
370
-1
  6
BYLAYER
100
AcDbEntity
100
AcDbPolyline
 90
2
 70
0
 43
0.01
 10
333.33338555
 20
281.24999646
 30
0.0
 10
0.00003667
 20
281.24999646
 30
0.0
  0
LWPOLYLINE
  5
746
  8
0
 62
0
370
-1
  6
BYLAYER
100
AcDbEntity
100
AcDbPolyline
 90
2
 70
0
 43
0.01
 10
0.00003667
 20
281.24999646
 30
0.0
 10
-333.33331425
 20
281.24999646
 30
0.0
  0
LWPOLYLINE
  5
747
  8
0
 62
0
370
-1
  6
BYLAYER
100
AcDbEntity
100
AcDbPolyline
 90
2
 70
0
 43
0.01
 10
-333.33331425
 20
281.24999646
 30
0.0
 10
-666.66666551
 20
281.24999646
 30
0.0
  0
LWPOLYLINE
  5
748
  8
0
 62
0
370
-1
  6
BYLAYER
100
AcDbEntity
100
AcDbPolyline
 90
2
 70
0
 43
0.01
 10
-666.66666551
 20
281.24999646
 30
0.0
 10
-1000.00001541
 20
281.24999646
 30
0.0
  0
LWPOLYLINE
  5
749
  8
0
 62
0
370
-1
  6
BYLAYER
100
AcDbEntity
100
AcDbPolyline
 90
2
 70
0
 43
0.01
 10
-1000.00001541
 20
281.24999646
 30
0.0
 10
-1333.33336225
 20
281.24999646
 30
0.0
  0
LWPOLYLINE
  5
74A
  8
0
 62
0
370
-1
  6
BYLAYER
100
AcDbEntity
100
AcDbPolyline
 90
2
 70
0
 43
0.01
 10
-1333.33336225
 20
281.24999646
 30
0.0
 10
-1666.66670434
 20
281.24999646
 30
0.0
  0
LWPOLYLINE
  5
74B
  8
0
 62
0
370
-1
  6
BYLAYER
100
AcDbEntity
100
AcDbPolyline
 90
2
 70
0
 43
0.01
 10
-1666.66670434
 20
281.24999646
 30
0.0
 10
-2000.00003998
 20
281.24999646
 30
0.0
  0
LWPOLYLINE
  5
74C
  8
0
 62
0
370
-1
  6
BYLAYER
100
AcDbEntity
100
AcDbPolyline
 90
2
 70
0
 43
0.01
 10
-2000.00003998
 20
84.39960565
 30
0.0
 10
-2000.00003998
 20
84.39960565
 30
0.0
  0
LWPOLYLINE
  5
74D
  8
0
 62
0
370
-1
  6
BYLAYER
100
AcDbEntity
100
AcDbPolyline
 90
2
 70
0
 43
0.01
 10
-2000.00003998
 20
84.39960565
 30
0.0
 10
-1666.66670434
 20
84.39960565
 30
0.0
  0
LWPOLYLINE
  5
74E
  8
0
 62
0
370
-1
  6
BYLAYER
100
AcDbEntity
100
AcDbPolyline
 90
2
 70
0
 43
0.01
 10
-1666.66670434
 20
84.39960565
 30
0.0
 10
-1333.33336225
 20
84.39960565
 30
0.0
  0
LWPOLYLINE
  5
74F
  8
0
 62
0
370
-1
  6
BYLAYER
100
AcDbEntity
100
AcDbPolyline
 90
2
 70
0
 43
0.01
 10
-1333.33336225
 20
84.39960565
 30
0.0
 10
-1000.00001541
 20
84.39960565
 30
0.0
  0
LWPOLYLINE
  5
750
  8
0
 62
0
370
-1
  6
BYLAYER
100
AcDbEntity
100
AcDbPolyline
 90
2
 70
0
 43
0.01
 10
-1000.00001541
 20
84.39960565
 30
0.0
 10
-666.66666551
 20
84.39960565
 30
0.0
  0
LWPOLYLINE
  5
751
  8
0
 62
0
370
-1
  6
BYLAYER
100
AcDbEntity
100
AcDbPolyline
 90
2
 70
0
 43
0.01
 10
-666.66666551
 20
84.39960565
 30
0.0
 10
-333.33331425
 20
84.39960565
 30
0.0
  0
LWPOLYLINE
  5
752
  8
0
 62
0
370
-1
  6
BYLAYER
100
AcDbEntity
100
AcDbPolyline
 90
2
 70
0
 43
0.01
 10
-333.33331425
 20
84.39960565
 30
0.0
 10
0.00003667
 20
84.39960565
 30
0.0
  0
LWPOLYLINE
  5
753
  8
0
 62
0
370
-1
  6
BYLAYER
100
AcDbEntity
100
AcDbPolyline
 90
2
 70
0
 43
0.01
 10
0.00003667
 20
84.39960565
 30
0.0
 10
333.33338555
 20
84.39960565
 30
0.0
  0
LWPOLYLINE
  5
754
  8
0
 62
0
370
-1
  6
BYLAYER
100
AcDbEntity
100
AcDbPolyline
 90
2
 70
0
 43
0.01
 10
333.33338555
 20
84.39960565
 30
0.0
 10
666.66673069
 20
84.39960565
 30
0.0
  0
LWPOLYLINE
  5
755
  8
0
 62
0
370
-1
  6
BYLAYER
100
AcDbEntity
100
AcDbPolyline
 90
2
 70
0
 43
0.01
 10
666.66673069
 20
84.39960565
 30
0.0
 10
1000.0000704
 20
84.39960565
 30
0.0
  0
LWPOLYLINE
  5
756
  8
0
 62
0
370
-1
  6
BYLAYER
100
AcDbEntity
100
AcDbPolyline
 90
2
 70
0
 43
0.01
 10
1000.0000704
 20
84.39960565
 30
0.0
 10
1333.33340299
 20
84.39960565
 30
0.0
  0
LWPOLYLINE
  5
757
  8
0
 62
0
370
-1
  6
BYLAYER
100
AcDbEntity
100
AcDbPolyline
 90
2
 70
0
 43
0.01
 10
1333.33340299
 20
84.39960565
 30
0.0
 10
1666.66672674
 20
84.39960565
 30
0.0
  0
LWPOLYLINE
  5
758
  8
0
 62
0
370
-1
  6
BYLAYER
100
AcDbEntity
100
AcDbPolyline
 90
2
 70
0
 43
0.01
 10
1666.66672674
 20
84.39960565
 30
0.0
 10
2000.00003998
 20
84.39960565
 30
0.0
  0
LWPOLYLINE
  5
759
  8
0
 62
0
370
-1
  6
BYLAYER
100
AcDbEntity
100
AcDbPolyline
 90
2
 70
0
 43
0.01
 10
-1737.53285224
 20
281.24999646
 30
0.0
 10
-1737.53285224
 20
281.24999646
 30
0.0
  0
LWPOLYLINE
  5
75A
  8
0
 62
0
370
-1
  6
BYLAYER
100
AcDbEntity
100
AcDbPolyline
 90
2
 70
0
 43
0.01
 10
-1737.53285224
 20
281.24999646
 30
0.0
 10
-1759.40512123
 20
281.24999646
 30
0.0
  0
LWPOLYLINE
  5
75B
  8
0
 62
0
370
-1
  6
BYLAYER
100
AcDbEntity
100
AcDbPolyline
 90
2
 70
0
 43
0.01
 10
-1759.40512123
 20
281.24999646
 30
0.0
 10
-1781.2773889
 20
281.24999646
 30
0.0
  0
LWPOLYLINE
  5
75C
  8
0
 62
0
370
-1
  6
BYLAYER
100
AcDbEntity
100
AcDbPolyline
 90
2
 70
0
 43
0.01
 10
-1781.2773889
 20
281.24999646
 30
0.0
 10
-1803.14965548
 20
281.24999646
 30
0.0
  0
LWPOLYLINE
  5
75D
  8
0
 62
0
370
-1
  6
BYLAYER
100
AcDbEntity
100
AcDbPolyline
 90
2
 70
0
 43
0.01
 10
-1803.14965548
 20
281.24999646
 30
0.0
 10
-1825.02192116
 20
281.24999646
 30
0.0
  0
LWPOLYLINE
  5
75E
  8
0
 62
0
370
-1
  6
BYLAYER
100
AcDbEntity
100
AcDbPolyline
 90
2
 70
0
 43
0.01
 10
-1825.02192116
 20
281.24999646
 30
0.0
 10
-1846.89418616
 20
281.24999646
 30
0.0
  0
LWPOLYLINE
  5
75F
  8
0
 62
0
370
-1
  6
BYLAYER
100
AcDbEntity
100
AcDbPolyline
 90
2
 70
0
 43
0.01
 10
-1846.89418616
 20
281.24999646
 30
0.0
 10
-1868.76645069
 20
281.24999646
 30
0.0
  0
LWPOLYLINE
  5
760
  8
0
 62
0
370
-1
  6
BYLAYER
100
AcDbEntity
100
AcDbPolyline
 90
2
 70
0
 43
0.01
 10
-1868.76645069
 20
281.24999646
 30
0.0
 10
-1890.63871497
 20
281.24999646
 30
0.0
  0
LWPOLYLINE
  5
761
  8
0
 62
0
370
-1
  6
BYLAYER
100
AcDbEntity
100
AcDbPolyline
 90
2
 70
0
 43
0.01
 10
-1890.63871497
 20
281.24999646
 30
0.0
 10
-1912.51097921
 20
281.24999646
 30
0.0
  0
LWPOLYLINE
  5
762
  8
0
 62
0
370
-1
  6
BYLAYER
100
AcDbEntity
100
AcDbPolyline
 90
2
 70
0
 43
0.01
 10
-1912.51097921
 20
281.24999646
 30
0.0
 10
-1934.38324362
 20
281.24999646
 30
0.0
  0
LWPOLYLINE
  5
763
  8
0
 62
0
370
-1
  6
BYLAYER
100
AcDbEntity
100
AcDbPolyline
 90
2
 70
0
 43
0.01
 10
-1934.38324362
 20
281.24999646
 30
0.0
 10
-1956.2555084
 20
281.24999646
 30
0.0
  0
LWPOLYLINE
  5
764
  8
0
 62
0
370
-1
  6
BYLAYER
100
AcDbEntity
100
AcDbPolyline
 90
2
 70
0
 43
0.01
 10
-1956.2555084
 20
281.24999646
 30
0.0
 10
-1978.12777379
 20
281.24999646
 30
0.0
  0
LWPOLYLINE
  5
765
  8
0
 62
0
370
-1
  6
BYLAYER
100
AcDbEntity
100
AcDbPolyline
 90
2
 70
0
 43
0.01
 10
-1978.12777379
 20
281.24999646
 30
0.0
 10
-2000.00003998
 20
281.24999646
 30
0.0
  0
LWPOLYLINE
  5
766
  8
0
 62
0
370
-1
  6
BYLAYER
100
AcDbEntity
100
AcDbPolyline
 90
2
 70
0
 43
0.01
 10
-2000.00003998
 20
281.24999646
 30
0.0
 10
-2000.00003998
 20
248.44159799
 30
0.0
  0
LWPOLYLINE
  5
767
  8
0
 62
0
370
-1
  6
BYLAYER
100
AcDbEntity
100
AcDbPolyline
 90
2
 70
0
 43
0.01
 10
-2000.00003998
 20
248.44159799
 30
0.0
 10
-2000.00003998
 20
215.63319952
 30
0.0
  0
LWPOLYLINE
  5
768
  8
0
 62
0
370
-1
  6
BYLAYER
100
AcDbEntity
100
AcDbPolyline
 90
2
 70
0
 43
0.01
 10
-2000.00003998
 20
215.63319952
 30
0.0
 10
-2000.00003998
 20
182.82480105
 30
0.0
  0
LWPOLYLINE
  5
769
  8
0
 62
0
370
-1
  6
BYLAYER
100
AcDbEntity
100
AcDbPolyline
 90
2
 70
0
 43
0.01
 10
-2000.00003998
 20
182.82480105
 30
0.0
 10
-2000.00003998
 20
150.01640259
 30
0.0
  0
LWPOLYLINE
  5
76A
  8
0
 62
0
370
-1
  6
BYLAYER
100
AcDbEntity
100
AcDbPolyline
 90
2
 70
0
 43
0.01
 10
-2000.00003998
 20
150.01640259
 30
0.0
 10
-2000.00003998
 20
117.20800412
 30
0.0
  0
LWPOLYLINE
  5
76B
  8
0
 62
0
370
-1
  6
BYLAYER
100
AcDbEntity
100
AcDbPolyline
 90
2
 70
0
 43
0.01
 10
-2000.00003998
 20
117.20800412
 30
0.0
 10
-2000.00003998
 20
84.39960565
 30
0.0
  0
LWPOLYLINE
  5
76C
  8
0
 62
0
370
-1
  6
BYLAYER
100
AcDbEntity
100
AcDbPolyline
 90
2
 70
0
 43
0.01
 10
-2000.00003998
 20
84.39960565
 30
0.0
 10
-2000.00003998
 20
51.59120719
 30
0.0
  0
LWPOLYLINE
  5
76D
  8
0
 62
0
370
-1
  6
BYLAYER
100
AcDbEntity
100
AcDbPolyline
 90
2
 70
0
 43
0.01
 10
-2000.00003998
 20
51.59120719
 30
0.0
 10
-2000.00003998
 20
18.78280872
 30
0.0
  0
LWPOLYLINE
  5
76E
  8
0
 62
0
370
-1
  6
BYLAYER
100
AcDbEntity
100
AcDbPolyline
 90
2
 70
0
 43
0.01
 10
-2000.00003998
 20
18.78280872
 30
0.0
 10
-2000.00003998
 20
-14.02558975
 30
0.0
  0
LWPOLYLINE
  5
76F
  8
0
 62
0
370
-1
  6
BYLAYER
100
AcDbEntity
100
AcDbPolyline
 90
2
 70
0
 43
0.01
 10
-2000.00003998
 20
-14.02558975
 30
0.0
 10
-2000.00003998
 20
-46.83398822
 30
0.0
  0
LWPOLYLINE
  5
770
  8
0
 62
0
370
-1
  6
BYLAYER
100
AcDbEntity
100
AcDbPolyline
 90
2
 70
0
 43
0.01
 10
-2000.00003998
 20
-46.83398822
 30
0.0
 10
-2000.00003998
 20
-79.64238668
 30
0.0
  0
LWPOLYLINE
  5
771
  8
0
 62
0
370
-1
  6
BYLAYER
100
AcDbEntity
100
AcDbPolyline
 90
2
 70
0
 43
0.01
 10
-2000.00003998
 20
-79.64238668
 30
0.0
 10
-2000.00003998
 20
-112.45078515
 30
0.0
  0
LWPOLYLINE
  5
772
  8
0
 62
0
370
-1
  6
BYLAYER
100
AcDbEntity
100
AcDbPolyline
 90
2
 70
0
 43
0.01
 10
-2000.00003998
 20
-112.45078515
 30
0.0
 10
-1978.12777379
 20
-112.45078515
 30
0.0
  0
LWPOLYLINE
  5
773
  8
0
 62
0
370
-1
  6
BYLAYER
100
AcDbEntity
100
AcDbPolyline
 90
2
 70
0
 43
0.01
 10
-1978.12777379
 20
-112.45078515
 30
0.0
 10
-1956.2555084
 20
-112.45078515
 30
0.0
  0
LWPOLYLINE
  5
774
  8
0
 62
0
370
-1
  6
BYLAYER
100
AcDbEntity
100
AcDbPolyline
 90
2
 70
0
 43
0.01
 10
-1956.2555084
 20
-112.45078515
 30
0.0
 10
-1934.38324362
 20
-112.45078515
 30
0.0
  0
LWPOLYLINE
  5
775
  8
0
 62
0
370
-1
  6
BYLAYER
100
AcDbEntity
100
AcDbPolyline
 90
2
 70
0
 43
0.01
 10
-1934.38324362
 20
-112.45078515
 30
0.0
 10
-1912.51097921
 20
-112.45078515
 30
0.0
  0
LWPOLYLINE
  5
776
  8
0
 62
0
370
-1
  6
BYLAYER
100
AcDbEntity
100
AcDbPolyline
 90
2
 70
0
 43
0.01
 10
-1912.51097921
 20
-112.45078515
 30
0.0
 10
-1890.63871497
 20
-112.45078515
 30
0.0
  0
LWPOLYLINE
  5
777
  8
0
 62
0
370
-1
  6
BYLAYER
100
AcDbEntity
100
AcDbPolyline
 90
2
 70
0
 43
0.01
 10
-1890.63871497
 20
-112.45078515
 30
0.0
 10
-1868.76645069
 20
-112.45078515
 30
0.0
  0
LWPOLYLINE
  5
778
  8
0
 62
0
370
-1
  6
BYLAYER
100
AcDbEntity
100
AcDbPolyline
 90
2
 70
0
 43
0.01
 10
-1868.76645069
 20
-112.45078515
 30
0.0
 10
-1846.89418616
 20
-112.45078515
 30
0.0
  0
LWPOLYLINE
  5
779
  8
0
 62
0
370
-1
  6
BYLAYER
100
AcDbEntity
100
AcDbPolyline
 90
2
 70
0
 43
0.01
 10
-1846.89418616
 20
-112.45078515
 30
0.0
 10
-1825.02192116
 20
-112.45078515
 30
0.0
  0
LWPOLYLINE
  5
77A
  8
0
 62
0
370
-1
  6
BYLAYER
100
AcDbEntity
100
AcDbPolyline
 90
2
 70
0
 43
0.01
 10
-1825.02192116
 20
-112.45078515
 30
0.0
 10
-1803.14965548
 20
-112.45078515
 30
0.0
  0
LWPOLYLINE
  5
77B
  8
0
 62
0
370
-1
  6
BYLAYER
100
AcDbEntity
100
AcDbPolyline
 90
2
 70
0
 43
0.01
 10
-1803.14965548
 20
-112.45078515
 30
0.0
 10
-1781.2773889
 20
-112.45078515
 30
0.0
  0
LWPOLYLINE
  5
77C
  8
0
 62
0
370
-1
  6
BYLAYER
100
AcDbEntity
100
AcDbPolyline
 90
2
 70
0
 43
0.01
 10
-1781.2773889
 20
-112.45078515
 30
0.0
 10
-1759.40512123
 20
-112.45078515
 30
0.0
  0
LWPOLYLINE
  5
77D
  8
0
 62
0
370
-1
  6
BYLAYER
100
AcDbEntity
100
AcDbPolyline
 90
2
 70
0
 43
0.01
 10
-1759.40512123
 20
-112.45078515
 30
0.0
 10
-1737.53285224
 20
-112.45078515
 30
0.0
  0
LWPOLYLINE
  5
77E
  8
0
 62
0
370
-1
  6
BYLAYER
100
AcDbEntity
100
AcDbPolyline
 90
2
 70
0
 43
0.04
 10
-2000.00003998
 20
84.39960565
 30
0.0
 10
-2000.00003998
 20
84.39960565
 30
0.0
  0
LWPOLYLINE
  5
77F
  8
0
 62
0
370
-1
  6
BYLAYER
100
AcDbEntity
100
AcDbPolyline
 90
2
 70
0
 43
0.04
 10
-2000.00003998
 20
84.39960565
 30
0.0
 10
-1978.12777379
 20
84.39960565
 30
0.0
  0
LWPOLYLINE
  5
780
  8
0
 62
0
370
-1
  6
BYLAYER
100
AcDbEntity
100
AcDbPolyline
 90
2
 70
0
 43
0.04
 10
-1978.12777379
 20
84.39960565
 30
0.0
 10
-1956.2555084
 20
84.39960565
 30
0.0
  0
LWPOLYLINE
  5
781
  8
0
 62
0
370
-1
  6
BYLAYER
100
AcDbEntity
100
AcDbPolyline
 90
2
 70
0
 43
0.04
 10
-1956.2555084
 20
84.39960565
 30
0.0
 10
-1934.38324362
 20
84.39960565
 30
0.0
  0
LWPOLYLINE
  5
782
  8
0
 62
0
370
-1
  6
BYLAYER
100
AcDbEntity
100
AcDbPolyline
 90
2
 70
0
 43
0.04
 10
-1934.38324362
 20
84.39960565
 30
0.0
 10
-1912.51097921
 20
84.39960565
 30
0.0
  0
LWPOLYLINE
  5
783
  8
0
 62
0
370
-1
  6
BYLAYER
100
AcDbEntity
100
AcDbPolyline
 90
2
 70
0
 43
0.04
 10
-1912.51097921
 20
84.39960565
 30
0.0
 10
-1890.63871497
 20
84.39960565
 30
0.0
  0
LWPOLYLINE
  5
784
  8
0
 62
0
370
-1
  6
BYLAYER
100
AcDbEntity
100
AcDbPolyline
 90
2
 70
0
 43
0.04
 10
-1890.63871497
 20
84.39960565
 30
0.0
 10
-1868.76645069
 20
84.39960565
 30
0.0
  0
LWPOLYLINE
  5
785
  8
0
 62
0
370
-1
  6
BYLAYER
100
AcDbEntity
100
AcDbPolyline
 90
2
 70
0
 43
0.04
 10
-1868.76645069
 20
84.39960565
 30
0.0
 10
-1846.89418616
 20
84.39960565
 30
0.0
  0
LWPOLYLINE
  5
786
  8
0
 62
0
370
-1
  6
BYLAYER
100
AcDbEntity
100
AcDbPolyline
 90
2
 70
0
 43
0.04
 10
-1846.89418616
 20
84.39960565
 30
0.0
 10
-1825.02192116
 20
84.39960565
 30
0.0
  0
LWPOLYLINE
  5
787
  8
0
 62
0
370
-1
  6
BYLAYER
100
AcDbEntity
100
AcDbPolyline
 90
2
 70
0
 43
0.04
 10
-1825.02192116
 20
84.39960565
 30
0.0
 10
-1803.14965548
 20
84.39960565
 30
0.0
  0
LWPOLYLINE
  5
788
  8
0
 62
0
370
-1
  6
BYLAYER
100
AcDbEntity
100
AcDbPolyline
 90
2
 70
0
 43
0.04
 10
-1803.14965548
 20
84.39960565
 30
0.0
 10
-1781.2773889
 20
84.39960565
 30
0.0
  0
LWPOLYLINE
  5
789
  8
0
 62
0
370
-1
  6
BYLAYER
100
AcDbEntity
100
AcDbPolyline
 90
2
 70
0
 43
0.04
 10
-1781.2773889
 20
84.39960565
 30
0.0
 10
-1759.40512123
 20
84.39960565
 30
0.0
  0
LWPOLYLINE
  5
78A
  8
0
 62
0
370
-1
  6
BYLAYER
100
AcDbEntity
100
AcDbPolyline
 90
2
 70
0
 43
0.04
 10
-1759.40512123
 20
84.39960565
 30
0.0
 10
-1737.53285224
 20
84.39960565
 30
0.0
  0
LWPOLYLINE
  5
78B
  8
0
 62
0
370
-1
  6
BYLAYER
100
AcDbEntity
100
AcDbPolyline
 90
2
 70
0
 43
0.01
 10
1737.53270557
 20
-112.45078515
 30
0.0
 10
1737.53270557
 20
-112.45078515
 30
0.0
  0
LWPOLYLINE
  5
78C
  8
0
 62
0
370
-1
  6
BYLAYER
100
AcDbEntity
100
AcDbPolyline
 90
2
 70
0
 43
0.01
 10
1737.53270557
 20
-112.45078515
 30
0.0
 10
1759.40497176
 20
-112.45078515
 30
0.0
  0
LWPOLYLINE
  5
78D
  8
0
 62
0
370
-1
  6
BYLAYER
100
AcDbEntity
100
AcDbPolyline
 90
2
 70
0
 43
0.01
 10
1759.40497176
 20
-112.45078515
 30
0.0
 10
1781.27723715
 20
-112.45078515
 30
0.0
  0
LWPOLYLINE
  5
78E
  8
0
 62
0
370
-1
  6
BYLAYER
100
AcDbEntity
100
AcDbPolyline
 90
2
 70
0
 43
0.01
 10
1781.27723715
 20
-112.45078515
 30
0.0
 10
1803.14950194
 20
-112.45078515
 30
0.0
  0
LWPOLYLINE
  5
78F
  8
0
 62
0
370
-1
  6
BYLAYER
100
AcDbEntity
100
AcDbPolyline
 90
2
 70
0
 43
0.01
 10
1803.14950194
 20
-112.45078515
 30
0.0
 10
1825.02176634
 20
-112.45078515
 30
0.0
  0
LWPOLYLINE
  5
790
  8
0
 62
0
370
-1
  6
BYLAYER
100
AcDbEntity
100
AcDbPolyline
 90
2
 70
0
 43
0.01
 10
1825.02176634
 20
-112.45078515
 30
0.0
 10
1846.89403058
 20
-112.45078515
 30
0.0
  0
LWPOLYLINE
  5
791
  8
0
 62
0
370
-1
  6
BYLAYER
100
AcDbEntity
100
AcDbPolyline
 90
2
 70
0
 43
0.01
 10
1846.89403058
 20
-112.45078515
 30
0.0
 10
1868.76629486
 20
-112.45078515
 30
0.0
  0
LWPOLYLINE
  5
792
  8
0
 62
0
370
-1
  6
BYLAYER
100
AcDbEntity
100
AcDbPolyline
 90
2
 70
0
 43
0.01
 10
1868.76629486
 20
-112.45078515
 30
0.0
 10
1890.63855939
 20
-112.45078515
 30
0.0
  0
LWPOLYLINE
  5
793
  8
0
 62
0
370
-1
  6
BYLAYER
100
AcDbEntity
100
AcDbPolyline
 90
2
 70
0
 43
0.01
 10
1890.63855939
 20
-112.45078515
 30
0.0
 10
1912.5108244
 20
-112.45078515
 30
0.0
  0
LWPOLYLINE
  5
794
  8
0
 62
0
370
-1
  6
BYLAYER
100
AcDbEntity
100
AcDbPolyline
 90
2
 70
0
 43
0.01
 10
1912.5108244
 20
-112.45078515
 30
0.0
 10
1934.38309008
 20
-112.45078515
 30
0.0
  0
LWPOLYLINE
  5
795
  8
0
 62
0
370
-1
  6
BYLAYER
100
AcDbEntity
100
AcDbPolyline
 90
2
 70
0
 43
0.01
 10
1934.38309008
 20
-112.45078515
 30
0.0
 10
1956.25535665
 20
-112.45078515
 30
0.0
  0
LWPOLYLINE
  5
796
  8
0
 62
0
370
-1
  6
BYLAYER
100
AcDbEntity
100
AcDbPolyline
 90
2
 70
0
 43
0.01
 10
1956.25535665
 20
-112.45078515
 30
0.0
 10
1978.12762432
 20
-112.45078515
 30
0.0
  0
LWPOLYLINE
  5
797
  8
0
 62
0
370
-1
  6
BYLAYER
100
AcDbEntity
100
AcDbPolyline
 90
2
 70
0
 43
0.01
 10
1978.12762432
 20
-112.45078515
 30
0.0
 10
1999.99989331
 20
-112.45078515
 30
0.0
  0
LWPOLYLINE
  5
798
  8
0
 62
0
370
-1
  6
BYLAYER
100
AcDbEntity
100
AcDbPolyline
 90
2
 70
0
 43
0.01
 10
1999.99989331
 20
-112.45078515
 30
0.0
 10
1999.99989331
 20
-79.64238668
 30
0.0
  0
LWPOLYLINE
  5
799
  8
0
 62
0
370
-1
  6
BYLAYER
100
AcDbEntity
100
AcDbPolyline
 90
2
 70
0
 43
0.01
 10
1999.99989331
 20
-79.64238668
 30
0.0
 10
1999.99989331
 20
-46.83398822
 30
0.0
  0
LWPOLYLINE
  5
79A
  8
0
 62
0
370
-1
  6
BYLAYER
100
AcDbEntity
100
AcDbPolyline
 90
2
 70
0
 43
0.01
 10
1999.99989331
 20
-46.83398822
 30
0.0
 10
1999.99989331
 20
-14.02558975
 30
0.0
  0
LWPOLYLINE
  5
79B
  8
0
 62
0
370
-1
  6
BYLAYER
100
AcDbEntity
100
AcDbPolyline
 90
2
 70
0
 43
0.01
 10
1999.99989331
 20
-14.02558975
 30
0.0
 10
1999.99989331
 20
18.78280872
 30
0.0
  0
LWPOLYLINE
  5
79C
  8
0
 62
0
370
-1
  6
BYLAYER
100
AcDbEntity
100
AcDbPolyline
 90
2
 70
0
 43
0.01
 10
1999.99989331
 20
18.78280872
 30
0.0
 10
1999.99989331
 20
51.59120719
 30
0.0
  0
LWPOLYLINE
  5
79D
  8
0
 62
0
370
-1
  6
BYLAYER
100
AcDbEntity
100
AcDbPolyline
 90
2
 70
0
 43
0.01
 10
1999.99989331
 20
51.59120719
 30
0.0
 10
1999.99989331
 20
84.39960565
 30
0.0
  0
LWPOLYLINE
  5
79E
  8
0
 62
0
370
-1
  6
BYLAYER
100
AcDbEntity
100
AcDbPolyline
 90
2
 70
0
 43
0.01
 10
1999.99989331
 20
84.39960565
 30
0.0
 10
1999.99989331
 20
117.20800412
 30
0.0
  0
LWPOLYLINE
  5
79F
  8
0
 62
0
370
-1
  6
BYLAYER
100
AcDbEntity
100
AcDbPolyline
 90
2
 70
0
 43
0.01
 10
1999.99989331
 20
117.20800412
 30
0.0
 10
1999.99989331
 20
150.01640259
 30
0.0
  0
LWPOLYLINE
  5
7A0
  8
0
 62
0
370
-1
  6
BYLAYER
100
AcDbEntity
100
AcDbPolyline
 90
2
 70
0
 43
0.01
 10
1999.99989331
 20
150.01640259
 30
0.0
 10
1999.99989331
 20
182.82480105
 30
0.0
  0
LWPOLYLINE
  5
7A1
  8
0
 62
0
370
-1
  6
BYLAYER
100
AcDbEntity
100
AcDbPolyline
 90
2
 70
0
 43
0.01
 10
1999.99989331
 20
182.82480105
 30
0.0
 10
1999.99989331
 20
215.63319952
 30
0.0
  0
LWPOLYLINE
  5
7A2
  8
0
 62
0
370
-1
  6
BYLAYER
100
AcDbEntity
100
AcDbPolyline
 90
2
 70
0
 43
0.01
 10
1999.99989331
 20
215.63319952
 30
0.0
 10
1999.99989331
 20
248.44159799
 30
0.0
  0
LWPOLYLINE
  5
7A3
  8
0
 62
0
370
-1
  6
BYLAYER
100
AcDbEntity
100
AcDbPolyline
 90
2
 70
0
 43
0.01
 10
1999.99989331
 20
248.44159799
 30
0.0
 10
1999.99989331
 20
281.24999646
 30
0.0
  0
LWPOLYLINE
  5
7A4
  8
0
 62
0
370
-1
  6
BYLAYER
100
AcDbEntity
100
AcDbPolyline
 90
2
 70
0
 43
0.01
 10
1999.99989331
 20
281.24999646
 30
0.0
 10
1978.12762432
 20
281.24999646
 30
0.0
  0
LWPOLYLINE
  5
7A5
  8
0
 62
0
370
-1
  6
BYLAYER
100
AcDbEntity
100
AcDbPolyline
 90
2
 70
0
 43
0.01
 10
1978.12762432
 20
281.24999646
 30
0.0
 10
1956.25535665
 20
281.24999646
 30
0.0
  0
LWPOLYLINE
  5
7A6
  8
0
 62
0
370
-1
  6
BYLAYER
100
AcDbEntity
100
AcDbPolyline
 90
2
 70
0
 43
0.01
 10
1956.25535665
 20
281.24999646
 30
0.0
 10
1934.38309008
 20
281.24999646
 30
0.0
  0
LWPOLYLINE
  5
7A7
  8
0
 62
0
370
-1
  6
BYLAYER
100
AcDbEntity
100
AcDbPolyline
 90
2
 70
0
 43
0.01
 10
1934.38309008
 20
281.24999646
 30
0.0
 10
1912.5108244
 20
281.24999646
 30
0.0
  0
LWPOLYLINE
  5
7A8
  8
0
 62
0
370
-1
  6
BYLAYER
100
AcDbEntity
100
AcDbPolyline
 90
2
 70
0
 43
0.01
 10
1912.5108244
 20
281.24999646
 30
0.0
 10
1890.63855939
 20
281.24999646
 30
0.0
  0
LWPOLYLINE
  5
7A9
  8
0
 62
0
370
-1
  6
BYLAYER
100
AcDbEntity
100
AcDbPolyline
 90
2
 70
0
 43
0.01
 10
1890.63855939
 20
281.24999646
 30
0.0
 10
1868.76629486
 20
281.24999646
 30
0.0
  0
LWPOLYLINE
  5
7AA
  8
0
 62
0
370
-1
  6
BYLAYER
100
AcDbEntity
100
AcDbPolyline
 90
2
 70
0
 43
0.01
 10
1868.76629486
 20
281.24999646
 30
0.0
 10
1846.89403058
 20
281.24999646
 30
0.0
  0
LWPOLYLINE
  5
7AB
  8
0
 62
0
370
-1
  6
BYLAYER
100
AcDbEntity
100
AcDbPolyline
 90
2
 70
0
 43
0.01
 10
1846.89403058
 20
281.24999646
 30
0.0
 10
1825.02176634
 20
281.24999646
 30
0.0
  0
LWPOLYLINE
  5
7AC
  8
0
 62
0
370
-1
  6
BYLAYER
100
AcDbEntity
100
AcDbPolyline
 90
2
 70
0
 43
0.01
 10
1825.02176634
 20
281.24999646
 30
0.0
 10
1803.14950194
 20
281.24999646
 30
0.0
  0
LWPOLYLINE
  5
7AD
  8
0
 62
0
370
-1
  6
BYLAYER
100
AcDbEntity
100
AcDbPolyline
 90
2
 70
0
 43
0.01
 10
1803.14950194
 20
281.24999646
 30
0.0
 10
1781.27723715
 20
281.24999646
 30
0.0
  0
LWPOLYLINE
  5
7AE
  8
0
 62
0
370
-1
  6
BYLAYER
100
AcDbEntity
100
AcDbPolyline
 90
2
 70
0
 43
0.01
 10
1781.27723715
 20
281.24999646
 30
0.0
 10
1759.40497176
 20
281.24999646
 30
0.0
  0
LWPOLYLINE
  5
7AF
  8
0
 62
0
370
-1
  6
BYLAYER
100
AcDbEntity
100
AcDbPolyline
 90
2
 70
0
 43
0.01
 10
1759.40497176
 20
281.24999646
 30
0.0
 10
1737.53270557
 20
281.24999646
 30
0.0
  0
LWPOLYLINE
  5
7B0
  8
0
 62
0
370
-1
  6
BYLAYER
100
AcDbEntity
100
AcDbPolyline
 90
2
 70
0
 43
0.04
 10
1737.53270557
 20
84.39960565
 30
0.0
 10
1737.53270557
 20
84.39960565
 30
0.0
  0
LWPOLYLINE
  5
7B1
  8
0
 62
0
370
-1
  6
BYLAYER
100
AcDbEntity
100
AcDbPolyline
 90
2
 70
0
 43
0.04
 10
1737.53270557
 20
84.39960565
 30
0.0
 10
1759.40497176
 20
84.39960565
 30
0.0
  0
LWPOLYLINE
  5
7B2
  8
0
 62
0
370
-1
  6
BYLAYER
100
AcDbEntity
100
AcDbPolyline
 90
2
 70
0
 43
0.04
 10
1759.40497176
 20
84.39960565
 30
0.0
 10
1781.27723715
 20
84.39960565
 30
0.0
  0
LWPOLYLINE
  5
7B3
  8
0
 62
0
370
-1
  6
BYLAYER
100
AcDbEntity
100
AcDbPolyline
 90
2
 70
0
 43
0.04
 10
1781.27723715
 20
84.39960565
 30
0.0
 10
1803.14950194
 20
84.39960565
 30
0.0
  0
LWPOLYLINE
  5
7B4
  8
0
 62
0
370
-1
  6
BYLAYER
100
AcDbEntity
100
AcDbPolyline
 90
2
 70
0
 43
0.04
 10
1803.14950194
 20
84.39960565
 30
0.0
 10
1825.02176634
 20
84.39960565
 30
0.0
  0
LWPOLYLINE
  5
7B5
  8
0
 62
0
370
-1
  6
BYLAYER
100
AcDbEntity
100
AcDbPolyline
 90
2
 70
0
 43
0.04
 10
1825.02176634
 20
84.39960565
 30
0.0
 10
1846.89403058
 20
84.39960565
 30
0.0
  0
LWPOLYLINE
  5
7B6
  8
0
 62
0
370
-1
  6
BYLAYER
100
AcDbEntity
100
AcDbPolyline
 90
2
 70
0
 43
0.04
 10
1846.89403058
 20
84.39960565
 30
0.0
 10
1868.76629486
 20
84.39960565
 30
0.0
  0
LWPOLYLINE
  5
7B7
  8
0
 62
0
370
-1
  6
BYLAYER
100
AcDbEntity
100
AcDbPolyline
 90
2
 70
0
 43
0.04
 10
1868.76629486
 20
84.39960565
 30
0.0
 10
1890.63855939
 20
84.39960565
 30
0.0
  0
LWPOLYLINE
  5
7B8
  8
0
 62
0
370
-1
  6
BYLAYER
100
AcDbEntity
100
AcDbPolyline
 90
2
 70
0
 43
0.04
 10
1890.63855939
 20
84.39960565
 30
0.0
 10
1912.5108244
 20
84.39960565
 30
0.0
  0
LWPOLYLINE
  5
7B9
  8
0
 62
0
370
-1
  6
BYLAYER
100
AcDbEntity
100
AcDbPolyline
 90
2
 70
0
 43
0.04
 10
1912.5108244
 20
84.39960565
 30
0.0
 10
1934.38309008
 20
84.39960565
 30
0.0
  0
LWPOLYLINE
  5
7BA
  8
0
 62
0
370
-1
  6
BYLAYER
100
AcDbEntity
100
AcDbPolyline
 90
2
 70
0
 43
0.04
 10
1934.38309008
 20
84.39960565
 30
0.0
 10
1956.25535665
 20
84.39960565
 30
0.0
  0
LWPOLYLINE
  5
7BB
  8
0
 62
0
370
-1
  6
BYLAYER
100
AcDbEntity
100
AcDbPolyline
 90
2
 70
0
 43
0.04
 10
1956.25535665
 20
84.39960565
 30
0.0
 10
1978.12762432
 20
84.39960565
 30
0.0
  0
LWPOLYLINE
  5
7BC
  8
0
 62
0
370
-1
  6
BYLAYER
100
AcDbEntity
100
AcDbPolyline
 90
2
 70
0
 43
0.04
 10
1978.12762432
 20
84.39960565
 30
0.0
 10
1999.99989331
 20
84.39960565
 30
0.0
  0
ENDBLK
  5
7BD
100
AcDbEntity
  8
0
100
AcDbBlockEnd
  0
BLOCK
  5
7BE
100
AcDbEntity
  8
0
100
AcDbBlockBegin
  2
F-2-0
 70
0
 10
0.0
 20
0.0
 30
0.0
  3
F-2-0
  1

  0
LWPOLYLINE
  5
7BF
  8
0
 62
0
370
-1
  6
BYLAYER
100
AcDbEntity
100
AcDbPolyline
 90
2
 70
0
 43
0.01
 10
0.0
 20
-229.16666106
 30
0.0
 10
0.0
 20
-229.16666106
 30
0.0
  0
LWPOLYLINE
  5
7C0
  8
0
 62
0
370
-1
  6
BYLAYER
100
AcDbEntity
100
AcDbPolyline
 90
2
 70
0
 43
0.01
 10
0.0
 20
-229.16666106
 30
0.0
 10
-31.09633159
 20
-227.07461847
 30
0.0
  0
LWPOLYLINE
  5
7C1
  8
0
 62
0
370
-1
  6
BYLAYER
100
AcDbEntity
100
AcDbPolyline
 90
2
 70
0
 43
0.01
 10
-31.09633159
 20
-227.07461847
 30
0.0
 10
-60.92120136
 20
-220.98052976
 30
0.0
  0
LWPOLYLINE
  5
7C2
  8
0
 62
0
370
-1
  6
BYLAYER
100
AcDbEntity
100
AcDbPolyline
 90
2
 70
0
 43
0.01
 10
-60.92120136
 20
-220.98052976
 30
0.0
 10
-89.20155095
 20
-211.15745355
 30
0.0
  0
LWPOLYLINE
  5
7C3
  8
0
 62
0
370
-1
  6
BYLAYER
100
AcDbEntity
100
AcDbPolyline
 90
2
 70
0
 43
0.01
 10
-89.20155095
 20
-211.15745355
 30
0.0
 10
-115.664322
 20
-197.87844844
 30
0.0
  0
LWPOLYLINE
  5
7C4
  8
0
 62
0
370
-1
  6
BYLAYER
100
AcDbEntity
100
AcDbPolyline
 90
2
 70
0
 43
0.01
 10
-115.664322
 20
-197.87844844
 30
0.0
 10
-140.03645618
 20
-181.41657304
 30
0.0
  0
LWPOLYLINE
  5
7C5
  8
0
 62
0
370
-1
  6
BYLAYER
100
AcDbEntity
100
AcDbPolyline
 90
2
 70
0
 43
0.01
 10
-140.03645618
 20
-181.41657304
 30
0.0
 10
-162.04489511
 20
-162.04488595
 30
0.0
  0
LWPOLYLINE
  5
7C6
  8
0
 62
0
370
-1
  6
BYLAYER
100
AcDbEntity
100
AcDbPolyline
 90
2
 70
0
 43
0.01
 10
-162.04489511
 20
-162.04488595
 30
0.0
 10
-181.41658046
 20
-140.03644578
 30
0.0
  0
LWPOLYLINE
  5
7C7
  8
0
 62
0
370
-1
  6
BYLAYER
100
AcDbEntity
100
AcDbPolyline
 90
2
 70
0
 43
0.01
 10
-181.41658046
 20
-140.03644578
 30
0.0
 10
-197.87845387
 20
-115.66431114
 30
0.0
  0
LWPOLYLINE
  5
7C8
  8
0
 62
0
370
-1
  6
BYLAYER
100
AcDbEntity
100
AcDbPolyline
 90
2
 70
0
 43
0.01
 10
-197.87845387
 20
-115.66431114
 30
0.0
 10
-211.15745699
 20
-89.20154063
 30
0.0
  0
LWPOLYLINE
  5
7C9
  8
0
 62
0
370
-1
  6
BYLAYER
100
AcDbEntity
100
AcDbPolyline
 90
2
 70
0
 43
0.01
 10
-211.15745699
 20
-89.20154063
 30
0.0
 10
-220.98053146
 20
-60.92119287
 30
0.0
  0
LWPOLYLINE
  5
7CA
  8
0
 62
0
370
-1
  6
BYLAYER
100
AcDbEntity
100
AcDbPolyline
 90
2
 70
0
 43
0.01
 10
-220.98053146
 20
-60.92119287
 30
0.0
 10
-227.07461894
 20
-31.09632646
 30
0.0
  0
LWPOLYLINE
  5
7CB
  8
0
 62
0
370
-1
  6
BYLAYER
100
AcDbEntity
100
AcDbPolyline
 90
2
 70
0
 43
0.01
 10
-227.07461894
 20
-31.09632646
 30
0.0
 10
-229.16666106
 20
-0.0
 30
0.0
  0
LWPOLYLINE
  5
7CC
  8
0
 62
0
370
-1
  6
BYLAYER
100
AcDbEntity
100
AcDbPolyline
 90
2
 70
0
 43
0.01
 10
-229.16666106
 20
-0.0
 30
0.0
 10
-227.07461894
 20
31.09633159
 30
0.0
  0
LWPOLYLINE
  5
7CD
  8
0
 62
0
370
-1
  6
BYLAYER
100
AcDbEntity
100
AcDbPolyline
 90
2
 70
0
 43
0.01
 10
-227.07461894
 20
31.09633159
 30
0.0
 10
-220.98053146
 20
60.92120136
 30
0.0
  0
LWPOLYLINE
  5
7CE
  8
0
 62
0
370
-1
  6
BYLAYER
100
AcDbEntity
100
AcDbPolyline
 90
2
 70
0
 43
0.01
 10
-220.98053146
 20
60.92120136
 30
0.0
 10
-211.15745699
 20
89.20155095
 30
0.0
  0
LWPOLYLINE
  5
7CF
  8
0
 62
0
370
-1
  6
BYLAYER
100
AcDbEntity
100
AcDbPolyline
 90
2
 70
0
 43
0.01
 10
-211.15745699
 20
89.20155095
 30
0.0
 10
-197.87845387
 20
115.664322
 30
0.0
  0
LWPOLYLINE
  5
7D0
  8
0
 62
0
370
-1
  6
BYLAYER
100
AcDbEntity
100
AcDbPolyline
 90
2
 70
0
 43
0.01
 10
-197.87845387
 20
115.664322
 30
0.0
 10
-181.41658046
 20
140.03645618
 30
0.0
  0
LWPOLYLINE
  5
7D1
  8
0
 62
0
370
-1
  6
BYLAYER
100
AcDbEntity
100
AcDbPolyline
 90
2
 70
0
 43
0.01
 10
-181.41658046
 20
140.03645618
 30
0.0
 10
-162.04489511
 20
162.04489511
 30
0.0
  0
LWPOLYLINE
  5
7D2
  8
0
 62
0
370
-1
  6
BYLAYER
100
AcDbEntity
100
AcDbPolyline
 90
2
 70
0
 43
0.01
 10
-162.04489511
 20
162.04489511
 30
0.0
 10
-140.03645618
 20
181.41658046
 30
0.0
  0
LWPOLYLINE
  5
7D3
  8
0
 62
0
370
-1
  6
BYLAYER
100
AcDbEntity
100
AcDbPolyline
 90
2
 70
0
 43
0.01
 10
-140.03645618
 20
181.41658046
 30
0.0
 10
-115.664322
 20
197.87845387
 30
0.0
  0
LWPOLYLINE
  5
7D4
  8
0
 62
0
370
-1
  6
BYLAYER
100
AcDbEntity
100
AcDbPolyline
 90
2
 70
0
 43
0.01
 10
-115.664322
 20
197.87845387
 30
0.0
 10
-89.20155095
 20
211.15745699
 30
0.0
  0
LWPOLYLINE
  5
7D5
  8
0
 62
0
370
-1
  6
BYLAYER
100
AcDbEntity
100
AcDbPolyline
 90
2
 70
0
 43
0.01
 10
-89.20155095
 20
211.15745699
 30
0.0
 10
-60.92120136
 20
220.98053146
 30
0.0
  0
LWPOLYLINE
  5
7D6
  8
0
 62
0
370
-1
  6
BYLAYER
100
AcDbEntity
100
AcDbPolyline
 90
2
 70
0
 43
0.01
 10
-60.92120136
 20
220.98053146
 30
0.0
 10
-31.09633159
 20
227.07461894
 30
0.0
  0
LWPOLYLINE
  5
7D7
  8
0
 62
0
370
-1
  6
BYLAYER
100
AcDbEntity
100
AcDbPolyline
 90
2
 70
0
 43
0.01
 10
-31.09633159
 20
227.07461894
 30
0.0
 10
0.0
 20
229.16666106
 30
0.0
  0
LWPOLYLINE
  5
7D8
  8
0
 62
0
370
-1
  6
BYLAYER
100
AcDbEntity
100
AcDbPolyline
 90
2
 70
0
 43
0.01
 10
0.0
 20
229.16666106
 30
0.0
 10
31.09632646
 20
227.07461894
 30
0.0
  0
LWPOLYLINE
  5
7D9
  8
0
 62
0
370
-1
  6
BYLAYER
100
AcDbEntity
100
AcDbPolyline
 90
2
 70
0
 43
0.01
 10
31.09632646
 20
227.07461894
 30
0.0
 10
60.92119287
 20
220.98053146
 30
0.0
  0
LWPOLYLINE
  5
7DA
  8
0
 62
0
370
-1
  6
BYLAYER
100
AcDbEntity
100
AcDbPolyline
 90
2
 70
0
 43
0.01
 10
60.92119287
 20
220.98053146
 30
0.0
 10
89.20154063
 20
211.15745699
 30
0.0
  0
LWPOLYLINE
  5
7DB
  8
0
 62
0
370
-1
  6
BYLAYER
100
AcDbEntity
100
AcDbPolyline
 90
2
 70
0
 43
0.01
 10
89.20154063
 20
211.15745699
 30
0.0
 10
115.66431114
 20
197.87845387
 30
0.0
  0
LWPOLYLINE
  5
7DC
  8
0
 62
0
370
-1
  6
BYLAYER
100
AcDbEntity
100
AcDbPolyline
 90
2
 70
0
 43
0.01
 10
115.66431114
 20
197.87845387
 30
0.0
 10
140.03644578
 20
181.41658046
 30
0.0
  0
LWPOLYLINE
  5
7DD
  8
0
 62
0
370
-1
  6
BYLAYER
100
AcDbEntity
100
AcDbPolyline
 90
2
 70
0
 43
0.01
 10
140.03644578
 20
181.41658046
 30
0.0
 10
162.04488595
 20
162.04489511
 30
0.0
  0
LWPOLYLINE
  5
7DE
  8
0
 62
0
370
-1
  6
BYLAYER
100
AcDbEntity
100
AcDbPolyline
 90
2
 70
0
 43
0.01
 10
162.04488595
 20
162.04489511
 30
0.0
 10
181.41657304
 20
140.03645618
 30
0.0
  0
LWPOLYLINE
  5
7DF
  8
0
 62
0
370
-1
  6
BYLAYER
100
AcDbEntity
100
AcDbPolyline
 90
2
 70
0
 43
0.01
 10
181.41657304
 20
140.03645618
 30
0.0
 10
197.87844844
 20
115.664322
 30
0.0
  0
LWPOLYLINE
  5
7E0
  8
0
 62
0
370
-1
  6
BYLAYER
100
AcDbEntity
100
AcDbPolyline
 90
2
 70
0
 43
0.01
 10
197.87844844
 20
115.664322
 30
0.0
 10
211.15745355
 20
89.20155095
 30
0.0
  0
LWPOLYLINE
  5
7E1
  8
0
 62
0
370
-1
  6
BYLAYER
100
AcDbEntity
100
AcDbPolyline
 90
2
 70
0
 43
0.01
 10
211.15745355
 20
89.20155095
 30
0.0
 10
220.98052976
 20
60.92120136
 30
0.0
  0
LWPOLYLINE
  5
7E2
  8
0
 62
0
370
-1
  6
BYLAYER
100
AcDbEntity
100
AcDbPolyline
 90
2
 70
0
 43
0.01
 10
220.98052976
 20
60.92120136
 30
0.0
 10
227.07461847
 20
31.09633159
 30
0.0
  0
LWPOLYLINE
  5
7E3
  8
0
 62
0
370
-1
  6
BYLAYER
100
AcDbEntity
100
AcDbPolyline
 90
2
 70
0
 43
0.01
 10
227.07461847
 20
31.09633159
 30
0.0
 10
229.16666106
 20
-0.0
 30
0.0
  0
LWPOLYLINE
  5
7E4
  8
0
 62
0
370
-1
  6
BYLAYER
100
AcDbEntity
100
AcDbPolyline
 90
2
 70
0
 43
0.01
 10
229.16666106
 20
-0.0
 30
0.0
 10
227.07461847
 20
-31.09632646
 30
0.0
  0
LWPOLYLINE
  5
7E5
  8
0
 62
0
370
-1
  6
BYLAYER
100
AcDbEntity
100
AcDbPolyline
 90
2
 70
0
 43
0.01
 10
227.07461847
 20
-31.09632646
 30
0.0
 10
220.98052976
 20
-60.92119287
 30
0.0
  0
LWPOLYLINE
  5
7E6
  8
0
 62
0
370
-1
  6
BYLAYER
100
AcDbEntity
100
AcDbPolyline
 90
2
 70
0
 43
0.01
 10
220.98052976
 20
-60.92119287
 30
0.0
 10
211.15745355
 20
-89.20154063
 30
0.0
  0
LWPOLYLINE
  5
7E7
  8
0
 62
0
370
-1
  6
BYLAYER
100
AcDbEntity
100
AcDbPolyline
 90
2
 70
0
 43
0.01
 10
211.15745355
 20
-89.20154063
 30
0.0
 10
197.87844844
 20
-115.66431114
 30
0.0
  0
LWPOLYLINE
  5
7E8
  8
0
 62
0
370
-1
  6
BYLAYER
100
AcDbEntity
100
AcDbPolyline
 90
2
 70
0
 43
0.01
 10
197.87844844
 20
-115.66431114
 30
0.0
 10
181.41657304
 20
-140.03644578
 30
0.0
  0
LWPOLYLINE
  5
7E9
  8
0
 62
0
370
-1
  6
BYLAYER
100
AcDbEntity
100
AcDbPolyline
 90
2
 70
0
 43
0.01
 10
181.41657304
 20
-140.03644578
 30
0.0
 10
162.04488595
 20
-162.04488595
 30
0.0
  0
LWPOLYLINE
  5
7EA
  8
0
 62
0
370
-1
  6
BYLAYER
100
AcDbEntity
100
AcDbPolyline
 90
2
 70
0
 43
0.01
 10
162.04488595
 20
-162.04488595
 30
0.0
 10
140.03644578
 20
-181.41657304
 30
0.0
  0
LWPOLYLINE
  5
7EB
  8
0
 62
0
370
-1
  6
BYLAYER
100
AcDbEntity
100
AcDbPolyline
 90
2
 70
0
 43
0.01
 10
140.03644578
 20
-181.41657304
 30
0.0
 10
115.66431114
 20
-197.87844844
 30
0.0
  0
LWPOLYLINE
  5
7EC
  8
0
 62
0
370
-1
  6
BYLAYER
100
AcDbEntity
100
AcDbPolyline
 90
2
 70
0
 43
0.01
 10
115.66431114
 20
-197.87844844
 30
0.0
 10
89.20154063
 20
-211.15745355
 30
0.0
  0
LWPOLYLINE
  5
7ED
  8
0
 62
0
370
-1
  6
BYLAYER
100
AcDbEntity
100
AcDbPolyline
 90
2
 70
0
 43
0.01
 10
89.20154063
 20
-211.15745355
 30
0.0
 10
60.92119287
 20
-220.98052976
 30
0.0
  0
LWPOLYLINE
  5
7EE
  8
0
 62
0
370
-1
  6
BYLAYER
100
AcDbEntity
100
AcDbPolyline
 90
2
 70
0
 43
0.01
 10
60.92119287
 20
-220.98052976
 30
0.0
 10
31.09632646
 20
-227.07461847
 30
0.0
  0
LWPOLYLINE
  5
7EF
  8
0
 62
0
370
-1
  6
BYLAYER
100
AcDbEntity
100
AcDbPolyline
 90
2
 70
0
 43
0.01
 10
31.09632646
 20
-227.07461847
 30
0.0
 10
0.0
 20
-229.16666106
 30
0.0
  0
LWPOLYLINE
  5
7F0
  8
0
 62
0
370
-1
  6
BYLAYER
100
AcDbEntity
100
AcDbPolyline
 90
2
 70
0
 43
0.01
 10
0.0
 20
-229.16666106
 30
0.0
 10
0.0
 20
-229.16666106
 30
0.0
  0
LWPOLYLINE
  5
7F1
  8
0
 62
0
370
-1
  6
BYLAYER
100
AcDbEntity
100
AcDbPolyline
 90
2
 70
0
 43
0.01
 10
0.0
 20
-229.16666106
 30
0.0
 10
0.0
 20
-229.16666106
 30
0.0
  0
LWPOLYLINE
  5
7F2
  8
0
 62
0
370
-1
  6
BYLAYER
100
AcDbEntity
100
AcDbPolyline
 90
2
 70
0
 43
0.01
 10
0.0
 20
-229.16666106
 30
0.0
 10
0.0
 20
-229.16666106
 30
0.0
  0
LWPOLYLINE
  5
7F3
  8
0
 62
0
370
-1
  6
BYLAYER
100
AcDbEntity
100
AcDbPolyline
 90
2
 70
0
 43
0.01
 10
0.0
 20
-229.16666106
 30
0.0
 10
0.0
 20
-229.16666106
 30
0.0
  0
LWPOLYLINE
  5
7F4
  8
0
 62
0
370
-1
  6
BYLAYER
100
AcDbEntity
100
AcDbPolyline
 90
2
 70
0
 43
0.01
 10
0.0
 20
-229.16666106
 30
0.0
 10
0.0
 20
-229.16666106
 30
0.0
  0
LWPOLYLINE
  5
7F5
  8
0
 62
0
370
-1
  6
BYLAYER
100
AcDbEntity
100
AcDbPolyline
 90
2
 70
0
 43
0.01
 10
0.0
 20
-229.16666106
 30
0.0
 10
0.0
 20
-229.16666106
 30
0.0
  0
LWPOLYLINE
  5
7F6
  8
0
 62
0
370
-1
  6
BYLAYER
100
AcDbEntity
100
AcDbPolyline
 90
2
 70
0
 43
0.01
 10
0.0
 20
-229.16666106
 30
0.0
 10
0.0
 20
-229.16666106
 30
0.0
  0
LWPOLYLINE
  5
7F7
  8
0
 62
0
370
-1
  6
BYLAYER
100
AcDbEntity
100
AcDbPolyline
 90
2
 70
0
 43
0.01
 10
0.0
 20
-229.16666106
 30
0.0
 10
0.0
 20
-229.16666106
 30
0.0
  0
LWPOLYLINE
  5
7F8
  8
0
 62
0
370
-1
  6
BYLAYER
100
AcDbEntity
100
AcDbPolyline
 90
2
 70
0
 43
0.01
 10
0.0
 20
-229.16666106
 30
0.0
 10
0.0
 20
-229.16666106
 30
0.0
  0
LWPOLYLINE
  5
7F9
  8
0
 62
0
370
-1
  6
BYLAYER
100
AcDbEntity
100
AcDbPolyline
 90
2
 70
0
 43
0.01
 10
0.0
 20
-229.16666106
 30
0.0
 10
0.0
 20
-229.16666106
 30
0.0
  0
LWPOLYLINE
  5
7FA
  8
0
 62
0
370
-1
  6
BYLAYER
100
AcDbEntity
100
AcDbPolyline
 90
2
 70
0
 43
0.01
 10
0.0
 20
-229.16666106
 30
0.0
 10
0.0
 20
-229.16666106
 30
0.0
  0
LWPOLYLINE
  5
7FB
  8
0
 62
0
370
-1
  6
BYLAYER
100
AcDbEntity
100
AcDbPolyline
 90
2
 70
0
 43
0.01
 10
0.0
 20
-229.16666106
 30
0.0
 10
0.0
 20
-229.16666106
 30
0.0
  0
LWPOLYLINE
  5
7FC
  8
0
 62
0
370
-1
  6
BYLAYER
100
AcDbEntity
100
AcDbPolyline
 90
2
 70
0
 43
0.01
 10
0.0
 20
-229.16666106
 30
0.0
 10
0.0
 20
-229.16666106
 30
0.0
  0
LWPOLYLINE
  5
7FD
  8
0
 62
0
370
-1
  6
BYLAYER
100
AcDbEntity
100
AcDbPolyline
 90
2
 70
0
 43
0.01
 10
0.0
 20
-229.16666106
 30
0.0
 10
0.0
 20
-229.16666106
 30
0.0
  0
ENDBLK
  5
7FE
100
AcDbEntity
  8
0
100
AcDbBlockEnd
  0
BLOCK
  5
7FF
100
AcDbEntity
  8
0
100
AcDbBlockBegin
  2
W-3-0
 70
0
 10
0.0
 20
0.0
 30
0.0
  3
W-3-0
  1

  0
LWPOLYLINE
  5
800
  8
0
 62
0
370
-1
  6
BYLAYER
100
AcDbEntity
100
AcDbPolyline
 90
2
 70
0
 43
0.01
 10
1312.33579202
 20
-0.00019555
 30
0.0
 10
1312.33579202
 20
-0.00019555
 30
0.0
  0
LWPOLYLINE
  5
801
  8
0
 62
0
370
-1
  6
BYLAYER
100
AcDbEntity
100
AcDbPolyline
 90
2
 70
0
 43
0.01
 10
1312.33579202
 20
-0.00019555
 30
0.0
 10
1288.38642324
 20
-356.27128862
 30
0.0
  0
LWPOLYLINE
  5
802
  8
0
 62
0
370
-1
  6
BYLAYER
100
AcDbEntity
100
AcDbPolyline
 90
2
 70
0
 43
0.01
 10
1288.38642324
 20
-356.27128862
 30
0.0
 10
1218.61921924
 20
-697.93808861
 30
0.0
  0
LWPOLYLINE
  5
803
  8
0
 62
0
370
-1
  6
BYLAYER
100
AcDbEntity
100
AcDbPolyline
 90
2
 70
0
 43
0.01
 10
1218.61921924
 20
-697.93808861
 30
0.0
 10
1106.15553351
 20
-1021.87924102
 30
0.0
  0
LWPOLYLINE
  5
804
  8
0
 62
0
370
-1
  6
BYLAYER
100
AcDbEntity
100
AcDbPolyline
 90
2
 70
0
 43
0.01
 10
1106.15553351
 20
-1021.87924102
 30
0.0
 10
954.11671956
 20
-1324.97339131
 30
0.0
  0
LWPOLYLINE
  5
805
  8
0
 62
0
370
-1
  6
BYLAYER
100
AcDbEntity
100
AcDbPolyline
 90
2
 70
0
 43
0.01
 10
954.11671956
 20
-1324.97339131
 30
0.0
 10
765.6241309
 20
-1604.09918497
 30
0.0
  0
LWPOLYLINE
  5
806
  8
0
 62
0
370
-1
  6
BYLAYER
100
AcDbEntity
100
AcDbPolyline
 90
2
 70
0
 43
0.01
 10
765.6241309
 20
-1604.09918497
 30
0.0
 10
543.79912102
 20
-1856.13526748
 30
0.0
  0
LWPOLYLINE
  5
807
  8
0
 62
0
370
-1
  6
BYLAYER
100
AcDbEntity
100
AcDbPolyline
 90
2
 70
0
 43
0.01
 10
543.79912102
 20
-1856.13526748
 30
0.0
 10
291.76304344
 20
-2077.96028432
 30
0.0
  0
LWPOLYLINE
  5
808
  8
0
 62
0
370
-1
  6
BYLAYER
100
AcDbEntity
100
AcDbPolyline
 90
2
 70
0
 43
0.01
 10
291.76304344
 20
-2077.96028432
 30
0.0
 10
12.63725164
 20
-2266.45288096
 30
0.0
  0
LWPOLYLINE
  5
809
  8
0
 62
0
370
-1
  6
BYLAYER
100
AcDbEntity
100
AcDbPolyline
 90
2
 70
0
 43
0.01
 10
12.63725164
 20
-2266.45288096
 30
0.0
 10
-290.45690086
 20
-2418.49170288
 30
0.0
  0
LWPOLYLINE
  5
80A
  8
0
 62
0
370
-1
  6
BYLAYER
100
AcDbEntity
100
AcDbPolyline
 90
2
 70
0
 43
0.01
 10
-290.45690086
 20
-2418.49170288
 30
0.0
 10
-614.39806057
 20
-2530.95539557
 30
0.0
  0
LWPOLYLINE
  5
80B
  8
0
 62
0
370
-1
  6
BYLAYER
100
AcDbEntity
100
AcDbPolyline
 90
2
 70
0
 43
0.01
 10
-614.39806057
 20
-2530.95539557
 30
0.0
 10
-956.06487397
 20
-2600.7226045
 30
0.0
  0
LWPOLYLINE
  5
80C
  8
0
 62
0
370
-1
  6
BYLAYER
100
AcDbEntity
100
AcDbPolyline
 90
2
 70
0
 43
0.01
 10
-956.06487397
 20
-2600.7226045
 30
0.0
 10
-1312.33598757
 20
-2624.67197515
 30
0.0
  0
LWPOLYLINE
  5
80D
  8
0
 62
0
370
-1
  6
BYLAYER
100
AcDbEntity
100
AcDbPolyline
 90
2
 70
0
 43
0.01
 10
-1312.33598757
 20
-2624.67197515
 30
0.0
 10
-1312.33598757
 20
-2405.94932311
 30
0.0
  0
LWPOLYLINE
  5
80E
  8
0
 62
0
370
-1
  6
BYLAYER
100
AcDbEntity
100
AcDbPolyline
 90
2
 70
0
 43
0.01
 10
-1312.33598757
 20
-2405.94932311
 30
0.0
 10
-1312.33598757
 20
-2187.22666497
 30
0.0
  0
LWPOLYLINE
  5
80F
  8
0
 62
0
370
-1
  6
BYLAYER
100
AcDbEntity
100
AcDbPolyline
 90
2
 70
0
 43
0.01
 10
-1312.33598757
 20
-2187.22666497
 30
0.0
 10
-1312.33598757
 20
-1968.50400275
 30
0.0
  0
LWPOLYLINE
  5
810
  8
0
 62
0
370
-1
  6
BYLAYER
100
AcDbEntity
100
AcDbPolyline
 90
2
 70
0
 43
0.01
 10
-1312.33598757
 20
-1968.50400275
 30
0.0
 10
-1312.33598757
 20
-1749.78133849
 30
0.0
  0
LWPOLYLINE
  5
811
  8
0
 62
0
370
-1
  6
BYLAYER
100
AcDbEntity
100
AcDbPolyline
 90
2
 70
0
 43
0.01
 10
-1312.33598757
 20
-1749.78133849
 30
0.0
 10
-1312.33598757
 20
-1531.05867424
 30
0.0
  0
LWPOLYLINE
  5
812
  8
0
 62
0
370
-1
  6
BYLAYER
100
AcDbEntity
100
AcDbPolyline
 90
2
 70
0
 43
0.01
 10
-1312.33598757
 20
-1531.05867424
 30
0.0
 10
-1312.33598757
 20
-1312.33601202
 30
0.0
  0
LWPOLYLINE
  5
813
  8
0
 62
0
370
-1
  6
BYLAYER
100
AcDbEntity
100
AcDbPolyline
 90
2
 70
0
 43
0.01
 10
-1312.33598757
 20
-1312.33601202
 30
0.0
 10
-1312.33598757
 20
-1093.61335387
 30
0.0
  0
LWPOLYLINE
  5
814
  8
0
 62
0
370
-1
  6
BYLAYER
100
AcDbEntity
100
AcDbPolyline
 90
2
 70
0
 43
0.01
 10
-1312.33598757
 20
-1093.61335387
 30
0.0
 10
-1312.33598757
 20
-874.89070184
 30
0.0
  0
LWPOLYLINE
  5
815
  8
0
 62
0
370
-1
  6
BYLAYER
100
AcDbEntity
100
AcDbPolyline
 90
2
 70
0
 43
0.01
 10
-1312.33598757
 20
-874.89070184
 30
0.0
 10
-1312.33598757
 20
-656.16805795
 30
0.0
  0
LWPOLYLINE
  5
816
  8
0
 62
0
370
-1
  6
BYLAYER
100
AcDbEntity
100
AcDbPolyline
 90
2
 70
0
 43
0.01
 10
-1312.33598757
 20
-656.16805795
 30
0.0
 10
-1312.33598757
 20
-437.44542425
 30
0.0
  0
LWPOLYLINE
  5
817
  8
0
 62
0
370
-1
  6
BYLAYER
100
AcDbEntity
100
AcDbPolyline
 90
2
 70
0
 43
0.01
 10
-1312.33598757
 20
-437.44542425
 30
0.0
 10
-1312.33598757
 20
-218.72280277
 30
0.0
  0
LWPOLYLINE
  5
818
  8
0
 62
0
370
-1
  6
BYLAYER
100
AcDbEntity
100
AcDbPolyline
 90
2
 70
0
 43
0.01
 10
-1312.33598757
 20
-218.72280277
 30
0.0
 10
-1312.33598757
 20
-0.00019555
 30
0.0
  0
ENDBLK
  5
819
100
AcDbEntity
  8
0
100
AcDbBlockEnd
  0
BLOCK
  5
81A
100
AcDbEntity
  8
0
100
AcDbBlockBegin
  2
W-3-1
 70
0
 10
0.0
 20
0.0
 30
0.0
  3
W-3-1
  1

  0
LWPOLYLINE
  5
81B
  8
0
 62
0
370
-1
  6
BYLAYER
100
AcDbEntity
100
AcDbPolyline
 90
2
 70
0
 43
0.01
 10
1312.33579202
 20
-0.00019555
 30
0.0
 10
1312.33579202
 20
-0.00019555
 30
0.0
  0
LWPOLYLINE
  5
81C
  8
0
 62
0
370
-1
  6
BYLAYER
100
AcDbEntity
100
AcDbPolyline
 90
2
 70
0
 43
0.01
 10
1312.33579202
 20
-0.00019555
 30
0.0
 10
1288.38642324
 20
-356.27128862
 30
0.0
  0
LWPOLYLINE
  5
81D
  8
0
 62
0
370
-1
  6
BYLAYER
100
AcDbEntity
100
AcDbPolyline
 90
2
 70
0
 43
0.01
 10
1288.38642324
 20
-356.27128862
 30
0.0
 10
1218.61921924
 20
-697.93808861
 30
0.0
  0
LWPOLYLINE
  5
81E
  8
0
 62
0
370
-1
  6
BYLAYER
100
AcDbEntity
100
AcDbPolyline
 90
2
 70
0
 43
0.01
 10
1218.61921924
 20
-697.93808861
 30
0.0
 10
1106.15553351
 20
-1021.87924102
 30
0.0
  0
LWPOLYLINE
  5
81F
  8
0
 62
0
370
-1
  6
BYLAYER
100
AcDbEntity
100
AcDbPolyline
 90
2
 70
0
 43
0.01
 10
1106.15553351
 20
-1021.87924102
 30
0.0
 10
954.11671956
 20
-1324.97339131
 30
0.0
  0
LWPOLYLINE
  5
820
  8
0
 62
0
370
-1
  6
BYLAYER
100
AcDbEntity
100
AcDbPolyline
 90
2
 70
0
 43
0.01
 10
954.11671956
 20
-1324.97339131
 30
0.0
 10
765.6241309
 20
-1604.09918497
 30
0.0
  0
LWPOLYLINE
  5
821
  8
0
 62
0
370
-1
  6
BYLAYER
100
AcDbEntity
100
AcDbPolyline
 90
2
 70
0
 43
0.01
 10
765.6241309
 20
-1604.09918497
 30
0.0
 10
543.79912102
 20
-1856.13526748
 30
0.0
  0
LWPOLYLINE
  5
822
  8
0
 62
0
370
-1
  6
BYLAYER
100
AcDbEntity
100
AcDbPolyline
 90
2
 70
0
 43
0.01
 10
543.79912102
 20
-1856.13526748
 30
0.0
 10
291.76304344
 20
-2077.96028432
 30
0.0
  0
LWPOLYLINE
  5
823
  8
0
 62
0
370
-1
  6
BYLAYER
100
AcDbEntity
100
AcDbPolyline
 90
2
 70
0
 43
0.01
 10
291.76304344
 20
-2077.96028432
 30
0.0
 10
12.63725164
 20
-2266.45288096
 30
0.0
  0
LWPOLYLINE
  5
824
  8
0
 62
0
370
-1
  6
BYLAYER
100
AcDbEntity
100
AcDbPolyline
 90
2
 70
0
 43
0.01
 10
12.63725164
 20
-2266.45288096
 30
0.0
 10
-290.45690086
 20
-2418.49170288
 30
0.0
  0
LWPOLYLINE
  5
825
  8
0
 62
0
370
-1
  6
BYLAYER
100
AcDbEntity
100
AcDbPolyline
 90
2
 70
0
 43
0.01
 10
-290.45690086
 20
-2418.49170288
 30
0.0
 10
-614.39806057
 20
-2530.95539557
 30
0.0
  0
LWPOLYLINE
  5
826
  8
0
 62
0
370
-1
  6
BYLAYER
100
AcDbEntity
100
AcDbPolyline
 90
2
 70
0
 43
0.01
 10
-614.39806057
 20
-2530.95539557
 30
0.0
 10
-956.06487397
 20
-2600.7226045
 30
0.0
  0
LWPOLYLINE
  5
827
  8
0
 62
0
370
-1
  6
BYLAYER
100
AcDbEntity
100
AcDbPolyline
 90
2
 70
0
 43
0.01
 10
-956.06487397
 20
-2600.7226045
 30
0.0
 10
-1312.33598757
 20
-2624.67197515
 30
0.0
  0
LWPOLYLINE
  5
828
  8
0
 62
0
370
-1
  6
BYLAYER
100
AcDbEntity
100
AcDbPolyline
 90
2
 70
0
 43
0.01
 10
-1312.33598757
 20
-2624.67197515
 30
0.0
 10
-1312.33598757
 20
-2405.94932311
 30
0.0
  0
LWPOLYLINE
  5
829
  8
0
 62
0
370
-1
  6
BYLAYER
100
AcDbEntity
100
AcDbPolyline
 90
2
 70
0
 43
0.01
 10
-1312.33598757
 20
-2405.94932311
 30
0.0
 10
-1312.33598757
 20
-2187.22666497
 30
0.0
  0
LWPOLYLINE
  5
82A
  8
0
 62
0
370
-1
  6
BYLAYER
100
AcDbEntity
100
AcDbPolyline
 90
2
 70
0
 43
0.01
 10
-1312.33598757
 20
-2187.22666497
 30
0.0
 10
-1312.33598757
 20
-1968.50400275
 30
0.0
  0
LWPOLYLINE
  5
82B
  8
0
 62
0
370
-1
  6
BYLAYER
100
AcDbEntity
100
AcDbPolyline
 90
2
 70
0
 43
0.01
 10
-1312.33598757
 20
-1968.50400275
 30
0.0
 10
-1312.33598757
 20
-1749.78133849
 30
0.0
  0
LWPOLYLINE
  5
82C
  8
0
 62
0
370
-1
  6
BYLAYER
100
AcDbEntity
100
AcDbPolyline
 90
2
 70
0
 43
0.01
 10
-1312.33598757
 20
-1749.78133849
 30
0.0
 10
-1312.33598757
 20
-1531.05867424
 30
0.0
  0
LWPOLYLINE
  5
82D
  8
0
 62
0
370
-1
  6
BYLAYER
100
AcDbEntity
100
AcDbPolyline
 90
2
 70
0
 43
0.01
 10
-1312.33598757
 20
-1531.05867424
 30
0.0
 10
-1312.33598757
 20
-1312.33601202
 30
0.0
  0
LWPOLYLINE
  5
82E
  8
0
 62
0
370
-1
  6
BYLAYER
100
AcDbEntity
100
AcDbPolyline
 90
2
 70
0
 43
0.01
 10
-1312.33598757
 20
-1312.33601202
 30
0.0
 10
-1312.33598757
 20
-1093.61335387
 30
0.0
  0
LWPOLYLINE
  5
82F
  8
0
 62
0
370
-1
  6
BYLAYER
100
AcDbEntity
100
AcDbPolyline
 90
2
 70
0
 43
0.01
 10
-1312.33598757
 20
-1093.61335387
 30
0.0
 10
-1312.33598757
 20
-874.89070184
 30
0.0
  0
LWPOLYLINE
  5
830
  8
0
 62
0
370
-1
  6
BYLAYER
100
AcDbEntity
100
AcDbPolyline
 90
2
 70
0
 43
0.01
 10
-1312.33598757
 20
-874.89070184
 30
0.0
 10
-1312.33598757
 20
-656.16805795
 30
0.0
  0
LWPOLYLINE
  5
831
  8
0
 62
0
370
-1
  6
BYLAYER
100
AcDbEntity
100
AcDbPolyline
 90
2
 70
0
 43
0.01
 10
-1312.33598757
 20
-656.16805795
 30
0.0
 10
-1312.33598757
 20
-437.44542425
 30
0.0
  0
LWPOLYLINE
  5
832
  8
0
 62
0
370
-1
  6
BYLAYER
100
AcDbEntity
100
AcDbPolyline
 90
2
 70
0
 43
0.01
 10
-1312.33598757
 20
-437.44542425
 30
0.0
 10
-1312.33598757
 20
-218.72280277
 30
0.0
  0
LWPOLYLINE
  5
833
  8
0
 62
0
370
-1
  6
BYLAYER
100
AcDbEntity
100
AcDbPolyline
 90
2
 70
0
 43
0.01
 10
-1312.33598757
 20
-218.72280277
 30
0.0
 10
-1312.33598757
 20
-0.00019555
 30
0.0
  0
ENDBLK
  5
834
100
AcDbEntity
  8
0
100
AcDbBlockEnd
  0
ENDSEC
  0
SECTION
  2
ENTITIES
  0
LWPOLYLINE
  5
835
  8
walls
 62
256
370
-1
  6
BYLAYER
100
AcDbEntity
100
AcDbPolyline
 90
8
 70
1
 10
-7.50984252
 20
-4.06167979
 30
0.0
 10
-2.49015748
 20
-4.06167979
 30
0.0
 10
-2.49015748
 20
-4.61614173
 30
0.0
 10
-10.12467192
 20
-4.61614173
 30
0.0
 10
-10.12467192
 20
-4.09448819
 30
0.0
 10
-8.07414698
 20
-4.09448819
 30
0.0
 10
-8.07414698
 20
-3.73687664
 30
0.0
 10
-7.50984252
 20
-3.73687664
 30
0.0
  0
LWPOLYLINE
  5
836
  8
walls
 62
256
370
-1
  6
BYLAYER
100
AcDbEntity
100
AcDbPolyline
 90
12
 70
1
 10
-11.64041995
 20
0.71194226
 30
0.0
 10
-16.07283465
 20
0.71194226
 30
0.0
 10
-16.07283465
 20
-4.09448819
 30
0.0
 10
-14.12729659
 20
-4.09448819
 30
0.0
 10
-14.12729659
 20
-4.61614173
 30
0.0
 10
-21.40748031
 20
-4.61614173
 30
0.0
 10
-21.40748031
 20
-4.09448819
 30
0.0
 10
-16.63385827
 20
-4.09448819
 30
0.0
 10
-16.63385827
 20
1.27624672
 30
0.0
 10
-12.27690289
 20
1.27624672
 30
0.0
 10
-12.27690289
 20
1.56167979
 30
0.0
 10
-11.64041995
 20
1.56167979
 30
0.0
  0
LWPOLYLINE
  5
837
  8
walls
 62
256
370
-1
  6
BYLAYER
100
AcDbEntity
100
AcDbPolyline
 90
22
 70
1
 10
6.17454068
 20
31.74868766
 30
0.0
 10
6.17454068
 20
31.7191601
 30
0.0
 10
6.17125984
 20
4.84908136
 30
0.0
 10
6.17125984
 20
-4.58333333
 30
0.0
 10
0.1312336
 20
-4.58333333
 30
0.0
 10
0.1312336
 20
-4.06167979
 30
0.0
 10
5.6496063
 20
-4.06167979
 30
0.0
 10
5.6496063
 20
4.33070866
 30
0.0
 10
-8.96653543
 20
4.33070866
 30
0.0
 10
-8.96653543
 20
4.89173228
 30
0.0
 10
5.62007874
 20
4.89501312
 30
0.0
 10
5.62335958
 20
31.19750656
 30
0.0
 10
-11.70603675
 20
31.2007874
 30
0.0
 10
-11.70603675
 20
30.70538058
 30
0.0
 10
-12.27362205
 20
30.70538058
 30
0.0
 10
-12.27362205
 20
31.23031496
 30
0.0
 10
-29.58661417
 20
31.23031496
 30
0.0
 10
-29.58661417
 20
-4.09448819
 30
0.0
 10
-24.03215223
 20
-4.09448819
 30
0.0
 10
-24.03215223
 20
-4.61614173
 30
0.0
 10
-30.10826772
 20
-4.61614173
 30
0.0
 10
-30.10498688
 20
31.7519685
 30
0.0
  0
LWPOLYLINE
  5
838
  8
walls
 62
256
370
-1
  6
BYLAYER
100
AcDbEntity
100
AcDbPolyline
 90
6
 70
1
 10
-7.50984252
 20
-1.11220472
 30
0.0
 10
-8.07414698
 20
-1.11220472
 30
0.0
 10
-8.07414698
 20
0.71194226
 30
0.0
 10
-9.01574803
 20
0.71194226
 30
0.0
 10
-9.01574803
 20
1.27624672
 30
0.0
 10
-7.50984252
 20
1.27624672
 30
0.0
  0
LWPOLYLINE
  5
839
  8
walls
 62
256
370
-1
  6
BYLAYER
100
AcDbEntity
100
AcDbPolyline
 90
5
 70
1
 10
-11.59120735
 20
4.88845144
 30
0.0
 10
-11.59120735
 20
4.18635171
 30
0.0
 10
-12.27690289
 20
4.18635171
 30
0.0
 10
-12.27362205
 20
28.08070866
 30
0.0
 10
-11.58792651
 20
28.08070866
 30
0.0
  0
TEXT
  5
83A
100
AcDbEntity
100
AcDbText
  8
texts
 62
256
370
-1
  6
BYLAYER
 10
-2.53851716
 20
0.79012468
 30
0.0
 40
0.65616798
  1
\U+0053\U+0074\U+0075\U+0064\U+0079
 50
0.0
 41
1.0
  7
STANDARD
 71
0
 72
1
 11
-1.53851716
 21
0.79012468
 31
0.0
100
AcDbText
 73
2
  0
INSERT
  5
83B
100
AcDbEntity
100
AcDbBlockReference
  8
doors
 62
256
370
-1
  6
BYLAYER
  2
W-0-0
 10
-1.18081726
 20
-4.34552842
 30
0.0
 41
0.001
 42
0.001
 43
1.0
 50
-179.99471612
 70
0
 71
0
  0
INSERT
  5
83C
100
AcDbEntity
100
AcDbBlockReference
  8
structure
 62
256
370
-1
  6
BYLAYER
  2
F-0-0
 10
-1.6816602
 20
2.74891733
 30
0.0
 41
0.001
 42
0.001
 43
1.0
 50
-0.00974028
 70
0
 71
0
  0
INSERT
  5
83D
100
AcDbEntity
100
AcDbBlockReference
  8
structure
 62
256
370
-1
  6
BYLAYER
  2
F-0-1
 10
-0.97358934
 20
1.00045932
 30
0.0
 41
0.001
 42
0.001
 43
1.0
 70
0
 71
0
  0
TEXT
  5
83E
100
AcDbEntity
100
AcDbText
  8
texts
 62
256
370
-1
  6
BYLAYER
 10
-4.68251312
 20
18.70377233
 30
0.0
 40
0.65616798
  1
\U+0041\U+0074\U+0074\U+0069\U+0063
 50
0.0
 41
1.0
  7
STANDARD
 71
0
 72
1
 11
-3.68251312
 21
18.70377233
 31
0.0
100
AcDbText
 73
2
  0
TEXT
  5
83F
100
AcDbEntity
100
AcDbText
  8
texts
 62
256
370
-1
  6
BYLAYER
 10
-3.37017717
 20
17.98198755
 30
0.0
 40
0.65616798
  1
\U+002f
 50
0.0
 41
1.0
  7
STANDARD
 71
0
 72
1
 11
-2.37017717
 21
17.98198755
 31
0.0
100
AcDbText
 73
2
  0
TEXT
  5
840
100
AcDbEntity
100
AcDbText
  8
texts
 62
256
370
-1
  6
BYLAYER
 10
-4.35442914
 20
17.26020277
 30
0.0
 40
0.65616798
  1
\U+004c\U+006f\U+0066\U+0074
 50
0.0
 41
1.0
  7
STANDARD
 71
0
 72
1
 11
-3.35442914
 21
17.26020277
 31
0.0
100
AcDbText
 73
2
  0
INSERT
  5
841
100
AcDbEntity
100
AcDbBlockReference
  8
doors
 62
256
370
-1
  6
BYLAYER
  2
W-1-1
 10
-10.28103266
 20
4.61146434
 30
0.0
 41
0.001
 42
0.001
 43
1.0
 50
-179.9842743
 70
0
 71
0
  0
INSERT
  5
842
100
AcDbEntity
100
AcDbBlockReference
  8
doors
 62
256
370
-1
  6
BYLAYER
  2
W-1-0
 10
-11.98907586
 20
29.39616386
 30
0.0
 41
0.001
 42
0.001
 43
1.0
 50
89.99528457
 70
0
 71
0
  0
TEXT
  5
843
100
AcDbEntity
100
AcDbText
  8
texts
 62
256
370
-1
  6
BYLAYER
 10
-13.0584642
 20
-1.03530174
 30
0.0
 40
0.65616798
  1
\U+0044\U+0065\U+006e
 50
0.0
 41
1.0
  7
STANDARD
 71
0
 72
1
 11
-12.0584642
 21
-1.03530174
 31
0.0
100
AcDbText
 73
2
  0
INSERT
  5
844
100
AcDbEntity
100
AcDbBlockReference
  8
doors
 62
256
370
-1
  6
BYLAYER
  2
W-2-0
 10
-10.32861086
 20
0.99605593
 30
0.0
 41
0.001
 42
0.001
 43
1.0
 50
-0.00023497
 70
0
 71
0
  0
INSERT
  5
845
100
AcDbEntity
100
AcDbBlockReference
  8
doors
 62
256
370
-1
  6
BYLAYER
  2
W-2-1
 10
-7.79294081
 20
-2.42733075
 30
0.0
 41
0.001
 42
0.001
 43
1.0
 50
-89.9996094
 70
0
 71
0
  0
INSERT
  5
846
100
AcDbEntity
100
AcDbBlockReference
  8
windows
 62
256
370
-1
  6
BYLAYER
  2
W-2-2
 10
-12.1273305
 20
-4.37898656
 30
0.0
 41
0.001
 42
0.001
 43
1.0
 50
-179.99953006
 70
0
 71
0
  0
INSERT
  5
847
100
AcDbEntity
100
AcDbBlockReference
  8
structure
 62
256
370
-1
  6
BYLAYER
  2
F-2-0
 10
-12.01249963
 20
-3.86856946
 30
0.0
 41
0.001
 42
0.001
 43
1.0
 70
0
 71
0
  0
TEXT
  5
848
100
AcDbEntity
100
AcDbText
  8
texts
 62
256
370
-1
  6
BYLAYER
 10
-22.56729002
 20
16.8489831
 30
0.0
 40
0.65616798
  1
\U+0041\U+0074\U+0074\U+0069\U+0063
 50
0.0
 41
1.0
  7
STANDARD
 71
0
 72
1
 11
-21.56729002
 21
16.8489831
 31
0.0
100
AcDbText
 73
2
  0
TEXT
  5
849
100
AcDbEntity
100
AcDbText
  8
texts
 62
256
370
-1
  6
BYLAYER
 10
-21.25495406
 20
16.12719832
 30
0.0
 40
0.65616798
  1
\U+002f
 50
0.0
 41
1.0
  7
STANDARD
 71
0
 72
1
 11
-20.25495406
 21
16.12719832
 31
0.0
100
AcDbText
 73
2
  0
TEXT
  5
84A
100
AcDbEntity
100
AcDbText
  8
texts
 62
256
370
-1
  6
BYLAYER
 10
-22.23920603
 20
15.40541355
 30
0.0
 40
0.65616798
  1
\U+004c\U+006f\U+0066\U+0074
 50
0.0
 41
1.0
  7
STANDARD
 71
0
 72
1
 11
-21.23920603
 21
15.40541355
 31
0.0
100
AcDbText
 73
2
  0
INSERT
  5
84B
100
AcDbEntity
100
AcDbBlockReference
  8
doors
 62
256
370
-1
  6
BYLAYER
  2
W-3-0
 10
-11.99801951
 20
2.87474594
 30
0.0
 41
0.001
 42
0.001
 43
1.0
 50
-90.0069028
 70
0
 71
0
  0
INSERT
  5
84C
100
AcDbEntity
100
AcDbBlockReference
  8
doors
 62
256
370
-1
  6
BYLAYER
  2
W-3-1
 10
-22.72065273
 20
-4.37837064
 30
0.0
 41
0.001
 42
0.001
 43
1.0
 50
179.9988389
 70
0
 71
0
  0
ENDSEC
  0
SECTION
  2
OBJECTS
  0
DICTIONARY
  5
C
100
AcDbDictionary
280
0
281
1
  3
ACAD_GROUP
350
D
  3
ACAD_LAYOUT
350
1A
  3
ACAD_MLINESTYLE
350
17
  3
ACAD_PLOTSETTINGS
350
19
  3
ACAD_PLOTSTYLENAME
350
E
  3
AcDbVariableDictionary
350
84D
  0
DICTIONARY
  5
D
100
AcDbDictionary
280
0
281
1
  0
ACDBDICTIONARYWDFLT
  5
E
100
AcDbDictionary
281
1
  3
Normal
350
F
100
AcDbDictionaryWithDefault
340
F
  0
ACDBPLACEHOLDER
  5
F
  0
DICTIONARY
  5
17
100
AcDbDictionary
280
0
281
1
  3
Standard
350
18
  0
MLINESTYLE
  5
18
100
AcDbMlineStyle
  2
STANDARD
 70
0
  3

 62
256
 51
90.0
 52
90.0
 71
2
 49
0.5
 62
256
  6
BYLAYER
 49
-0.5
 62
256
  6
BYLAYER
  0
DICTIONARY
  5
19
100
AcDbDictionary
280
0
281
1
  0
DICTIONARY
  5
1A
100
AcDbDictionary
281
1
  3
Layout1
350
1E
  3
Layout2
350
26
  3
Model
350
22
  0
LAYOUT
  5
1E
100
AcDbPlotSettings
  1

  2
none_device
  4

  6

 40
0.0
 41
0.0
 42
0.0
 43
0.0
 44
0.0
 45
0.0
 46
0.0
 47
0.0
 48
0.0
 49
0.0
140
0.0
141
0.0
142
1.0
143
1.0
 70
688
 72
0
 73
0
 74
5
  7

 75
16
147
1.0
148
0.0
149
0.0
100
AcDbLayout
  1
Layout1
 70
1
 71
1
 10
0.0
 20
0.0
 11
420.0
 21
297.0
 12
0.0
 22
0.0
 32
0.0
 14
100000000000000000000.0
 24
100000000000000000000.0
 34
100000000000000000000.0
 15
-100000000000000000000.0
 25
-100000000000000000000.0
 35
-100000000000000000000.0
146
0.0
 13
0.0
 23
0.0
 33
0.0
 16
1.0
 26
0.0
 36
0.0
 17
0.0
 27
1.0
 37
0.0
 76
0
330
1B
  0
LAYOUT
  5
22
100
AcDbPlotSettings
  1

  2
none_device
  4

  6

 40
0.0
 41
0.0
 42
0.0
 43
0.0
 44
0.0
 45
0.0
 46
0.0
 47
0.0
 48
0.0
 49
0.0
140
0.0
141
0.0
142
1.0
143
1.0
 70
1712
 72
0
 73
0
 74
0
  7

 75
0
147
1.0
148
0.0
149
0.0
100
AcDbLayout
  1
Model
 70
1
 71
0
 10
0.0
 20
0.0
 11
12.0
 21
9.0
 12
0.0
 22
0.0
 32
0.0
 14
0.0
 24
0.0
 34
0.0
 15
0.0
 25
0.0
 35
0.0
146
0.0
 13
0.0
 23
0.0
 33
0.0
 16
1.0
 26
0.0
 36
0.0
 17
0.0
 27
1.0
 37
0.0
 76
0
330
1F
  0
LAYOUT
  5
26
100
AcDbPlotSettings
  1

  2
none_device
  4

  6

 40
0.0
 41
0.0
 42
0.0
 43
0.0
 44
0.0
 45
0.0
 46
0.0
 47
0.0
 48
0.0
 49
0.0
140
0.0
141
0.0
142
1.0
143
1.0
 70
688
 72
0
 73
0
 74
5
  7

 75
16
147
1.0
148
0.0
149
0.0
100
AcDbLayout
  1
Layout2
 70
1
 71
2
 10
0.0
 20
0.0
 11
12.0
 21
9.0
 12
0.0
 22
0.0
 32
0.0
 14
0.0
 24
0.0
 34
0.0
 15
0.0
 25
0.0
 35
0.0
146
0.0
 13
0.0
 23
0.0
 33
0.0
 16
1.0
 26
0.0
 36
0.0
 17
0.0
 27
1.0
 37
0.0
 76
0
330
23
  0
DICTIONARY
  5
84D
100
AcDbDictionary
281
1
  3
DIMASSOC
350
84F
  3
HIDETEXT
350
84E
  0
DICTIONARYVAR
  5
84E
100
DictionaryVariables
280
0
  1
2
  0
DICTIONARYVAR
  5
84F
100
DictionaryVariables
280
0
  1
1
  0
ENDSEC
  0
EOF
